번호,수준,분야,주제,제목,지문,용어1,뜻1,용어2,뜻2,가운데,가지1 이름,가지1 내용,가지1 덧붙임,가지1 근거,가지2 이름,가지2 내용,가지2 덧붙임,가지2 근거,가지3 이름,가지3 내용,가지3 덧붙임,가지3 근거,가지4 이름,가지4 내용,가지4 덧붙임,가지4 근거,4번 문제,보기1,보기2,보기3,보기4,정답,4번 근거,해설,서술형
사회34-01,3~4학년,사회,방위로 길을 찾아요,방위로 길을 찾아요,"낯선 곳에서 길을 찾을 때 무엇이 필요할까? 바로 방향을 알려 주는 방위야. 방위는 동쪽, 서쪽, 남쪽, 북쪽의 네 방향을 말해. 이 네 방향을 기본 방위라고 불러.
지도에서는 보통 위쪽이 북쪽이야. 그래서 아래쪽은 남쪽, 오른쪽은 동쪽, 왼쪽은 서쪽이 되지. 지도 한쪽에 그려진 방위표를 보면 북쪽이 어디인지 정확히 알 수 있어.
밖에서 방위를 알고 싶을 때는 나침반을 쓰면 돼. 나침반의 바늘은 늘 북쪽을 가리키기 때문이야. 해를 보고 방위를 짐작할 수도 있어. 해는 동쪽에서 떠서 서쪽으로 지거든.
방위를 알면 친구에게 길을 설명하기도 쉬워져. “학교에서 북쪽으로 가면 도서관이 있어.”처럼 말이야. 오늘 우리 집에서 학교가 어느 쪽에 있는지 방위로 말해 볼까?",방위표,지도에서 방위를 알려 주는 표시,나침반,바늘이 북쪽을 가리켜 방향을 알려 주는 도구,방위,뜻,동서남북 네 방향을 {{기본 방위}}라고 함,,1,지도,보통 위쪽이 {{북쪽}},아래 남쪽 · 오른쪽 동쪽 · 왼쪽 서쪽,2,찾는 방법,해는 {{동쪽}}에서 떠서 서쪽으로 짐,나침반 바늘은 북쪽,3,쓰임,친구에게 길을 설명할 때 편리함,,4,지도에서 학교 바로 오른쪽에 공원이 있어. 공원은 학교의 어느 쪽에 있을까?,북쪽,남쪽,동쪽,서쪽,3,2,지도에서 오른쪽은 동쪽이다.,우리 집에서 학교까지 가는 길을 방위를 넣어 설명해 보세요.
사회34-02,3~4학년,사회,"지도의 약속, 기호와 범례","지도의 약속, 기호와 범례","지도에는 학교, 병원, 다리 같은 건물을 사진처럼 그리지 않아. 대신 간단한 그림이나 모양으로 나타내는데, 이것을 기호라고 해. 기호를 쓰면 좁은 지도에 많은 정보를 담을 수 있어.
기호는 그 장소의 특징을 떠올리기 쉽게 만들어. 예를 들어 학교는 깃발 모양으로, 온천은 김이 나는 모양으로 나타내. 그래서 처음 보는 기호도 뜻을 짐작할 수 있지.
그래도 기호의 뜻이 헷갈릴 때가 있어. 그럴 때는 지도 한쪽에 있는 범례를 보면 돼. 범례에는 지도에 쓰인 기호와 그 뜻이 정리되어 있어.
기호와 범례를 알면 지도를 읽는 힘이 커져. 지도 속 기호만 보고도 어디에 무엇이 있는지 알 수 있거든. 우리 동네 지도를 펴고 기호를 하나씩 찾아볼까?",기호,어떤 뜻을 나타내려고 쓰는 간단한 그림이나 모양,특징,다른 것과 구별되는 점,지도의 기호,뜻,장소를 간단한 그림이나 {{모양}}으로 나타냄,좁은 지도에 많은 정보를 담음,1,예,학교는 {{깃발}} 모양,온천은 김이 나는 모양,2,범례,기호와 그 {{뜻}}을 정리한 것,,3,,,,,지도에서 처음 보는 기호를 발견했어. 글에 따르면 가장 먼저 할 일은?,범례에서 기호의 뜻을 찾는다,기호를 사진으로 바꾼다,방위표를 지운다,지도를 거꾸로 든다,1,3,범례에는 지도에 쓰인 기호와 뜻이 정리되어 있다.,우리 교실의 물건 하나를 기호로 만든다면 어떤 모양으로 나타낼지 까닭과 함께 써 보세요.
사회34-03,3~4학년,사회,땅 이름에 숨은 이야기,땅 이름에 숨은 이야기,"우리 동네 이름에는 어떤 뜻이 숨어 있을까? 땅의 이름을 지명이라고 해. 많은 지명에는 그곳의 자연환경이나 옛날 사람들의 생활 모습이 담겨 있어.
자연환경을 보고 지은 지명이 많아. 예를 들어 ‘밤나무골’은 밤나무가 많은 골짜기라는 뜻이야. ‘모래내’는 모래가 많은 냇물이 흐르던 곳에서 생긴 이름이지.
옛날에 하던 일이나 시설에서 나온 지명도 있어. 말을 갈아타던 역이 있던 곳은 ‘역말’이라고 불렸어. 배가 오가던 나루터가 있던 곳에는 ‘나루’가 들어간 이름이 붙기도 했어.
지명을 알면 그 고장의 옛 모습을 짐작할 수 있어. 지명은 고장의 역사를 품은 이름표인 셈이야. 우리 고장의 지명에는 어떤 이야기가 담겨 있는지 알아볼까?",골짜기,산과 산 사이에 움푹 들어간 곳,나루터,배가 사람이나 짐을 싣고 건너다니는 곳,지명,자연환경,밤나무가 많은 골짜기 → {{밤나무골}},모래가 많은 냇물 → 모래내,2,옛 생활,말을 갈아타던 역이 있던 곳 → {{역말}},,3,의미,고장의 {{역사}}를 품은 이름표,,4,,,,,‘샘골’이라는 마을 이름을 보고 짐작할 수 있는 것은?,샘이 있는 골짜기였을 것이다,큰 시장이 있었을 것이다,바닷가 마을이었을 것이다,공장이 많았을 것이다,1,2,자연환경을 보고 지은 지명처럼 샘이 있는 골짜기라는 뜻을 짐작할 수 있다.,우리 동네나 학교 이름의 뜻을 조사하거나 짐작해서 써 보세요.
사회34-04,3~4학년,사회,교통수단은 어떻게 바뀌었을까,교통수단은 어떻게 바뀌었을까,"옛날 사람들은 먼 곳에 갈 때 무엇을 탔을까? 아주 옛날에는 주로 걸어 다녔고, 말이나 가마를 타기도 했어. 강을 건널 때는 나룻배를 이용했지.
시간이 흐르면서 교통수단은 크게 바뀌었어. 기차와 자동차가 생기자 사람들은 더 빠르게, 더 멀리 갈 수 있게 되었어. 무거운 짐도 한꺼번에 많이 옮길 수 있게 되었지.
오늘날에는 비행기를 타고 다른 나라에 하루 만에 갈 수 있어. 빠른 고속 열차 덕분에 먼 도시도 몇 시간이면 닿아. 교통이 발달하자 사람들의 생활 범위도 넓어졌어.
하지만 자동차가 많아지면서 길이 막히고 매연이 늘어나는 문제도 생겼어. 그래서 요즘은 전기로 달리는 자동차처럼 환경을 덜 해치는 교통수단을 만들고 있어. 앞으로 교통수단은 어떻게 바뀔까?",나룻배,강을 건너는 데 쓰는 작은 배,매연,자동차 등에서 나오는 검은 연기,교통수단,옛날,걷거나 말이나 {{가마}}를 탐,강은 나룻배로,1,발달,기차와 {{자동차}}로 더 빠르게,,2,좋은 점,사람들의 생활 {{범위}}가 넓어짐,,3,문제와 노력,길 막힘과 매연 → 전기 자동차,,4,교통수단이 발달해서 생긴 변화로 알맞지 않은 것은?,먼 곳까지 빨리 갈 수 있다,무거운 짐을 많이 옮길 수 있다,다른 나라에 하루 만에 갈 수 있다,길이 막히는 일이 전혀 없다,4,4,자동차가 많아지면서 길이 막히는 문제도 생겼다.,"앞으로 생기면 좋을 교통수단을 상상하고, 어떤 문제를 해결해 줄지 써 보세요."
사회34-05,3~4학년,사회,소식을 전하는 방법의 변화,소식을 전하는 방법의 변화,"멀리 있는 사람에게 소식을 어떻게 전할까? 소식이나 생각을 주고받는 데 쓰는 수단을 통신수단이라고 해. 지금은 휴대 전화로 바로 연락하지만, 옛날에는 훨씬 어려웠어.
옛날에는 사람이 직접 편지를 들고 먼 길을 걸어갔어. 급한 소식은 봉수로 전했는데, 산 위에서 불과 연기를 피워 신호를 보냈지. 낮에는 연기로, 밤에는 불빛으로 알렸어.
그 뒤 전화와 우편 제도가 생기면서 소식을 더 빠르고 쉽게 전하게 되었어. 오늘날에는 인터넷과 스마트폰으로 글, 사진, 영상을 세계 어디로든 바로 보낼 수 있어.
통신수단이 발달해 편리해졌지만 조심할 점도 있어. 확인되지 않은 소식이 빠르게 퍼지기도 하고, 얼굴을 보며 이야기하는 시간이 줄기도 해. 편리한 만큼 바르게 써야겠지?",봉수,불과 연기로 급한 소식을 알리던 옛날 방법,우편,편지나 물건을 전해 주는 일,통신수단,뜻,소식이나 생각을 주고받는 {{수단}},,1,옛날,"낮에는 {{연기}}, 밤에는 불빛으로 신호",편지는 사람이 직접 전함,2,오늘날,인터넷과 {{스마트폰}}으로 바로 보냄,,3,조심할 점,확인되지 않은 소식이 빠르게 퍼짐,,4,옛날에 깜깜한 밤에 급한 소식을 산 위에서 알린다면 무엇을 썼을까?,연기,불빛,편지,휴대 전화,2,2,"봉수는 낮에는 연기로, 밤에는 불빛으로 알렸다.",통신수단을 바르게 쓰기 위해 내가 지킬 약속 두 가지를 써 보세요.
사회34-06,3~4학년,사회,촌락과 도시,촌락과 도시,"우리가 사는 곳은 크게 촌락과 도시로 나눌 수 있어. 촌락은 자연환경을 이용해 농사를 짓거나 고기를 잡는 사람이 많은 곳이야. 도시는 사람과 건물이 많이 모여 있는 곳이지.
촌락에는 농촌, 어촌, 산지촌이 있어. 농촌에서는 논밭에서 곡식과 채소를 기르고, 어촌에서는 바다에서 물고기를 잡아. 산지촌에서는 산나물을 캐거나 버섯을 기르기도 해.
도시에는 회사, 상점, 병원 같은 시설이 많아. 그래서 많은 사람이 회사나 가게에서 일을 해. 교통이 편리하지만 집값이 비싸고 길이 자주 막히기도 해.
촌락과 도시는 서로 도우며 살아가. 촌락은 도시에 먹을거리를 보내고, 도시는 촌락에 공산품과 여러 서비스를 제공해. 서로 없어서는 안 될 이웃인 셈이야.",공산품,공장에서 만든 물건,시설,어떤 목적에 쓰려고 만든 건물이나 장치,촌락과 도시,촌락,자연환경을 이용해 {{농사}}를 짓거나 고기를 잡음,,1,촌락의 종류,농촌 · {{어촌}} · 산지촌,,2,도시,"회사, 상점, {{병원}} 같은 시설이 많음","교통은 편리, 길은 자주 막힘",3,관계,서로 돕는 이웃,"촌락은 먹을거리, 도시는 공산품",4,바닷가 마을에서 많은 사람이 하는 일로 알맞은 것은?,논에서 벼를 기른다,바다에서 물고기를 잡는다,산에서 버섯을 기른다,회사에서 물건을 판다,2,2,바닷가에 있는 어촌에서는 바다에서 물고기를 잡는다.,촌락과 도시가 서로 돕는 예를 하나 들어 써 보세요.
사회34-07,3~4학년,사회,생산과 소비,생산과 소비,"아침에 먹은 빵은 어디에서 왔을까? 누군가 밀을 기르고, 누군가 빵을 구웠기 때문에 우리가 먹을 수 있어. 이렇게 필요한 물건을 만들거나 도움을 주는 일을 생산이라고 해.
생산에는 물건을 만드는 일뿐 아니라 서비스를 제공하는 일도 있어. 의사가 아픈 사람을 치료하고, 선생님이 학생을 가르치는 것도 생산 활동이야.
생산한 것을 사서 쓰는 일은 소비라고 해. 가게에서 연필을 사거나 미용실에서 머리를 자르는 것이 모두 소비야. 우리는 누구나 날마다 소비를 하며 살아가.
생산과 소비는 서로 이어져 있어. 사람들이 물건을 사면 그 돈으로 다시 물건을 만들 수 있거든. 필요 없는 물건을 많이 사면 돈도 낭비되고 쓰레기도 늘어나거든. 그래서 꼭 필요한 것을 알맞게 사는 현명한 소비가 중요해.",서비스,물건이 아닌 도움이나 일을 해 주는 것,현명한,생각이 깊고 판단이 바른,생산과 소비,생산,물건을 만들거나 도움을 주는 일,,1,생산의 예,의사가 아픈 사람을 {{치료}}함,선생님이 가르치는 일도 생산,2,소비의 예,가게에서 {{연필}}을 사서 씀,,3,관계,꼭 필요한 것을 알맞게 사는 현명한 {{소비}},,4,다음 중 생산 활동이 아닌 것은?,농부가 쌀을 기른다,제빵사가 빵을 굽는다,버스 기사가 손님을 태워 준다,내가 문구점에서 공책을 산다,4,3,물건을 사서 쓰는 일은 소비이다.,"최근에 내가 한 소비를 떠올리고, 현명한 소비였는지 까닭과 함께 써 보세요."
사회34-08,3~4학년,사회,사과가 우리 집에 오기까지,사과가 우리 집에 오기까지,"시장에서 산 사과는 어떻게 우리 동네까지 왔을까? 과수원에서 딴 사과는 여러 단계를 거쳐 우리에게 와. 이렇게 물건이 만든 곳에서 사는 사람에게 옮겨지는 과정을 유통이라고 해.
먼저 과수원에서 딴 사과는 상자에 담겨 도매 시장으로 가. 도매 시장에서는 많은 양의 물건을 한꺼번에 사고팔아. 이곳에서 가게 주인들이 사과를 사 가지.
가게로 옮겨진 사과는 소비자에게 팔려. 이 과정에서 트럭이 사과를 나르고, 창고에서 신선하게 보관해. 많은 사람의 일이 모여야 사과 한 개가 우리 식탁에 오르는 거야.
요즘은 인터넷으로 주문하면 집 앞까지 물건이 배달되기도 해. 유통 방법이 다양해지면서 우리는 더 편리하게 물건을 살 수 있게 되었어.",도매 시장,물건을 많이 한꺼번에 사고파는 시장,소비자,물건을 사서 쓰는 사람,유통,뜻,물건이 사는 사람에게 옮겨지는 {{과정}},,1,단계,과수원 → 도매 시장 → {{가게}},,2,돕는 일,{{트럭}}이 나르고 창고에서 보관,,3,오늘날,"인터넷 주문, 집 앞 배달",,4,인터넷으로 산 책이 집에 도착하기까지 일어나는 일로 알맞지 않은 것은?,창고에 보관한다,차에 실어 나른다,집 앞까지 배달한다,책을 처음부터 다시 만든다,4,3,유통은 만든 물건을 옮기고 보관하고 전하는 과정이다.,"우리 집 식탁에 오른 음식 하나를 골라, 어떤 과정을 거쳐 왔을지 상상해서 써 보세요."
사회34-09,3~4학년,사회,모두를 위해 일하는 공공기관,모두를 위해 일하는 공공기관,"길을 잃은 아이를 도와주는 곳, 불이 났을 때 달려오는 곳은 어디일까? 바로 경찰서와 소방서야. 이렇게 주민 모두를 위해 일하는 곳을 공공기관이라고 해.
공공기관은 저마다 하는 일이 달라. 경찰서는 주민의 안전을 지키고, 소방서는 불을 끄고 위급한 사람을 구해. 행정복지센터에서는 필요한 서류를 떼어 주고 주민의 생활을 도와줘. 위급할 때는 경찰은 112, 소방은 119로 전화하면 돼.
도서관과 보건소도 공공기관이야. 도서관에서는 누구나 책을 빌려 볼 수 있고, 보건소에서는 예방 접종을 하거나 건강 상담을 해 줘.
공공기관은 주민이 낸 세금으로 운영돼. 그래서 특정한 사람이 아니라 모든 주민을 위해 일해. 우리가 공공기관을 아끼고 바르게 이용해야 하는 까닭이지.",행정복지센터,주민 생활에 필요한 일을 돕는 동네 공공기관,예방 접종,병에 걸리지 않도록 미리 주사를 맞는 것,공공기관,뜻,주민 {{모두}}를 위해 일하는 곳,,1,안전,경찰서와 {{소방서}},,2,생활 도움,누구나 책을 빌리는 {{도서관}},보건소는 건강 상담,3,운영,주민이 낸 세금으로 운영,,4,동생이 예방 접종을 하러 가야 해. 갈 수 있는 공공기관은?,경찰서,소방서,보건소,도서관,3,3,보건소에서는 예방 접종과 건강 상담을 한다.,우리 동네에 새로 생기면 좋을 공공기관과 그 까닭을 써 보세요.
사회34-10,3~4학년,사회,"우리 동네 문제, 우리가 함께","우리 동네 문제, 우리가 함께","우리 동네 놀이터의 미끄럼틀이 부서졌다면 어떻게 해야 할까? 이렇게 지역에서 생기는 문제를 지역 문제라고 해. 길이 깨져 있거나 가로등이 꺼져 있는 것도 지역 문제야. 지역 문제는 그 지역에 사는 주민이 함께 해결해 나가.
지역 문제를 해결하려면 먼저 무엇이 문제인지 정확히 알아야 해. 그다음 문제가 생긴 까닭을 찾고, 여러 해결 방법을 생각해. 주민들이 모여 의견을 나누는 회의를 열기도 해.
주민이 해결하기 어려운 문제는 시청이나 구청에 알려 도움을 요청할 수 있어. 누리집에 의견을 올리거나 주민 회의에서 건의하는 방법이 있어.
이렇게 주민이 지역 일에 관심을 갖고 함께하는 것을 주민 참여라고 해. 작은 의견 하나가 우리 동네를 더 살기 좋은 곳으로 바꿀 수 있어.",건의,의견이나 바라는 것을 내놓음,누리집,인터넷 홈페이지,지역 문제 해결,지역 문제,지역에서 생기는 문제를 {{주민}}이 함께 해결,,1,해결 순서,문제 확인 → {{까닭}} 찾기 → 방법 생각,,2,도움 요청,{{시청}}이나 구청에 알림,,3,주민 참여,지역 일에 관심 갖고 함께하기,,4,학교 앞 횡단보도 신호가 너무 짧아 위험하다는 의견이 많아. 글을 바탕으로 가장 알맞은 행동은?,그냥 참고 다닌다,친구들끼리만 불평한다,구청 누리집에 의견을 올린다,신호등을 직접 고친다,3,3,주민이 해결하기 어려운 문제는 시청이나 구청에 알려 도움을 요청한다.,우리 학교나 동네의 문제 하나를 골라 해결 방법을 제안해 보세요.
사회34-11,3~4학년,사회,가족의 모습은 다양해요,가족의 모습은 다양해요,"가족의 모습은 모두 같을까? 그렇지 않아. 부모와 자녀가 함께 사는 가족도 있고, 할머니, 할아버지와 함께 사는 가족도 있어. 한 부모와 사는 가족, 입양으로 이룬 가족도 있지.
다른 나라에서 온 사람과 결혼해 이룬 다문화 가족도 늘고 있어. 이런 가족은 두 나라의 말과 음식, 문화를 함께 누리기도 해. 명절에 두 나라의 전통 음식을 함께 만들어 먹는 가족도 있어.
가족의 모습은 달라도 서로 사랑하고 돌보는 마음은 같아. 함께 밥을 먹고, 힘든 일을 나누고, 기쁜 일을 축하하며 서로에게 힘이 되어 주지.
그래서 가족의 모습이 나와 다르다고 이상하게 여기면 안 돼. 친구가 가족 이야기를 할 때는 귀 기울여 들어 주자. 다양한 가족을 존중하는 마음이 모두가 행복한 사회를 만들어.",입양,낳지 않은 아이를 법에 따라 자녀로 맞아들임,존중,높이어 귀하게 대함,다양한 가족,여러 모습,"{{할머니}}, 할아버지와 함께 사는 가족","한 부모 가족, 입양 가족",1,다문화 가족,"두 나라의 말과 음식, {{문화}}를 함께 누림",,2,같은 점,서로 사랑하고 돌보는 {{마음}},,3,우리의 태도,다양한 가족을 존중하기,,4,친구가 “우리 집은 할머니와 둘이 살아.”라고 말했어. 글의 내용에 맞게 대답한 것은?,“가족은 엄마 아빠가 꼭 있어야 해.”,"“그렇구나, 할머니와 서로 아끼며 지내는구나.”",“가족이 이상하네.”,“가족 이야기는 하지 마.”,2,4,가족의 모습은 달라도 존중해야 한다.,가족이나 가까운 사람이 서로를 돌보는 모습을 한 가지 떠올려 써 보세요.
사회34-12,3~4학년,사회,세계 여러 나라의 인사법,세계 여러 나라의 인사법,"우리는 웃어른을 만나면 고개를 숙여 인사해. 그런데 세계 여러 나라의 인사법은 저마다 달라. 인사법에는 그 나라 사람들의 생활과 문화가 담겨 있어.
서양의 많은 나라에서는 손을 맞잡고 흔드는 악수를 해. 태국에서는 두 손을 가슴 앞에 모으고 고개를 숙이는 ‘와이’라는 인사를 하지. 뉴질랜드의 마오리족은 서로 코를 맞대며 인사하기도 해.
인사법이 다른 까닭은 나라마다 살아온 환경과 생각이 다르기 때문이야. 같은 몸짓도 나라에 따라 다른 뜻이 될 수 있어. 어떤 나라에서는 고개를 끄덕이는 몸짓이 ‘아니요’라는 뜻이기도 해.
그래서 다른 나라 사람을 만날 때는 그 나라의 문화를 알고 존중하는 태도가 필요해. 인사법이 달라도 반가운 마음을 전한다는 점은 모두 같아.",웃어른,나이나 지위가 자기보다 높은 사람,태도,어떤 일을 대하는 마음가짐이나 자세,세계의 인사법,우리나라,{{고개}}를 숙여 인사,,1,여러 나라,"서양은 {{악수}}, 태국은 와이",마오리족은 코를 맞댐,2,다른 까닭,살아온 {{환경}}과 생각이 다름,,3,같은 점,반가운 마음을 전함,,4,태국에서 온 친구에게 친구 나라의 인사법으로 인사하려면?,손을 맞잡고 흔든다,두 손을 가슴 앞에 모으고 고개를 숙인다,서로 코를 맞댄다,손을 머리 위로 크게 흔든다,2,2,태국의 인사 ‘와이’는 두 손을 가슴 앞에 모으고 고개를 숙인다.,"우리 반만의 새로운 인사법을 만든다면 어떤 몸짓으로 할지, 그 뜻과 함께 써 보세요."
사회34-13,3~4학년,사회,날씨에 맞춘 옷과 음식과 집,날씨에 맞춘 옷과 음식과 집,"더운 곳과 추운 곳에 사는 사람들의 생활은 어떻게 다를까? 사람들은 자기가 사는 곳의 자연환경에 맞추어 옷을 입고, 음식을 먹고, 집을 지어. 옷과 음식과 집을 의식주라고 해.
더운 지역 사람들은 바람이 잘 통하는 얇은 옷을 입어. 집은 바닥을 땅에서 띄워 짓기도 하는데, 그래야 습기와 열기를 피할 수 있거든.
추운 지역 사람들은 털이나 가죽으로 만든 두꺼운 옷을 입어. 집은 벽을 두껍게 하고 창문을 작게 만들어 찬 바람을 막아. 몸을 따뜻하게 하는 기름진 음식을 즐겨 먹기도 해.
우리나라도 사계절에 맞추어 생활해. 여름에는 시원한 모시옷을 입고, 겨울을 앞두고는 김치를 많이 담가 두고 먹었어. 의식주에는 자연과 어울려 살아온 지혜가 담겨 있어.",습기,축축한 기운,모시,시원한 옷감으로 쓰이는 천,자연환경과 의식주,뜻,옷과 음식과 집 = {{의식주}},,1,더운 지역,{{바닥}}을 땅에서 띄운 집,바람이 잘 통하는 얇은 옷,2,추운 지역,털이나 {{가죽}}으로 만든 두꺼운 옷,"두꺼운 벽, 작은 창문",3,우리나라,사계절에 맞춘 생활,,4,1년 내내 덥고 비가 많이 오는 마을의 집으로 알맞은 것은?,벽이 아주 두껍고 창문이 작은 집,바닥을 땅에서 띄우고 바람이 잘 통하는 집,눈을 다져 만든 집,창문이 하나도 없는 집,2,2,더운 지역에서는 습기와 열기를 피하려고 바닥을 띄운 집을 짓기도 한다.,우리 집이나 학교에서 계절에 맞추어 생활하는 모습을 찾아 써 보세요.
사회34-14,3~4학년,사회,세금은 어디에 쓰일까,세금은 어디에 쓰일까,"우리가 매일 걷는 길과 다니는 학교는 누가 만들었을까? 나라와 지방 자치 단체가 만들고 관리해. 그 돈은 국민이 내는 세금에서 나와.
세금은 나라 살림에 필요한 돈을 국민이 나누어 내는 거야. 어른들은 번 돈의 일부를 세금으로 내고, 우리도 물건을 살 때 물건값에 들어 있는 세금을 내. 이렇게 모인 세금이 나라 살림의 바탕이 돼.
세금은 모두를 위한 곳에 쓰여. 도로와 다리를 만들고, 학교와 도서관을 운영하고, 어려운 이웃을 돕는 데도 쓰이지. 경찰관과 소방관이 일하는 데에도 세금이 필요해.
그래서 세금은 정직하게 내야 하고, 나라는 세금을 꼭 필요한 곳에 알맞게 써야 해. 공공시설을 아껴 쓰는 것도 세금을 소중히 여기는 방법이야.",지방 자치 단체,시청이나 군청처럼 지역의 살림을 맡은 곳,살림,나라나 집안의 돈을 꾸려 가는 일,세금,뜻,{{국민}}이 나누어 내는 나라 살림 돈,,1,내는 방법,물건을 살 때 {{물건값}}에 들어 있음,,2,쓰이는 곳,"도로와 {{다리}}, 학교와 도서관",어려운 이웃 돕기,3,우리의 태도,공공시설 아껴 쓰기,,4,다음 중 세금으로 하는 일이 아닌 것은?,공원을 고친다,소방차를 산다,도서관 책을 산다,내 생일 선물을 산다,4,3,세금은 모두를 위한 곳에 쓰인다.,우리가 낸 세금이 어디에 쓰이면 좋을지 하나 골라 까닭과 함께 써 보세요.
사회34-15,3~4학년,사회,"모두가 편한 거리, 점자 블록","모두가 편한 거리, 점자 블록","길을 걷다가 바닥에 노란색 울퉁불퉁한 블록을 본 적 있니? 이것은 점자 블록이야. 눈이 잘 보이지 않는 사람이 발로 느끼며 길을 안전하게 걸을 수 있게 도와줘.
점자 블록에는 두 가지가 있어. 긴 막대 모양은 앞으로 쭉 가라는 뜻이고, 동그란 점 모양은 멈추거나 방향을 바꾸라는 뜻이야. 그래서 점자 블록 위에 자전거나 물건을 두면 안 돼.
우리 주변에는 모두가 편하게 생활하도록 돕는 시설이 많아. 휠체어를 탄 사람을 위한 경사로와 엘리베이터, 소리로 신호를 알려 주는 신호등이 그 예야.
이런 시설은 장애가 있는 사람뿐 아니라 유모차를 끄는 사람, 다리를 다친 사람에게도 도움이 돼. 모두를 위한 시설을 아끼고, 그 앞을 막지 않는 배려가 필요해.",경사로,계단 대신 비스듬하게 만든 길,배려,도와주거나 보살펴 주려고 마음을 씀,모두를 위한 시설,점자 블록,발로 느끼며 {{안전}}하게 걷도록 도움,,1,모양의 뜻,긴 {{막대}} 모양은 앞으로 가라는 뜻,동그란 점 모양은 멈춤,2,여러 시설,{{휠체어}}를 탄 사람을 위한 경사로,소리 신호등,3,모두에게 도움,"유모차, 다친 사람에게도 도움",,4,점자 블록이 동그란 점 모양으로 바뀌는 곳에서 눈이 불편한 사람은 어떻게 할까?,그대로 빨리 걷는다,멈추거나 방향을 바꾼다,뒤로 돌아간다,뛰어간다,2,2,동그란 점 모양은 멈추거나 방향을 바꾸라는 뜻이다.,우리 학교에 모두가 편하게 생활하도록 돕는 시설을 하나 더 만든다면 무엇을 만들지 써 보세요.
사회56-01,5~6학년,사회,"우리 땅, 우리 바다, 우리 하늘","우리 땅, 우리 바다, 우리 하늘","한 나라의 힘이 미치는 범위를 영역이라고 해. 영역은 땅인 영토, 바다인 영해, 하늘인 영공으로 이루어져 있어. 다른 나라는 우리의 허락 없이 우리 영역에 함부로 들어올 수 없어.
우리나라의 영토는 한반도와 그에 딸린 섬들이야. 한반도는 아시아 대륙의 동쪽 끝에 있고, 삼면이 바다로 둘러싸인 반도야. 그래서 대륙과 바다로 모두 나아가기 좋은 위치에 있어. 예로부터 바다를 통해 다른 나라와 활발하게 교류하기도 했어.
영해는 해안선에서 일정한 거리까지의 바다를 말해. 우리나라는 대부분의 바다에서 12해리까지를 영해로 정했어. 영해 안에서는 우리나라가 물고기를 잡거나 자원을 개발할 권리를 가져.
영공은 영토와 영해의 위쪽 하늘이야. 다른 나라의 비행기가 영공을 지나가려면 허락을 받아야 해. 하늘에도 나라와 나라 사이의 약속이 있는 셈이지. 우리 영공을 지키기 위해 공군이 늘 하늘을 살피고 있어.
영역은 나라를 이루는 중요한 바탕이야. 우리 영역을 소중히 여기고 지키는 일은 국민 모두의 몫이야. 독도처럼 멀리 떨어진 섬도 우리 영토로서 소중히 지켜야 해.",반도,삼면이 바다로 둘러싸이고 한 면은 육지에 이어진 땅,해리,바다에서 거리를 잴 때 쓰는 단위,영역,영토,한반도와 그에 딸린 {{섬}}들,,2,영해,해안선에서 일정 거리까지의 {{바다}},대부분 12해리,3,영공,영토와 영해 위의 {{하늘}},다른 나라 비행기는 허락 필요,4,의미,나라를 이루는 중요한 바탕,,5,다른 나라의 여객기가 우리나라 위를 지나가려고 해. 글에 따르면 어떻게 해야 할까?,아무 때나 지나가도 된다,우리나라의 허락을 받아야 한다,바다 위로만 날면 된다,밤에만 지나가면 된다,2,4,영공은 영토와 영해 위의 하늘이라 지나가려면 허락이 필요하다.,우리 영역을 지키기 위해 학생인 내가 할 수 있는 일을 써 보세요.
사회56-02,5~6학년,사회,"계절마다 바뀌는 바람, 계절풍","계절마다 바뀌는 바람, 계절풍","우리나라는 여름에는 덥고 비가 많이 오고, 겨울에는 춥고 건조해. 이렇게 계절에 따라 날씨가 크게 달라지는 데에는 바람이 큰 역할을 해. 계절에 따라 방향이 바뀌는 바람을 계절풍이라고 해.
여름에는 바다 쪽에서 덥고 습한 바람이 불어와. 이 바람은 남쪽의 넓은 바다에서 수증기를 잔뜩 머금고 오기 때문에 비를 많이 내리게 해. 그래서 우리나라 비는 여름에 많이 내려.
겨울에는 대륙 쪽에서 차고 건조한 바람이 불어와. 북서쪽의 차가운 대륙에서 불어오는 바람이라 몹시 춥지. 이 바람 때문에 겨울에는 눈이 오기도 하고 하늘이 맑은 날이 많아. 추운 날이 사흘쯤 이어지다 조금 풀리는 날이 나흘쯤 이어지는 것을 삼한사온이라고 불러.
여름이 시작될 무렵에는 장마가 찾아와. 장마는 여러 날 동안 비가 계속 내리는 시기야. 장마가 끝나면 무더위가 이어지고, 늦여름에는 태풍이 찾아오기도 해.
계절풍은 사람들의 생활에도 영향을 주었어. 옛날 사람들은 여름 비를 이용해 벼농사를 지었고, 겨울바람을 막으려고 집을 남쪽을 향하게 지었어. 또 겨울을 앞두고 김장을 해서 채소가 귀한 계절을 대비했지.",수증기,물이 증발해 기체가 된 것,장마,여름에 여러 날 동안 계속 내리는 비,계절풍,뜻,계절에 따라 {{방향}}이 바뀌는 바람,,1,여름,바다 쪽에서 덥고 {{습한}} 바람,비가 많이 내림,2,겨울,{{대륙}} 쪽에서 차고 건조한 바람,,3,생활,"여름 비로 벼농사, 남향집",,5,어느 마을 사람들이 겨울바람을 덜 맞으려고 집을 지으려 해. 글의 내용으로 보아 알맞은 방법은?,북서쪽에 큰 창문을 낸다,집을 남쪽을 향하게 짓는다,지붕을 아주 얇게 만든다,집 둘레의 나무를 모두 벤다,2,3,겨울에는 북서쪽 대륙에서 찬 바람이 불어오므로 남쪽을 향해 집을 짓는다.,계절풍이 우리 생활에 주는 좋은 점과 어려운 점을 하나씩 써 보세요.
사회56-03,5~6학년,사회,사람들은 어디에 모여 살까,사람들은 어디에 모여 살까,"우리나라 사람들은 나라 곳곳에 고르게 살고 있을까? 그렇지 않아. 사람들이 어떤 지역에 얼마나 모여 사는지를 인구 분포라고 하는데, 우리나라의 인구 분포는 고르지 않아.
옛날에는 농사짓기 좋은 평야에 사람이 많이 살았어. 땅이 넓고 물을 얻기 쉬운 곳이 살기 좋았기 때문이야. 반대로 산이 많고 땅이 험한 곳에는 사람이 적게 살았지. 강이 가까운 평야에서는 물을 끌어와 논농사를 짓기도 쉬웠어.
공업이 발달하면서 사람들은 일자리를 찾아 도시로 옮겨 갔어. 특히 서울과 그 주변인 수도권에 많은 사람이 모여 살게 되었어. 이렇게 사람이 도시로 몰리는 현상을 도시화라고 해.
사람이 한곳에 너무 많이 모이면 문제가 생겨. 도시는 집이 부족하고 길이 막히는 반면, 촌락은 일할 사람이 부족하고 빈집이 늘어나. 학교가 문을 닫는 마을도 생겨. 병원이나 가게가 멀어 생활이 불편해지기도 하지.
그래서 나라에서는 여러 지역이 고르게 발전하도록 노력하고 있어. 공공기관을 지방으로 옮기거나 지역마다 특색 있는 산업을 키우는 것이 그 예야.",험한,땅이 거칠고 다니기 어려운,수도권,서울과 그 주변 지역,인구 분포,옛날,농사짓기 좋은 {{평야}}에 많이 삶,,2,오늘날,일자리를 찾아 {{도시}}로 이동,도시화,3,문제,"도시는 집 부족, 촌락은 {{일할}} 사람 부족",,4,노력,"공공기관 지방 이전, 지역 산업",,5,어느 시골 마을에 젊은 사람이 줄어 걱정이야. 글의 내용으로 볼 때 도움이 될 방법은?,마을 학교를 모두 닫는다,그 지역에 특색 있는 산업과 일자리를 만든다,모든 사람을 수도권으로 옮긴다,도로를 없앤다,2,5,지역마다 특색 있는 산업을 키우면 일자리가 생겨 사람이 모일 수 있다.,우리 지역이 더 살기 좋은 곳이 되려면 무엇이 필요할지 써 보세요.
사회56-04,5~6학년,사회,"누구나 누려야 할 권리, 인권","누구나 누려야 할 권리, 인권","사람이라면 누구나 태어날 때부터 가지는 권리가 있어. 이것을 인권이라고 해. 인권은 나이, 성별, 피부색, 사는 곳과 상관없이 모든 사람에게 똑같이 주어져.
인권에는 여러 가지가 있어. 안전하게 살 권리, 자유롭게 생각하고 말할 권리, 교육을 받을 권리, 차별받지 않을 권리가 모두 인권이야. 우리가 학교에서 공부하는 것도 인권을 누리는 모습이지. 아플 때 치료받을 권리, 쉬고 놀 권리도 어린이에게 꼭 필요한 인권이야.
옛날에는 신분이나 성별 때문에 인권을 누리지 못한 사람이 많았어. 이런 일을 막으려고 세계의 여러 나라는 1948년에 세계 인권 선언을 발표했어. 이 선언은 모든 사람이 존엄하고 평등하다고 밝혔어.
인권은 나만 누리는 것이 아니야. 내 인권이 소중한 만큼 다른 사람의 인권도 소중해. 친구를 놀리거나 따돌리는 것은 친구의 인권을 해치는 일이야. 내가 싫은 일은 다른 사람도 싫어한다는 것을 기억하자.
인권을 지키려면 법과 제도도 필요하지만, 서로를 존중하는 마음이 가장 중요해. 우리 반에서 인권을 지키는 작은 약속을 만들어 보면 어떨까?",존엄,높고 귀하여 함부로 할 수 없음,신분,사회에서 정해진 사람의 지위,인권,뜻,태어날 때부터 가지는 {{권리}},모든 사람에게 똑같이,1,종류,"교육을 받을 권리, {{차별}}받지 않을 권리",,2,역사,1948년 세계 인권 {{선언}},,3,지키는 마음,다른 사람의 인권도 존중,,5,다음 중 다른 사람의 인권을 지키는 행동으로 알맞은 것은?,친구의 외모를 놀린다,모둠 활동에서 한 친구만 빼놓는다,친구가 의견을 말할 때 끝까지 들어 준다,친구의 물건을 허락 없이 쓴다,3,4,자유롭게 생각하고 말할 권리를 존중하는 행동이다.,우리 반에서 인권을 지키는 약속을 한 가지 만들고 그 까닭을 써 보세요.
사회56-05,5~6학년,사회,법은 왜 필요할까,법은 왜 필요할까,"만약 우리 사회에 법이 없다면 어떻게 될까? 힘센 사람이 약한 사람을 괴롭혀도 막을 방법이 없고, 다툼이 생겨도 해결하기 어려울 거야. 법은 사회 질서를 지키려고 나라에서 정한 규칙이야. 법은 국회에서 정해진 절차에 따라 만들어.
법은 우리의 권리를 지켜 줘. 누군가 내 물건을 빼앗거나 나를 다치게 하면 법에 따라 도움을 받을 수 있어. 법이 있어서 우리는 안심하고 생활할 수 있지.
법은 다툼을 공정하게 해결해 줘. 사람들 사이에 다툼이 생기면 법원은 법에 따라 누가 옳은지 판단해. 그래서 힘이나 목소리가 큰 사람이 아니라 법이 기준이 돼.
법은 생활 곳곳에 있어. 횡단보도에서 신호를 지키는 것, 물건을 살 때 영수증을 받는 것, 학생이 학교에 다니는 것도 법과 관련이 있어. 이렇게 법은 우리가 미처 느끼지 못하는 곳에서도 생활을 지켜 주고 있어.
법은 지키지 않으면 벌을 받기도 하지만, 벌이 무서워서만 지키는 것은 아니야. 법을 지키면 나와 다른 사람의 권리가 함께 보호받아. 그래서 법은 모두를 위한 약속이야.",질서,혼란 없이 순서와 차례가 바른 상태,공정,어느 한쪽으로 치우치지 않고 올바름,법의 역할,뜻,사회 질서를 지키려고 나라에서 정한 {{규칙}},,1,권리 보호,물건을 빼앗기면 법에 따라 {{도움}}을 받음,,2,다툼 해결,{{법원}}이 법에 따라 판단,,3,의미,모두를 위한 약속,,5,두 이웃이 담장 경계 때문에 크게 다투고 있어. 글의 내용으로 볼 때 공정하게 해결하는 방법은?,목소리가 큰 사람의 말을 따른다,힘이 센 사람이 정한다,법에 따라 법원의 판단을 받는다,먼저 화낸 사람이 이긴다,3,3,법원은 법을 기준으로 다툼을 공정하게 해결한다.,우리 생활에서 법을 지켜서 모두가 편해지는 예를 하나 들어 써 보세요.
사회56-06,5~6학년,사회,"나라의 가장 높은 법, 헌법","나라의 가장 높은 법, 헌법","우리나라에는 많은 법이 있는데, 그중 가장 높은 법이 헌법이야. 다른 모든 법은 헌법에 어긋나면 안 돼. 헌법에는 나라를 어떻게 운영할지와 국민의 권리와 의무가 담겨 있어.
헌법은 국민이 누려야 할 기본적인 권리를 정해 놓았어. 이를 기본권이라고 해. 자유롭게 생각하고 표현할 자유권, 차별받지 않을 평등권, 선거에 참여할 참정권이 대표적이야.
교육을 받고 일할 권리처럼 사람답게 살 수 있도록 나라에 요구할 수 있는 권리도 있어. 이를 사회권이라고 해. 권리가 침해되었을 때 나라에 바로잡아 달라고 요구할 권리도 있지.
헌법은 국민의 의무도 정했어. 세금을 내는 납세의 의무, 나라를 지키는 국방의 의무, 자녀를 교육받게 할 의무, 일할 의무 등이 있어. 권리를 누리는 만큼 의무도 다해야 해.
헌법은 나라의 주인이 국민이라는 사실을 분명히 밝히고 있어. 그래서 헌법을 아는 것은 우리가 나라의 주인으로서 무엇을 누리고 무엇을 지켜야 하는지 아는 일이야. 헌법은 국민 투표를 거쳐야만 고칠 수 있을 만큼 무게 있는 법이야.",기본권,헌법이 보장하는 국민의 기본적인 권리,침해,남의 권리를 해침,헌법,뜻,나라의 가장 높은 {{법}},,1,기본권,"자유권, {{평등권}}, 참정권",,2,사회권,사람답게 살 수 있게 나라에 요구하는 권리,,3,의무,"{{납세}}의 의무, 국방의 의무",,4,선거일에 투표를 하는 것은 헌법의 어떤 기본권을 누리는 모습일까?,자유권,평등권,참정권,사회권,3,2,선거에 참여할 권리는 참정권이다.,헌법이 보장하는 권리 중 나에게 가장 소중한 것을 고르고 까닭을 써 보세요.
사회56-07,5~6학년,사회,힘을 나누는 삼권 분립,힘을 나누는 삼권 분립,"나라의 일을 한 사람이나 한 기관이 모두 맡으면 어떻게 될까? 그 힘을 마음대로 쓰면 국민의 자유가 위험해질 수 있어. 그래서 민주 국가는 나라의 힘을 여럿으로 나누어 맡겨.
우리나라는 나라의 힘을 세 기관이 나누어 맡아. 국회는 법을 만드는 입법을, 정부는 법에 따라 나라 살림을 하는 행정을, 법원은 법에 따라 재판하는 사법을 맡아. 이것을 삼권 분립이라고 해.
국회의원은 국민이 선거로 뽑아. 국회는 법을 만들 뿐 아니라 나라의 예산을 심의하고, 정부가 일을 잘하는지 살펴. 정부는 대통령을 중심으로 국민의 생활에 필요한 일을 해. 법원은 다툼이 생기거나 법을 어긴 사람이 있을 때 재판을 해.
세 기관은 서로 감시하고 견제해. 예를 들어 법원은 법이 헌법에 맞는지 판단을 요청할 수 있고, 국회는 정부의 일을 조사할 수 있어. 어느 한 기관이 힘을 함부로 쓰지 못하게 하는 거야.
삼권 분립 덕분에 나라의 힘이 한쪽으로 쏠리지 않고 균형을 이뤄. 그 결과 국민의 자유와 권리를 더 안전하게 지킬 수 있어.",견제,상대가 지나치게 힘을 쓰지 못하도록 막음,예산,나라가 한 해 동안 거두고 쓸 돈의 계획,삼권 분립,국회,법을 만드는 {{입법}},예산 심의,2,정부,법에 따라 나라 살림을 하는 {{행정}},,2,법원,법에 따라 재판하는 {{사법}},,2,까닭,서로 감시하고 견제해 균형을 이룸,,4,새로운 법을 만들자는 의견이 나왔어. 이 법을 의논해서 만드는 곳은 어디일까?,국회,정부,법원,학교,1,2,법을 만드는 입법은 국회가 맡는다.,우리 반 일을 반장 한 사람이 모두 정하면 생길 수 있는 문제를 삼권 분립과 연결해 써 보세요.
사회56-08,5~6학년,사회,선거에도 원칙이 있어요,선거에도 원칙이 있어요,"민주 국가에서는 국민이 나라의 대표를 뽑아. 대표를 뽑는 일을 선거라고 하는데, 선거가 공정하지 않으면 국민의 뜻이 제대로 전해지지 않아. 그래서 선거에는 꼭 지켜야 할 네 가지 원칙이 있어.
첫째는 보통 선거야. 일정한 나이가 된 국민이라면 재산이나 성별, 직업과 상관없이 누구나 투표할 수 있어. 둘째는 평등 선거야. 누구나 똑같이 한 표씩만 행사해.
셋째는 직접 선거야. 투표는 다른 사람이 대신할 수 없고 자기가 직접 해야 해. 넷째는 비밀 선거야. 누구를 뽑았는지 다른 사람이 알 수 없도록 투표해.
이 원칙들은 오랜 노력으로 얻어 낸 것이야. 옛날에는 재산이 많은 사람이나 남성만 투표할 수 있었던 나라도 많았어. 지금처럼 모두가 한 표를 갖기까지 많은 사람이 애썼어. 그래서 투표할 수 있는 나이가 되면 꼭 참여하는 것이 중요해.
학급 회장 선거도 이 원칙을 지키면 더 공정해져. 친구에게 누구를 뽑으라고 강요하거나, 다른 사람의 투표지를 몰래 보는 일은 선거의 원칙을 어기는 거야.",투표,선거할 때 뽑고 싶은 사람을 정해 표를 내는 일,행사,권리를 실제로 씀,선거의 4원칙,보통 선거,일정한 나이가 되면 {{누구나}} 투표,,2,평등 선거,누구나 똑같이 {{한 표}},,2,직접 선거,다른 사람이 {{대신}}할 수 없음,,3,비밀 선거,누구를 뽑았는지 알 수 없게,,3,학급 회장 선거에서 한 친구가 다른 친구의 투표지를 몰래 들여다봤어. 어떤 원칙을 어긴 걸까?,보통 선거,평등 선거,직접 선거,비밀 선거,4,3,누구를 뽑았는지 다른 사람이 알 수 없게 하는 것은 비밀 선거다.,우리 반 선거를 더 공정하게 하려면 어떤 약속이 필요할지 써 보세요.
사회56-09,5~6학년,사회,다수결과 소수 의견 존중,다수결과 소수 의견 존중,"반 친구들이 현장 체험 학습 장소를 정하는데 의견이 여러 가지로 나뉘었어. 이럴 때 어떻게 결정하면 좋을까? 많은 사람이 찬성하는 의견을 따르는 방법을 다수결의 원칙이라고 해.
다수결은 여러 사람이 함께 결정해야 할 때 편리한 방법이야. 짧은 시간에 결정을 내릴 수 있고, 많은 사람의 뜻을 따르기 때문에 결과를 받아들이기도 쉬워. 그래서 학급 회의나 나라의 중요한 결정에서 다수결을 많이 써.
하지만 다수결에는 조심할 점이 있어. 많은 사람의 의견이 늘 옳은 것은 아니야. 또 적은 수의 사람들 의견은 무시되기 쉬워. 이런 의견을 소수 의견이라고 해.
그래서 다수결을 하기 전에는 충분히 대화하고 토론해야 해. 서로의 까닭을 듣다 보면 더 좋은 생각이 나오기도 하거든. 결정한 뒤에도 소수 의견을 존중하고 그 생각을 반영하려고 노력해야 해.
결정된 내용은 내 의견과 다르더라도 따르는 것이 민주주의의 약속이야. 동시에 다음에 더 좋은 결정을 할 수 있도록 서로의 생각에 귀 기울이는 태도가 필요해.",반영,다른 것에 영향을 받아 나타냄,토론,어떤 문제에 대해 여러 사람이 의견을 말하며 따짐,다수결의 원칙,뜻,많은 사람이 {{찬성}}하는 의견을 따름,,1,좋은 점,짧은 {{시간}}에 결정,,2,조심할 점,{{소수}} 의견이 무시되기 쉬움,,3,바른 방법,충분히 토론하고 소수 의견 존중,,4,"학급 회의에서 22명은 축구, 3명은 피구를 하자고 했어. 글의 내용에 가장 알맞게 결정한 것은?",피구를 하자는 친구들의 말을 듣지 않고 바로 축구로 정한다,"까닭을 충분히 듣고 다수결로 정한 뒤, 다음에는 피구도 고려한다",결정하지 않고 끝낸다,선생님이 좋아하는 것으로 정한다,2,4,충분히 토론하고 다수결로 정하되 소수 의견도 존중해야 한다.,"다수결로 정했던 일 중 소수 의견을 존중했던 경험이나, 존중하면 좋았을 경험을 써 보세요."
사회56-10,5~6학년,사회,가계와 기업이 만나는 시장,가계와 기업이 만나는 시장,"경제 활동을 하는 주체에는 가계와 기업이 있어. 가계는 우리 집처럼 함께 생활하며 소비를 하는 곳이야. 기업은 물건이나 서비스를 생산해서 이익을 얻으려는 곳이지.
가계와 기업은 서로 주고받으며 살아가. 가계의 구성원은 기업에서 일을 하고 그 대가로 돈을 받아. 이 돈을 소득이라고 해. 가계는 소득으로 기업이 만든 물건을 사. 가계는 기업에 일할 힘을 주고, 기업은 가계에 소득을 주는 거야.
기업은 가계가 필요로 하는 물건을 만들어 팔고, 그 돈으로 일하는 사람에게 월급을 주고 새 물건을 만들어. 이렇게 가계와 기업 사이에는 돈과 물건이 계속 돌고 돌아.
가계와 기업이 만나 물건을 사고파는 곳을 시장이라고 해. 시장에는 눈에 보이는 시장뿐 아니라 인터넷 쇼핑처럼 눈에 보이지 않는 시장도 있어. 시장에서 가계는 필요한 물건을 고르고, 기업은 사람들이 원하는 물건이 무엇인지 알게 돼.
가계는 소득 안에서 계획을 세워 현명하게 소비해야 하고, 기업은 좋은 물건을 만들고 정직하게 팔아야 해. 그래야 경제가 건강하게 돌아갈 수 있어.",주체,어떤 일을 스스로 하는 중심,대가,일을 하고 받는 값,가계와 기업,가계,함께 생활하며 {{소비}}를 하는 곳,,1,기업,물건이나 서비스를 생산해 {{이익}}을 얻으려는 곳,,1,소득,기업에서 일한 대가로 받는 {{돈}},,2,시장,가계와 기업이 만나 사고파는 곳,인터넷 쇼핑도 시장,4,엄마가 회사에서 일하고 월급을 받았어. 이 월급을 무엇이라고 할까?,소비,이익,소득,세금,3,2,일을 하고 그 대가로 받은 돈을 소득이라고 한다.,우리 가족이 현명하게 소비하기 위해 세울 수 있는 계획을 하나 써 보세요.
사회56-11,5~6학년,사회,나라와 나라가 주고받는 무역,나라와 나라가 주고받는 무역,"우리가 먹는 바나나는 대부분 다른 나라에서 왔어. 우리나라는 날씨 때문에 바나나를 많이 기르기 어렵거든. 이렇게 나라와 나라가 물건이나 서비스를 사고파는 것을 무역이라고 해.
무역이 일어나는 까닭은 나라마다 자연환경, 자원, 기술이 다르기 때문이야. 어떤 나라는 석유가 많이 나고, 어떤 나라는 좋은 기술을 가지고 있어. 각자 잘 만드는 것을 팔고 부족한 것을 사면 서로 이익이야.
다른 나라에 물건을 파는 것을 수출, 다른 나라에서 물건을 사 오는 것을 수입이라고 해. 우리나라는 반도체, 자동차, 배 같은 물건을 많이 수출해. 그리고 석유처럼 우리나라에 부족한 자원을 많이 수입해.
무역 덕분에 우리는 다양한 물건을 쓸 수 있고, 기업은 더 넓은 시장에 물건을 팔 수 있어. 하지만 다른 나라 물건 때문에 우리나라 농민이나 기업이 어려움을 겪기도 해.
그래서 나라들은 무역에 관한 약속을 맺고 서로 협력해. 무역은 나라들이 서로 기대어 살아가는 지구촌의 모습을 잘 보여 줘.",자원,생활이나 생산에 쓰이는 자연의 재료,협력,힘을 합해 서로 도움,무역,뜻,나라와 나라가 물건을 사고파는 것,,1,까닭,나라마다 자원과 {{기술}}이 다름,,2,수출과 수입,"반도체, 자동차를 {{수출}}",석유를 수입,3,좋은 점과 어려움,다양한 물건 · {{농민}}의 어려움,,4,"석유가 거의 나지 않는 나라가 자동차를 잘 만든다면, 글의 내용에 따라 어떻게 무역하면 좋을까?",자동차를 수입하고 석유를 수출한다,자동차를 수출하고 석유를 수입한다,아무것도 사고팔지 않는다,석유와 자동차를 모두 수출한다,2,2,잘 만드는 것은 팔고 부족한 것은 사 오면 서로 이익이다.,"우리 집에 있는 물건 중 다른 나라에서 온 것을 찾아보고, 무역이 없다면 생활이 어떻게 달라질지 써 보세요."
사회56-12,5~6학년,사회,지구의 땅과 바다,지구의 땅과 바다,"지구의 겉면은 땅과 바다로 이루어져 있어. 그런데 지구 전체로 보면 바다가 땅보다 훨씬 넓어. 지구를 우주에서 보면 푸르게 보이는 까닭이 바로 넓은 바다 때문이야.
지구의 큰 땅덩어리를 대륙이라고 해. 우리는 보통 아시아, 유럽, 아프리카, 북아메리카, 남아메리카, 오세아니아의 여섯 대륙으로 나누어 불러. 우리나라는 가장 넓은 대륙인 아시아에 있어. 아시아에는 세계에서 가장 높은 산인 에베레스트산도 있지.
넓은 바다는 대양이라고 해. 태평양, 대서양, 인도양, 북극해, 남극해를 다섯 대양이라고 불러. 그중 가장 넓은 바다는 태평양이고, 우리나라 동쪽에 펼쳐져 있어.
대륙과 대양의 위치를 알면 세계 여러 나라의 위치를 쉽게 설명할 수 있어. 예를 들어 오스트레일리아는 오세아니아에 있고, 태평양과 인도양 사이에 있다고 말할 수 있지.
세계 지도나 지구본을 보면서 여러 나라가 어느 대륙에 있는지 찾아봐. 지구 곳곳의 사람들이 어떤 자연환경에서 살아가는지 이해하는 첫걸음이 될 거야.",대륙,지구 위의 아주 넓은 땅덩어리,지구본,지구를 작게 줄여 둥글게 만든 모형,대륙과 대양,지구의 겉면,{{바다}}가 땅보다 훨씬 넓음,,1,여섯 대륙,가장 넓은 대륙은 {{아시아}},,2,다섯 대양,가장 넓은 바다는 {{태평양}},,3,쓰임,나라의 위치를 쉽게 설명,,4,친구가 “우리나라와 가장 넓은 바다는 어떤 관계야?”라고 물었어. 글에 맞는 대답은?,우리나라 서쪽에 대서양이 있어,우리나라 동쪽에 태평양이 펼쳐져 있어,우리나라는 인도양 한가운데에 있어,우리나라는 북극해에 붙어 있어,2,3,가장 넓은 바다인 태평양은 우리나라 동쪽에 있다.,"가 보고 싶은 나라를 하나 골라, 그 나라가 어느 대륙에 있고 어떤 바다와 가까운지 조사해 써 보세요."
사회56-13,5~6학년,사회,세계의 평화를 위한 국제 연합,세계의 평화를 위한 국제 연합,"두 번의 큰 세계 전쟁으로 많은 사람이 목숨을 잃었어. 사람들은 다시는 이런 비극이 일어나지 않기를 바랐지. 그래서 1945년에 세계 평화를 지키기 위한 국제기구인 국제 연합이 만들어졌어.
국제 연합은 영어 머리글자를 따서 유엔이라고도 불러. 지금은 세계 대부분의 나라가 회원국으로 함께하고 있어. 회원국들은 모여서 세계의 여러 문제를 의논하고 해결 방법을 찾아. 국제 연합의 본부는 미국 뉴욕에 있어.
국제 연합에는 분야별로 일하는 기구들이 있어. 유니세프는 어려움에 처한 어린이를 돕고, 세계 보건 기구는 사람들의 건강을 지키는 일을 해. 유네스코는 교육과 문화, 과학 분야에서 협력하도록 도와.
국제 연합은 분쟁이 일어난 곳에 평화 유지군을 보내 평화를 지키기도 해. 또 굶주림과 가난, 질병 같은 문제를 해결하려고 여러 나라가 힘을 모으도록 이끌어.
우리나라도 전쟁 뒤 어려웠던 시절 국제 연합의 도움을 받았어. 이제는 다른 나라를 돕는 나라가 되어 국제 연합의 활동에 함께하고 있어.",국제기구,여러 나라가 함께 만든 조직,분쟁,말썽을 일으켜 시끄럽게 다툼,국제 연합,만든 까닭,두 번의 세계 {{전쟁}} 뒤 평화를 위해,1945년,1,하는 일,회원국이 모여 세계 문제를 {{의논}},,2,여러 기구,어린이를 돕는 {{유니세프}},"세계 보건 기구, 유네스코",3,우리나라,도움을 받던 나라에서 돕는 나라로,,5,전염병이 여러 나라에 퍼져 대책을 세워야 해. 글에 나온 기구 중 가장 관련 깊은 곳은?,유니세프,세계 보건 기구,유네스코,평화 유지군,2,3,세계 보건 기구는 사람들의 건강을 지키는 일을 한다.,국제 연합이 해결하면 좋을 지구촌 문제를 하나 골라 까닭과 함께 써 보세요.
사회56-14,5~6학년,사회,편견을 넘어 서로를 존중해요,편견을 넘어 서로를 존중해요,"“여자는 축구를 못해.”, “그 나라 사람들은 다 게을러.” 이런 말을 들어 본 적이 있니? 어떤 집단에 대해 충분히 알아보지 않고 한쪽으로 치우쳐 가진 생각을 편견이라고 해.
편견은 사람을 하나하나 보지 않고 집단으로 묶어 판단하게 해. 그래서 실제 모습과 다른 생각을 갖게 만들지. 축구를 잘하는 여학생도 많고, 어느 나라에나 부지런한 사람과 게으른 사람이 모두 있어.
편견은 차별로 이어지기 쉬워. 편견 때문에 어떤 사람에게 기회를 주지 않거나 함께 어울리지 않는다면, 그 사람은 부당하게 상처를 받게 돼.
세계에는 다양한 문화가 있어. 먹는 음식, 입는 옷, 믿는 종교가 다르다고 해서 어느 문화가 더 뛰어나거나 못한 것은 아니야. 문화는 저마다 그 지역의 환경과 역사 속에서 만들어졌기 때문이야.
편견을 줄이려면 상대를 직접 알아 가려는 노력이 필요해. 궁금한 점을 묻고, 다른 점을 존중하고, 같은 점을 찾아보는 거야. 그러면 서로 다른 우리가 함께 어울려 살 수 있어.",집단,여럿이 모여 이룬 무리,부당,이치에 맞지 않음,편견,뜻,충분히 알아보지 않고 {{치우쳐}} 가진 생각,,1,문제,편견은 {{차별}}로 이어지기 쉬움,,3,문화,어느 문화가 더 {{뛰어나거나}} 못하지 않음,,4,줄이는 방법,직접 알아 가고 존중하기,,5,새로 전학 온 친구가 다른 나라에서 왔어. 글의 내용에 가장 알맞은 행동은?,그 나라 사람에 대해 들은 소문으로 판단한다,친구에게 궁금한 점을 물어보며 알아 간다,말이 안 통할 테니 어울리지 않는다,우리 문화가 더 낫다고 알려 준다,2,5,편견을 줄이려면 상대를 직접 알아 가려는 노력이 필요하다.,"내가 가지고 있었던 편견을 하나 떠올리고, 그 생각이 어떻게 바뀌었는지 또는 어떻게 바꾸면 좋을지 써 보세요."
사회56-15,5~6학년,사회,우리나라 산업은 어떻게 바뀌었을까,우리나라 산업은 어떻게 바뀌었을까,"일하는 사람들이 주로 어떤 일을 하는지에 따라 산업을 나눌 수 있어. 농사를 짓거나 물고기를 잡는 일처럼 자연에서 직접 얻는 일을 1차 산업이라고 해. 공장에서 물건을 만드는 일은 2차 산업이야.
물건을 직접 만들지 않고 사람들에게 편리함을 주는 일은 3차 산업이라고 해. 판매, 운송, 금융, 관광, 의료 같은 서비스업이 여기에 들어가. 은행에서 돈을 맡아 주는 일이나 학교에서 가르치는 일도 여기에 속해. 오늘날에는 이런 일을 하는 사람이 가장 많아.
1960년대 우리나라는 옷이나 신발처럼 비교적 가벼운 물건을 만드는 경공업을 발전시켰어. 1970년대에는 배, 자동차, 철강처럼 무겁고 큰 물건을 만드는 중화학 공업을 키웠지.
오늘날에는 반도체, 인공지능, 로봇처럼 높은 기술이 필요한 첨단 산업이 성장하고 있어. 산업이 바뀌면서 사람들의 일자리와 생활 모습도 크게 달라졌어.
앞으로는 어떤 산업이 중요해질까? 산업의 변화를 살펴보면 미래에 어떤 직업이 생기고 사라질지 짐작해 볼 수 있어.",경공업,"옷, 신발처럼 비교적 가벼운 물건을 만드는 공업",첨단,시대나 기술의 가장 앞선 자리,산업의 변화,1차 산업,{{자연}}에서 직접 얻는 일,"농업, 어업",1,3차 산업,편리함을 주는 {{서비스업}},"판매, 운송, 관광",2,발전 과정,경공업 → {{중화학}} 공업 → 첨단 산업,,3,오늘날,"반도체, 인공지능, 로봇",,4,여행객에게 숙소를 안내하고 관광지를 소개하는 일은 어떤 산업에 속할까?,1차 산업,2차 산업,3차 산업,어느 산업도 아니다,3,2,관광처럼 편리함을 주는 서비스업은 3차 산업이다.,"산업의 변화를 생각하며, 내가 어른이 되었을 때 새롭게 생길 것 같은 직업을 상상해 써 보세요."
사회심화-01,심화,사회,물건값은 어떻게 정해질까,물건값은 어떻게 정해질까,"여름이 되면 수박값이 내려가고, 겨울이 되면 딸기값이 비싸지는 까닭은 무엇일까? 물건값은 아무렇게나 정해지는 것이 아니야. 사려는 사람과 팔려는 사람의 힘겨루기 속에서 정해져. 사려고 하는 마음과 양을 수요, 팔려고 하는 마음과 양을 공급이라고 해.
수요가 늘어나면 값은 오르기 쉬워. 사려는 사람은 많은데 물건이 한정되어 있으면, 더 많은 돈을 내고라도 사려는 사람이 생기기 때문이야. 반대로 비가 오고 쌀쌀한 날에는 같은 음료수가 잘 팔리지 않아 값을 낮추기도 해. 더운 날 시원한 음료수가 잘 팔리면 가게는 값을 올려도 물건을 팔 수 있지.
공급이 늘어나면 값은 내려가기 쉬워. 여름에는 수박이 많이 나서 시장에 물량이 넘쳐 나. 팔려는 사람이 많아지면 서로 손님을 끌려고 값을 낮추게 돼. 반대로 흉년이 들어 공급이 줄면 값은 오르게 돼.
이렇게 수요와 공급이 만나 균형을 이루는 지점에서 값이 정해져. 이 값을 시장 가격이라고 해. 시장 가격은 사람들에게 신호를 보내. 값이 오르면 생산자는 더 많이 만들려 하고, 소비자는 덜 사려고 하지. 그러면 다시 값이 안정되는 거야.
시장 가격의 원리를 알면 뉴스에 나오는 물가 소식을 더 잘 이해할 수 있어. 태풍 때문에 배추값이 올랐다는 소식은 공급이 줄었다는 뜻이고, 어떤 장난감이 품절되었다는 소식은 수요가 크게 늘었다는 뜻이야. 결국 경제 소식은 사람들이 무엇을 원하고 얼마나 만들 수 있는지에 관한 이야기라고 할 수 있어.",한정,수량이나 범위를 일정하게 정함,흉년,농작물이 잘되지 않은 해,시장 가격,수요가 늘면,사려는 사람이 많아져 값이 {{오르기}} 쉬움,,2,공급이 늘면,물량이 넘쳐 값이 내려가기 쉬움,여름 수박,3,시장 가격,수요와 공급이 {{균형}}을 이루는 값,,4,가격의 신호,값이 오르면 {{생산자}}는 더 많이 만듦,소비자는 덜 삼,4,가뭄 때문에 올해 사과 수확이 크게 줄었어. 글의 원리로 볼 때 사과값은 어떻게 될까?,공급이 늘어 값이 내려간다,공급이 줄어 값이 오른다,수요가 줄어 값이 내려간다,값은 전혀 변하지 않는다,2,3,흉년처럼 공급이 줄면 값은 오르게 된다.,"최근에 값이 오르거나 내린 물건을 하나 떠올리고, 수요와 공급으로 그 까닭을 설명해 보세요."
사회심화-02,심화,사회,"하나를 고르면 하나를 포기해요, 기회비용","하나를 고르면 하나를 포기해요, 기회비용","용돈 5,000원으로 책을 살까, 친구와 떡볶이를 먹을까 고민한 적 있니? 책을 사면 떡볶이를 먹을 수 없고, 떡볶이를 먹으면 책을 살 수 없어. 우리는 늘 무언가를 고르는 대신 다른 무언가를 포기하며 살아. 어린이든 어른이든 이런 고민은 매일 찾아와.
이렇게 어떤 것을 선택했을 때 포기한 것 가운데 가장 가치가 큰 것을 기회비용이라고 해. 책을 골랐다면 포기한 떡볶이를 먹으며 친구와 보낼 즐거운 시간이 기회비용이 되는 거야.
기회비용은 돈으로만 나타나지 않아. 토요일 오전에 늦잠을 자기로 했다면 그 시간에 할 수 있었던 운동이나 독서가 기회비용이야. 시간도 한정되어 있기 때문에 무엇을 하든 다른 것을 포기하게 돼. 놀이 대신 공부를 고르면 그 시간에 친구와 놀 수 있었던 즐거움이 기회비용이 되기도 해.
현명한 선택이란 기회비용을 따져 보고 얻는 만족이 더 큰 쪽을 고르는 거야. 물건을 살 때 값만 비교하지 말고, 그 돈으로 할 수 있는 다른 일까지 생각해 보는 습관이 필요해. 그러면 후회하는 소비를 줄일 수 있어.
기회비용은 개인뿐 아니라 기업과 나라도 고민해. 나라가 큰 예산을 도로를 짓는 데 쓰면 그만큼 학교나 병원에 쓸 돈이 줄어들어. 그래서 나라도 여러 선택지를 비교하며 가장 필요한 곳을 결정하려고 노력해. 이처럼 기회비용은 더 나은 선택을 돕는 생각의 도구야.",만족,마음에 흡족함,선택지,고를 수 있는 여러 방법,기회비용,까닭,무언가를 고르면 다른 것을 {{포기}}함,,1,뜻,포기한 것 중 가장 {{가치}}가 큰 것,,2,돈 아닌 기회비용,{{시간}}도 한정되어 있음,늦잠을 자면 운동을 포기,3,현명한 선택,얻는 만족이 더 큰 쪽을 고름,,4,"민지는 일요일에 영화 보기, 수영장 가기, 숙제하기 중 영화를 골랐어. 민지에게 두 번째로 좋았던 것이 수영장이라면 기회비용은?",영화 보기,수영장 가기,숙제하기,기회비용은 없다,2,2,포기한 것 가운데 가장 가치가 큰 것이 기회비용이다.,"최근에 고민 끝에 한 선택을 떠올리고, 그때의 기회비용이 무엇이었는지 써 보세요."
사회심화-03,심화,사회,"모든 것이 넉넉하지 않은 까닭, 희소성","모든 것이 넉넉하지 않은 까닭, 희소성","사람들이 원하는 것은 끝이 없어. 맛있는 음식, 멋진 옷, 넓은 집, 즐거운 여행까지 갖고 싶은 것은 계속 늘어나지. 그런데 이것을 만드는 데 필요한 자원과 시간, 돈은 한정되어 있어. 그래서 사람들은 늘 무엇이 더 중요한지 고민하게 돼.
사람들이 원하는 것에 비해 자원이 부족한 상태를 희소성이라고 해. 희소성은 단순히 양이 적다는 뜻이 아니야. 사막에서는 물 한 병이 무척 귀하지만, 물이 풍부한 곳에서는 그렇지 않아. 원하는 사람에 비해 얼마나 부족한지가 중요해. 같은 물건이라도 장소와 상황에 따라 귀하기도 하고 흔하기도 한 거야.
희소성이 있으면 선택이 필요해져. 모든 것을 다 가질 수 없으니 무엇을 먼저 가질지 정해야 하거든. 그래서 경제 문제의 출발점이 희소성이라고 말해. 생산, 분배, 소비를 어떻게 할지 고민하는 것도 결국 희소성 때문이야.
희소성은 값에도 영향을 줘. 다이아몬드가 비싼 까닭은 쓸모가 많아서라기보다 원하는 사람에 비해 매우 드물기 때문이야. 반대로 공기는 꼭 필요하지만 누구나 얼마든지 쓸 수 있어서 값을 매기지 않아.
그런데 희소성은 시대와 장소에 따라 바뀌기도 해. 깨끗한 공기도 미세먼지가 심한 곳에서는 귀해져서 공기 청정기를 사게 되지. 희소성을 이해하면 우리가 왜 아끼고 나누어야 하는지도 알 수 있어. 한정된 자원을 어떻게 쓸지 고민하는 것이 바로 경제를 공부하는 이유야.",분배,몫에 따라 나눔,풍부한,넉넉하고 많은,희소성,출발,원하는 것은 끝이 없고 {{자원}}은 한정됨,,1,뜻,원하는 것에 비해 부족한 상태,양이 아니라 부족한 정도,2,결과,모두 가질 수 없어 {{선택}}이 필요,,3,값과의 관계,드물수록 비쌈 → {{다이아몬드}},공기는 값을 매기지 않음,4,무인도에 떨어진 사람에게 금덩어리와 물 한 통 중 더 귀한 것은 물일 수 있어. 글의 내용으로 이 까닭을 가장 잘 설명한 것은?,금은 원래 값이 싸기 때문이다,물은 언제나 비싸기 때문이다,그곳에서는 물이 원하는 만큼에 비해 훨씬 부족하기 때문이다,무인도에서는 돈을 쓸 수 없기 때문이다,3,2,희소성은 원하는 것에 비해 얼마나 부족한지에 따라 정해진다.,우리 생활에서 예전보다 귀해진 것과 흔해진 것을 하나씩 찾아 희소성으로 설명해 보세요.
사회심화-04,심화,사회,물가가 오르면 생기는 일,물가가 오르면 생기는 일,"할머니께서 “내가 어릴 때는 과자 한 봉지가 몇십 원이었단다.”라고 말씀하시곤 해. 같은 과자가 지금은 훨씬 비싸. 이렇게 여러 물건과 서비스의 값을 모아 평균적으로 나타낸 것을 물가라고 해.
물가가 계속해서 오르는 현상을 인플레이션이라고 해. 물가가 오르면 같은 돈으로 살 수 있는 물건이 줄어들어. 작년에 1,000원으로 빵 두 개를 샀는데 올해는 한 개밖에 못 산다면, 돈의 가치가 떨어진 거야. 그래서 물가가 오르면 같은 월급을 받아도 실제 살림은 빠듯해져.
물가가 오르는 까닭은 여러 가지야. 사람들이 물건을 사려는 수요가 공급보다 빠르게 늘면 값이 올라. 석유처럼 물건을 만드는 데 꼭 필요한 재료의 값이 오르면, 그 재료로 만든 물건들의 값도 줄줄이 오르게 돼.
물가가 너무 빨리 오르면 사람들의 생활이 어려워져. 월급은 그대로인데 물건값만 오르면 살 수 있는 것이 줄어들거든. 특히 저축해 둔 돈의 가치도 함께 떨어져서 미래를 계획하기 힘들어져. 형편이 어려운 가정일수록 그 부담이 더 커.
그래서 나라에서는 물가가 안정되도록 여러 노력을 해. 중앙은행은 시중에 도는 돈의 양을 조절하고, 정부는 꼭 필요한 물건의 값을 살피기도 해. 우리도 물가 소식을 이해하고 계획적으로 소비하는 습관을 기르면 좋아. 작은 물건을 살 때도 여러 곳의 값을 비교해 보는 습관이 도움이 돼.",중앙은행,나라의 돈을 만들고 관리하는 은행,시중,사람들이 생활하는 곳,물가 상승,물가,여러 물건값을 모아 {{평균}}적으로 나타낸 것,,1,인플레이션,물가가 계속 올라 돈의 {{가치}}가 떨어짐,,2,까닭,수요가 공급보다 빠르게 늘거나 {{재료}}값이 오름,석유값,3,노력,중앙은행이 돈의 양을 조절,,5,물건을 만드는 데 쓰는 석유값이 크게 올랐어. 글의 내용으로 볼 때 이어서 일어날 일로 알맞은 것은?,석유로 만든 물건의 값도 오르기 쉽다,모든 물건값이 내려간다,돈의 가치가 높아진다,월급이 저절로 두 배가 된다,1,3,재료의 값이 오르면 그 재료로 만든 물건의 값도 오른다.,물가가 빠르게 오를 때 우리 가족이 할 수 있는 현명한 소비 방법을 두 가지 써 보세요.
사회심화-05,심화,사회,"초콜릿 한 조각의 정의, 공정 무역","초콜릿 한 조각의 정의, 공정 무역","우리가 즐겨 먹는 초콜릿은 카카오 열매로 만들어. 카카오는 주로 아프리카와 남아메리카의 더운 지역에서 자라. 특히 서아프리카의 가나와 코트디부아르에서 많이 나. 그런데 이 카카오를 기르는 농부들 가운데에는 열심히 일해도 가난에서 벗어나지 못하는 사람이 많아.
그 까닭 중 하나는 농부가 받는 값이 너무 적기 때문이야. 카카오는 여러 상인과 회사를 거쳐 초콜릿이 되는데, 그 과정에서 이익의 대부분이 중간 단계와 큰 회사에 돌아가. 어떤 곳에서는 어린이가 학교 대신 농장에서 일하기도 해.
이런 문제를 바로잡으려고 생겨난 것이 공정 무역이야. 공정 무역은 생산자에게 정당한 값을 주고, 어린이 노동을 하지 않으며, 환경을 지키는 방식으로 물건을 사고파는 거야. 이런 기준을 지킨 물건에는 공정 무역 인증 표시가 붙어.
공정 무역 물건은 조금 더 비쌀 수 있어. 하지만 그 차이만큼 농부가 제값을 받고, 마을에 학교와 우물을 짓는 데 쓰이기도 해. 소비자가 물건을 고르는 일이 먼 나라 사람들의 삶을 바꿀 수 있는 거야. 공정 무역 커피나 바나나도 같은 생각에서 만들어졌어.
물론 공정 무역만으로 모든 문제가 해결되지는 않아. 그래도 내가 산 물건이 어디에서 어떻게 왔는지 생각해 보는 것은 의미 있는 시작이야. 이런 소비를 윤리적 소비라고 부르기도 해. 물건 하나에도 많은 사람의 땀이 담겨 있다는 것을 기억하자.",생산자,물건을 만들거나 기르는 사람,인증,일정한 기준에 맞는다고 공식적으로 확인함,공정 무역,문제,농부가 받는 값이 너무 적고 {{어린이}} 노동도 있음,,2,뜻,생산자에게 {{정당한}} 값을 주는 무역,"어린이 노동 금지, 환경 보호",3,효과,마을에 학교와 {{우물}}을 짓는 데 쓰임,,4,윤리적 소비,물건이 어떻게 왔는지 생각하기,,5,다음 중 공정 무역의 생각과 가장 거리가 먼 것은?,농부에게 정당한 값을 준다,어린이 노동으로 만든 물건을 사지 않는다,가장 싸게 사기 위해 농부가 받는 값을 깎는다,환경을 지키는 방식으로 생산한다,3,3,공정 무역은 생산자에게 정당한 값을 주는 것이다.,"공정 무역 물건이 조금 더 비싸다면 사겠는지, 까닭과 함께 내 생각을 써 보세요."
사회심화-06,심화,사회,"가까워진 지구촌, 세계화","가까워진 지구촌, 세계화","아침에 먹은 바나나는 필리핀에서, 신고 있는 운동화는 베트남에서, 휴대 전화의 부품은 여러 나라에서 왔을지 몰라. 오늘날 우리는 세계 여러 나라와 촘촘하게 연결되어 살아가. 이렇게 세계가 하나의 마을처럼 가까워지는 현상을 세계화라고 해.
세계화가 빨라진 데에는 교통과 통신의 발달이 큰 역할을 했어. 커다란 배와 비행기로 물건을 빠르게 옮길 수 있게 되었고, 인터넷으로 지구 반대편 사람과도 바로 이야기할 수 있게 되었지. 나라들 사이의 무역 장벽도 많이 낮아졌어.
세계화는 많은 기회를 가져왔어. 우리는 다양한 물건과 음식, 문화를 즐길 수 있고, 기업은 더 넓은 시장에서 물건을 팔 수 있어. 케이팝처럼 우리 문화가 세계로 퍼져 나가는 것도 세계화의 모습이야. 다른 나라의 앞선 기술을 배워 우리 산업을 발전시키기도 해.
하지만 그림자도 있어. 값싼 외국 물건이 들어오면 경쟁에서 밀린 우리나라 산업이 어려워질 수 있어. 한 나라에서 생긴 전염병이나 경제 위기가 순식간에 세계로 번지기도 하지. 나라마다 고유한 문화가 비슷비슷해질 수 있다는 걱정도 있어.
세계화 시대를 살아가려면 세계 시민으로서의 자세가 필요해. 다른 문화를 존중하고, 지구촌의 문제를 내 문제처럼 여기며 함께 해결하려는 마음 말이야. 동시에 우리 문화의 소중함도 잊지 않아야 해. 열린 마음과 우리 것에 대한 자부심이 함께 필요한 거야.",장벽,가로막는 벽이나 장애물,고유한,본래부터 그것만이 가지고 있는,세계화,뜻,세계가 하나의 {{마을}}처럼 가까워짐,,1,까닭,교통과 {{통신}}의 발달,무역 장벽이 낮아짐,2,기회,"다양한 문화, {{케이팝}}의 확산",,3,그림자,"산업의 어려움, 전염병 확산",,4,어느 나라에서 시작된 경제 위기가 몇 주 만에 다른 나라 가게들까지 어렵게 만들었어. 글의 내용에서 이와 가장 관련 깊은 것은?,세계화의 기회,세계화의 그림자,교통의 불편,문화의 고유함,2,4,세계가 연결되어 한 나라의 위기가 순식간에 번지는 것은 세계화의 그림자다.,"세계화의 좋은 점과 걱정되는 점을 하나씩 들고, 세계 시민으로서 내가 할 수 있는 일을 써 보세요."
사회심화-07,심화,사회,정보 사회와 나의 개인 정보,정보 사회와 나의 개인 정보,"우리는 하루에도 여러 번 인터넷에 접속해 정보를 찾고, 사진을 올리고, 물건을 사. 정보가 사회를 움직이는 중요한 자원이 된 오늘날을 정보 사회라고 해. 정보 사회에서는 필요한 정보를 빠르게 얻을 수 있어 편리하지. 궁금한 것이 생기면 검색 한 번으로 답을 찾을 수 있으니까.
그런데 정보 사회에서는 나에 대한 정보도 쉽게 퍼질 수 있어. 이름, 주소, 전화번호, 학교, 얼굴 사진처럼 나를 알아볼 수 있는 정보를 개인 정보라고 해. 이런 정보가 나쁜 사람의 손에 들어가면 사기나 범죄에 이용될 수 있어.
개인 정보는 생각보다 쉽게 새어 나가. 교복을 입은 사진이나 집 앞에서 찍은 사진에는 학교와 사는 곳이 함께 담길 수 있어. 여러 개의 작은 정보가 모이면 어떤 사람인지 알아내는 단서가 되기도 해. 게임 아이디에 생일이나 전화번호를 넣는 것도 위험할 수 있어.
그래서 개인 정보를 지키는 습관이 필요해. 믿을 수 없는 누리집에 정보를 입력하지 않고, 비밀번호는 다른 사람과 나누지 않으며, 공공장소의 컴퓨터를 쓴 뒤에는 꼭 로그아웃해야 해. 친구의 사진이나 정보도 허락 없이 올리면 안 돼.
나라에서도 개인 정보를 보호하는 법을 만들어 기업이 함부로 정보를 모으거나 쓰지 못하게 하고 있어. 하지만 가장 확실한 보호는 나 스스로 조심하는 거야. 올리기 전에 한 번 더 생각하는 습관을 기르자.",접속,컴퓨터나 기기로 네트워크에 연결함,단서,어떤 일을 풀어 나가는 실마리,개인 정보,정보 사회,정보가 중요한 {{자원}}이 된 사회,,1,뜻,나를 알아볼 수 있는 정보,"이름, 주소, 얼굴 사진",2,새는 길,사진 속 {{교복}}과 집 앞 배경,작은 정보가 모이면 단서,3,지키는 습관,{{비밀번호}}를 나누지 않기,,4,수빈이가 새 신발을 자랑하려고 사진을 올리려 해. 개인 정보를 가장 잘 지킨 것은?,집 주소가 보이는 현관 앞에서 찍어 올린다,이름표가 달린 교복을 입고 찍어 올린다,신발만 보이게 찍어 올린다,친구들 얼굴이 모두 나오게 찍어 올린다,3,3,배경과 옷에 담긴 정보까지 생각해 필요한 부분만 올려야 한다.,내가 인터넷을 쓸 때 개인 정보를 지키기 위해 오늘부터 실천할 약속 두 가지를 써 보세요.
사회심화-08,심화,사회,"우리 지역의 일은 우리가, 지방 자치","우리 지역의 일은 우리가, 지방 자치","우리나라는 넓지 않지만 지역마다 사정이 달라. 바닷가 마을에는 항구가, 산골 마을에는 버스 노선이, 큰 도시에는 주차장이 더 필요할 수 있어. 이런 일을 중앙의 정부가 모두 결정한다면 지역의 사정을 잘 반영하기 어려울 거야.
그래서 지역의 일은 그 지역 주민이 스스로 결정하고 처리하도록 하는데, 이것을 지방 자치라고 해. 지방 자치를 위해 지역마다 지방 자치 단체가 있어. 시청, 도청, 군청, 구청이 그 예야.
지방 자치 단체에는 두 기관이 있어. 시장이나 도지사 같은 지방 자치 단체장은 지역의 살림을 맡아 일하고, 지방 의회는 지역의 규칙인 조례를 만들고 단체장이 일을 잘하는지 살펴. 단체장과 지방 의회 의원은 모두 주민이 선거로 뽑아.
지방 자치가 잘 이루어지면 주민의 생활과 가까운 곳에서 문제를 빠르게 해결할 수 있어. 지역마다 특색을 살린 축제나 산업을 키울 수도 있지. 주민들은 자기 지역에 대한 관심과 책임감도 커져. 주민의 목소리를 가까이에서 듣고 바로 반영할 수 있다는 것도 큰 장점이야.
지방 자치가 제대로 되려면 주민의 참여가 꼭 필요해. 선거에 참여하고, 지역 회의에 의견을 내고, 지방 자치 단체가 하는 일을 관심 있게 지켜보는 것이 모두 지방 자치를 튼튼하게 만드는 일이야. 그래서 지방 자치를 민주주의의 학교라고 부르기도 해. 우리 동네의 일부터 관심을 가져 보자.",조례,지방 의회가 법의 범위 안에서 만드는 지역의 규칙,반영,다른 것에 영향을 받아 나타냄,지방 자치,필요한 까닭,지역마다 {{사정}}이 다름,,1,뜻,지역 일을 {{주민}}이 스스로 결정하고 처리,,2,두 기관,"단체장은 살림, {{지방 의회}}는 규칙",둘 다 주민이 선거로 뽑음,3,좋은 점,가까운 곳에서 문제를 빠르게 해결,,4,우리 시에 놀이터 이용 시간을 정하는 규칙이 필요해. 글에 따르면 이 지역 규칙을 만드는 곳은?,대법원,지방 의회,국제 연합,교육부,2,3,지방 의회는 지역의 규칙인 조례를 만든다.,"우리 지역에서 바꾸면 좋을 점을 하나 고르고, 지방 자치 단체에 제안하는 글을 짧게 써 보세요."
사회심화-09,심화,사회,법은 어떻게 만들어질까,법은 어떻게 만들어질까,"새로운 기술이 생기거나 사회가 바뀌면 새로운 법이 필요해져. 예를 들어 전동 킥보드를 타는 사람이 늘자 안전모를 쓰도록 하는 규칙이 필요해졌어. 우리나라에서 법을 만드는 일, 곧 입법은 국회가 맡아. 법이 없으면 새로운 문제가 생겨도 판단할 기준이 없기 때문이야.
법은 법률안을 내는 것에서 시작해. 법률안은 국회의원들이나 정부가 낼 수 있어. 법률안에는 어떤 문제를 해결하려는지, 어떤 내용을 정하려는지가 담겨 있어.
제출된 법률안은 먼저 관련 분야를 맡은 위원회에서 꼼꼼하게 심사해. 이 과정에서 전문가의 의견을 듣고 내용을 고치기도 해. 필요하면 공청회를 열어 시민들의 의견을 듣기도 하지. 위원회에서 통과된 법률안은 모든 국회의원이 모이는 본회의로 올라가.
본회의에서는 토론을 거친 뒤 투표로 결정해. 출석한 의원의 과반수가 찬성하면 법률안이 통과돼. 통과된 법률안은 정부로 보내지고, 대통령이 이를 널리 알리는 공포를 하면 비로소 법으로 효력을 갖게 돼. 대통령은 법률안에 문제가 있다고 생각하면 국회에 다시 의논해 달라고 돌려보낼 수도 있어.
이렇게 법을 만드는 과정이 길고 까다로운 까닭은 법이 모든 국민의 생활에 영향을 주기 때문이야. 여러 사람의 의견을 충분히 듣고 신중하게 정해야 잘못된 법이 생기는 것을 막을 수 있어. 국민도 의견을 내어 이 과정에 참여할 수 있어.",공포,새로 만든 법을 국민에게 널리 알림,효력,법이나 규칙이 실제로 작용하는 힘,법이 만들어지는 과정,시작,국회의원이나 {{정부}}가 법률안을 냄,,2,심사,관련 분야 {{위원회}}에서 꼼꼼히 살핌,,3,결정,본회의에서 출석 의원 {{과반수}} 찬성,,4,마무리,대통령이 공포하면 효력,,4,어떤 법률안이 위원회 심사를 통과했어. 글에 따르면 바로 다음 단계는?,대통령이 공포한다,본회의에서 토론하고 투표한다,법원에서 재판한다,법률안을 처음 낸다,2,3,위원회를 통과한 법률안은 본회의로 올라간다.,"우리 학교나 사회에 새로 필요하다고 생각하는 규칙을 하나 정하고, 왜 필요한지 법률안처럼 써 보세요."
사회심화-10,심화,사회,"재판을 세 번까지, 3심제","재판을 세 번까지, 3심제","재판을 하는 판사도 사람이라서 실수할 수 있어. 만약 잘못된 판결로 억울한 사람이 생긴다면 어떻게 될까? 이런 일을 줄이기 위해 우리나라는 한 사건에 대해 원칙적으로 세 번까지 재판을 받을 수 있게 하고 있어. 이것을 3심제라고 해. 판결 하나가 한 사람의 삶을 크게 바꿀 수 있기 때문이야.
첫 번째 재판은 주로 지방 법원에서 해. 이 판결에 따르기 어려우면 더 높은 법원인 고등 법원에 다시 재판을 해 달라고 요청할 수 있어. 이것을 항소라고 해. 고등 법원에서는 사건을 다시 꼼꼼하게 살펴 판단해.
두 번째 재판의 결과에도 따르기 어렵다면 우리나라의 가장 높은 법원인 대법원에 다시 요청할 수 있어. 이것을 상고라고 해. 대법원의 판결은 마지막 판결이라서 그 뒤에는 다시 다툴 수 없어.
3심제는 국민의 권리를 신중하게 지키려는 제도야. 한 번의 판단으로 끝내지 않고 여러 번 살펴보면 잘못을 바로잡을 기회가 생기거든. 같은 사건을 여러 판사가 다시 살피면서 더 공정한 결론을 찾을 수 있지. 이 제도 덕분에 국민은 재판을 더 믿을 수 있게 돼.
그런데 재판을 여러 번 하면 시간과 비용이 많이 들어. 그래서 3심제는 신중함과 신속함 사이에서 균형을 찾는 제도라고 할 수 있어. 재판의 결과뿐 아니라 그 과정이 공정해야 사람들이 법을 믿고 따를 수 있어. 그것이 법이 힘을 갖는 바탕이야.",판결,재판에서 내리는 결정,신중,매우 조심스러움,3심제,까닭,판사도 {{실수}}할 수 있음,,1,두 번째 재판,고등 법원에 요청하는 {{항소}},,2,세 번째 재판,가장 높은 {{대법원}}에 요청하는 상고,마지막 판결,3,균형,신중함과 신속함 사이,,5,어떤 사람이 고등 법원 판결에 따르기 어려워 다시 재판을 받으려 해. 글에 따르면 어디에 요청해야 할까?,지방 법원,고등 법원,대법원,국회,3,3,두 번째 재판 결과에 따르기 어려우면 대법원에 상고한다.,3심제처럼 한 번 정한 일을 다시 살펴볼 기회를 주면 좋을 학교생활 속 상황을 떠올려 써 보세요.
사회심화-11,심화,사회,나라 밖에서 활동하는 비정부 기구,나라 밖에서 활동하는 비정부 기구,"큰 지진이 난 나라에 가장 먼저 달려가는 사람들 가운데에는 정부가 보낸 구조대뿐 아니라 민간단체의 활동가도 있어. 이처럼 정부와 상관없이 시민들이 스스로 만든 단체를 비정부 기구라고 해. 영어 머리글자를 따서 엔지오라고도 불러.
국제 연합 같은 국제기구는 여러 나라의 정부가 모여 만든 조직이야. 이와 달리 비정부 기구는 뜻이 맞는 시민들이 모여 만들고, 사람들의 후원으로 운영돼. 그래서 정부의 결정을 기다리지 않고 필요한 곳에 빠르게 움직일 수 있어.
비정부 기구는 활동 분야가 다양해. 국경 없는 의사회는 전쟁이나 재난으로 의료 도움이 필요한 곳에 의사와 간호사를 보내. 환경 단체는 숲과 바다를 지키는 활동을 하고, 어떤 단체는 가난한 어린이가 학교에 다닐 수 있도록 도와. 우리나라에도 이런 활동을 하는 단체가 많이 있어.
비정부 기구는 정부나 기업이 놓친 문제를 세상에 알리는 역할도 해. 환경 파괴나 인권 침해를 조사해 널리 알리고, 나라와 국제기구가 해결에 나서도록 목소리를 내지. 그래서 세계 시민 사회의 감시자라고 불리기도 해.
우리도 비정부 기구의 활동에 함께할 수 있어. 작은 돈을 후원하거나, 캠페인에 참여하거나, 그 단체가 알리는 문제에 관심을 갖는 거야. 세계의 문제는 멀리 있는 것 같지만 시민 한 사람 한 사람의 참여로 조금씩 바뀌어 왔어.",민간단체,정부가 아닌 일반 사람들이 만든 단체,후원,뒤에서 도와줌,비정부 기구,뜻,{{시민}}들이 스스로 만든 단체,,1,국제기구와 다른 점,정부의 결정을 기다리지 않고 {{빠르게}} 움직임,후원으로 운영,2,활동,"국경 없는 {{의사회}}, 환경 단체",,3,감시자,놓친 문제를 세상에 알림,,4,어느 나라에서 홍수가 났는데 그 나라 정부가 도움을 요청하기 전에 한 민간단체가 먼저 구호 물품을 보냈어. 글의 내용으로 이것이 가능한 까닭은?,그 단체가 여러 나라 정부가 모여 만든 조직이기 때문이다,정부의 결정을 기다리지 않고 움직일 수 있기 때문이다,법원이 명령했기 때문이다,홍수가 작은 일이기 때문이다,2,2,비정부 기구는 시민이 만든 단체라 정부의 결정을 기다리지 않고 움직일 수 있다.,내가 비정부 기구를 만든다면 어떤 문제를 해결하는 단체로 만들고 싶은지 써 보세요.
사회심화-12,심화,사회,언론의 역할과 가짜 뉴스,언론의 역할과 가짜 뉴스,"우리는 뉴스로 세상 소식을 알게 돼. 신문, 방송, 인터넷 뉴스처럼 사회의 소식과 의견을 많은 사람에게 전하는 것을 언론이라고 해. 언론은 우리가 직접 가 보지 못한 곳의 일까지 알려 주는 눈과 귀 역할을 해.
언론은 사실을 정확하게 전하는 것뿐 아니라 권력을 가진 사람이나 기관을 감시하는 역할도 해. 정부나 기업이 잘못한 일을 취재해 알리면 사람들이 그 문제를 알고 바로잡을 수 있어. 그래서 언론을 민주주의의 파수꾼이라고도 불러. 언론이 자유롭게 보도할 수 있어야 국민이 올바른 판단을 할 수 있어.
그런데 요즘은 누구나 쉽게 글과 영상을 올릴 수 있게 되면서 가짜 뉴스도 늘어났어. 가짜 뉴스는 사실이 아닌 내용을 진짜 뉴스처럼 꾸며 퍼뜨리는 거야. 사람들의 관심을 끌거나 특정한 목적을 이루려고 일부러 만들기도 해.
가짜 뉴스는 사람들을 불안하게 만들고, 서로를 미워하게 만들기도 해. 잘못된 건강 정보를 믿고 따라 하다가 몸을 다칠 수도 있어. 한 번 퍼진 가짜 뉴스는 나중에 바로잡아도 그 영향이 쉽게 사라지지 않아.
그래서 뉴스를 볼 때는 확인하는 습관이 필요해. 누가 쓴 글인지, 언제 쓴 글인지, 다른 믿을 만한 곳에서도 같은 내용을 전하는지 살펴봐. 제목이 지나치게 자극적이라면 한 번 더 의심해 보고, 확인되지 않은 소식은 함부로 퍼뜨리지 않아야 해.",취재,기사의 재료를 찾아 모음,파수꾼,경계하여 지키는 사람,언론,뜻,사회의 소식과 의견을 많은 사람에게 전함,,1,감시,권력을 가진 사람이나 {{기관}}을 감시,,2,가짜 뉴스,사실이 아닌 내용을 진짜처럼 {{꾸며}} 퍼뜨림,,3,확인하는 습관,"누가, {{언제}} 썼는지 살피기",,5,“이것만 먹으면 감기가 하루 만에 낫는다!”라는 글이 퍼지고 있어. 글의 내용에 가장 알맞은 행동은?,바로 친구들에게 퍼뜨린다,제목이 재미있으니 믿는다,"쓴 사람과 날짜, 믿을 만한 다른 곳의 내용을 확인한다",댓글이 많으니 사실이라고 생각한다,3,5,자극적인 소식은 출처와 날짜를 확인하고 다른 곳에서도 같은 내용을 전하는지 살펴야 한다.,가짜 뉴스를 구별하기 위해 우리 반이 함께 지킬 확인 규칙을 세 가지 만들어 보세요.
사회심화-13,심화,사회,광고를 똑똑하게 읽는 법,광고를 똑똑하게 읽는 법,"길거리, 텔레비전, 인터넷 어디에서나 우리는 광고를 만나. 광고는 물건이나 서비스를 알려서 사람들이 사도록 마음을 움직이는 글이나 영상이야. 광고 덕분에 새로운 물건을 알게 되고, 물건을 고를 때 도움을 받기도 해.
하지만 광고는 파는 사람이 만든다는 점을 기억해야 해. 광고는 물건의 좋은 점은 크게 보여 주고, 불리한 점은 작게 쓰거나 보여 주지 않기도 해. 멋진 배경 음악과 인기 있는 사람을 등장시켜 물건보다 분위기에 끌리게 만들기도 하지. 광고 속 사진은 실제보다 더 멋지게 보이도록 꾸민 경우가 많아.
광고에는 자주 쓰이는 방법들이 있어. “오늘만 이 가격!”처럼 서두르게 만드는 말, “많은 사람이 선택했다”처럼 남들이 다 산다는 느낌을 주는 말이 그 예야. 이런 말을 들으면 꼭 필요하지 않은 물건도 사고 싶어져.
요즘은 광고인지 아닌지 알아차리기 어려운 경우도 많아. 좋아하는 유튜버가 물건을 소개하는 영상이 사실은 돈을 받고 만든 광고일 수도 있거든. 그래서 광고라는 표시가 있는지 살펴보는 것이 중요해.
광고를 똑똑하게 읽으려면 질문을 던져 봐. 이 광고는 누가 만들었을까? 무엇을 보여 주고 무엇을 감추고 있을까? 이 물건이 나에게 정말 필요할까? 이렇게 따져 보면 광고에 휘둘리지 않고 스스로 판단하는 소비자가 될 수 있어. 광고를 즐기되 판단은 내가 하는 거야.",불리한,이롭지 못한,휘둘리지,남의 뜻대로 끌려다니지,광고 읽기,뜻,사도록 {{마음}}을 움직이는 글이나 영상,,1,기억할 점,{{파는}} 사람이 만든 것,"좋은 점은 크게, 불리한 점은 작게",2,자주 쓰는 방법,"서두르게 하는 말, 남들이 다 산다는 말",,3,숨은 광고,광고라는 {{표시}}를 살피기,,4,어떤 광고에 “3시간 뒤 판매 끝! 지금 바로!”라고 적혀 있어. 글에 따르면 이 문구가 노리는 것은?,물건의 불리한 점을 알려 주는 것,서두르게 만들어 바로 사게 하는 것,물건을 천천히 비교하게 하는 것,광고가 아니라고 알리는 것,2,3,서두르게 만드는 말은 꼭 필요하지 않은 물건도 사게 만든다.,"최근에 본 광고 하나를 골라, 그 광고가 보여 준 것과 감춘 것을 생각해 써 보세요."
사회심화-14,심화,사회,"시간이 다른 지구, 날짜 변경선","시간이 다른 지구, 날짜 변경선","우리가 점심을 먹는 낮 12시에 영국 런던은 새벽 3시쯤이야. 같은 순간인데 나라마다 시각이 다른 까닭은 지구가 둥글고 스스로 돌기 때문이야. 지구가 하루에 한 바퀴 돌면서 해가 비추는 곳이 차례로 바뀌거든.
지구는 한 바퀴, 곧 360도를 24시간에 돌아. 그래서 경도가 15도 달라질 때마다 1시간씩 시각이 달라져. 사람들은 영국의 그리니치 천문대를 지나는 경도 0도의 선을 기준으로 삼아 세계의 시각을 정했어. 이 선을 본초 자오선이라고 해.
해는 동쪽에서 떠오르기 때문에 기준선에서 동쪽으로 갈수록 시각이 빨라지고, 서쪽으로 갈수록 늦어져. 우리나라는 기준선보다 9시간 빠른 시각을 써. 그래서 서울이 오후 6시일 때 기준선이 지나는 곳의 시각은 같은 날 오전 9시야.
그런데 동쪽으로 계속 가며 시각을 더하고, 서쪽으로 계속 가며 시각을 빼다 보면 지구 반대편에서 하루의 차이가 생겨. 그래서 경도 180도 근처의 태평양에 날짜를 바꾸는 선을 정했어. 이것을 날짜 변경선이라고 해.
날짜 변경선을 서쪽으로 넘으면 날짜가 하루 늘어나고, 동쪽으로 넘으면 하루 줄어들어. 그래서 비행기를 타고 이 선을 지나면 같은 날을 두 번 맞거나 하루를 건너뛰기도 해. 이 선은 사람들이 많이 살지 않는 바다 위를 지나도록 정해져 있어. 그래서 날짜 변경선은 섬나라들을 피해 구불구불하게 그어져 있어.",경도,지구 위의 동서 위치를 나타내는 값,천문대,하늘의 별과 해를 관측하는 곳,시간대,까닭,지구가 둥글고 스스로 {{돌기}} 때문,,1,기준,경도 0도인 본초 {{자오선}},15도마다 1시간,2,우리나라,기준보다 9시간 {{빠른}} 시각,,3,날짜 변경선,경도 180도 근처 태평양,,4,서울이 오후 3시일 때 기준선(경도 0도)의 시각은 같은 날 몇 시일까?,오전 6시,오후 12시,오후 9시,오전 3시,1,3,우리나라는 기준보다 9시간 빠르므로 오후 3시에서 9시간을 빼면 오전 6시다.,다른 나라에 사는 친구와 영상 통화를 한다면 시간대를 생각해 언제 통화하면 좋을지 써 보세요.
사회심화-15,심화,사회,커져 가는 도시의 고민,커져 가는 도시의 고민,"오늘날 우리나라 사람 대부분은 도시에 살아. 산업이 발달하면서 일자리와 학교, 병원, 문화 시설이 도시에 모였고, 사람들도 이를 찾아 도시로 몰렸어. 이렇게 도시에 사는 사람의 비율이 높아지는 현상을 도시화라고 해.
도시화는 편리함을 가져왔어. 가까운 곳에서 여러 시설을 이용할 수 있고, 교통과 통신도 잘 갖추어져 있지. 사람과 기업이 모여 있어서 새로운 생각과 기술이 빠르게 생겨나기도 해. 다양한 사람을 만나며 새로운 경험을 하기도 쉬워.
하지만 사람이 한꺼번에 몰리면서 여러 문제가 생겼어. 집이 부족해 집값이 오르고, 출퇴근 시간에는 길이 꽉 막혀. 자동차와 공장이 늘어 공기가 나빠지고, 쓰레기도 많이 나와. 사람은 많지만 이웃과 서로 모르고 지내는 경우도 늘었어.
도시 문제는 서로 얽혀 있어. 집값이 비싸 도시 외곽에 사는 사람이 늘면 출퇴근 거리가 길어지고, 그러면 자동차가 늘어 길이 막히고 공기가 나빠지는 식이야. 그래서 한 가지 방법만으로는 해결하기 어려워.
이를 해결하려고 도시들은 여러 노력을 해. 대중교통을 늘리고, 공원과 녹지를 만들고, 일자리를 여러 지역으로 나누려 하지. 주민들이 함께 마을 공동체를 꾸리는 곳도 있어. 살기 좋은 도시는 시설뿐 아니라 사람들의 참여로 만들어져. 이웃과 인사를 나누는 작은 일도 도시를 따뜻하게 바꾸는 시작이야. 도시는 결국 그곳에 사는 사람들이 함께 가꾸는 곳이니까.",외곽,도시의 바깥 둘레,녹지,풀과 나무가 우거진 땅,도시 문제,도시화,도시에 사는 사람의 {{비율}}이 높아짐,,1,편리함,가까운 곳에서 여러 시설을 이용,,2,문제,"집 부족, 교통 혼잡, {{공기}} 오염",,3,해결 노력,{{대중교통}}과 공원 늘리기,마을 공동체,5,어느 도시에서 집값이 너무 올라 많은 사람이 멀리 이사했어. 글의 내용으로 볼 때 이어서 생길 수 있는 문제는?,출퇴근 거리가 길어져 길이 더 막힌다,도시의 공기가 저절로 깨끗해진다,일자리가 모두 사라진다,쓰레기가 전혀 나오지 않는다,1,4,도시 문제는 얽혀 있어서 외곽으로 이사하면 출퇴근 거리와 교통 혼잡이 늘어난다.,우리 동네가 더 살기 좋은 곳이 되기 위해 필요한 것을 도시 문제와 연결해 제안해 보세요.
역사34-01,3~4학년,역사,설날과 추석,설날과 추석,"우리나라에는 온 가족이 모이는 큰 명절이 두 개 있어. 바로 설날과 추석이야. 두 명절은 모두 달의 움직임을 기준으로 한 음력으로 날짜를 정해. 그래서 해마다 양력 날짜가 조금씩 달라져.
설날은 음력 1월 1일로, 새해의 첫날이야. 아침에는 조상께 차례를 지내고, 웃어른께 세배를 드려. 세배를 받은 어른은 덕담을 해 주시지. 설날에는 하얀 가래떡으로 끓인 떡국을 먹으며 한 살 더 먹는다고 여겼어.
추석은 음력 8월 15일로, 한가위라고도 불러. 추석 무렵은 곡식과 과일이 익는 때라 햇곡식으로 만든 음식을 나누어 먹어. 대표적인 음식은 송편이야. 조상의 산소를 찾아가 성묘를 하고, 밤에는 둥근 보름달을 보며 소원을 빌기도 해.
명절에는 가족과 이웃이 함께 어울리는 놀이도 했어. 설날에는 윷놀이와 연날리기를, 추석에는 강강술래를 즐겼지. 명절은 함께 모여 감사하고 서로의 정을 나누는 날이야.",음력,달이 차고 기우는 것을 기준으로 만든 달력,덕담,남이 잘되기를 비는 말,설날과 추석,설날,"음력 1월 1일, {{떡국}}을 먹음","차례, 세배",2,추석,"음력 8월 15일, {{송편}}을 먹음","성묘, 보름달",3,명절 놀이,"설날 윷놀이, 추석 {{강강술래}}",,4,의미,함께 모여 감사하고 정을 나눔,,4,"음력 8월 15일 아침, 보름달 모양 대신 반달 모양의 떡을 빚는 가족이 있어. 이 가족이 맞이한 명절과 떡으로 알맞은 것은?",설날 · 떡국,추석 · 송편,단오 · 수리취떡,동지 · 팥죽,2,3,음력 8월 15일은 추석이고 대표 음식은 송편이다.,"우리 가족이 명절을 보내는 모습을 한 가지 소개하고, 그 의미를 써 보세요."
역사34-02,3~4학년,역사,초가집과 기와집,초가집과 기와집,"옛날 사람들은 어떤 집에서 살았을까? 우리 조상들이 살던 집을 크게 초가집과 기와집으로 나눌 수 있어. 두 집은 지붕의 재료가 달라서 이름도 다르게 붙었어.
초가집은 볏짚으로 지붕을 덮은 집이야. 벼농사를 짓고 나면 볏짚을 쉽게 구할 수 있어서 많은 백성이 초가집에 살았어. 볏짚 지붕은 여름에는 시원하고 겨울에는 따뜻했지만, 썩기 쉬워서 해마다 새로 덮어 주어야 했어.
기와집은 흙을 구워 만든 기와로 지붕을 덮은 집이야. 기와는 튼튼하고 오래가지만 만드는 데 돈과 노력이 많이 들었어. 그래서 기와집은 주로 양반이나 부유한 사람들이 살았고, 궁궐과 절도 기와로 지붕을 덮었어.
두 집 모두 자연에서 얻은 재료로 지었다는 공통점이 있어. 흙과 나무, 돌, 짚으로 지은 집은 숨을 쉬듯 바람이 잘 통했지. 조상들은 자연과 어울리는 집을 지으며 살았던 거야.",궁궐,임금이 살던 큰 집,부유한,재산이 넉넉한,옛날 집,초가집,{{볏짚}}으로 지붕을 덮은 집,해마다 새로 덮음,2,기와집,흙을 구워 만든 {{기와}}로 덮은 집,튼튼하고 오래감,3,기와집에 산 사람,주로 {{양반}}이나 부유한 사람,궁궐과 절도 기와,3,공통점,자연에서 얻은 재료로 지음,,4,어느 마을 집의 지붕을 해마다 가을이 끝나면 새로 덮어야 했어. 이 집은 무엇일까?,기와집,초가집,궁궐,아파트,2,2,초가집의 볏짚 지붕은 썩기 쉬워서 해마다 새로 덮었다.,초가집과 기와집 중 살아 보고 싶은 집을 고르고 그 까닭을 써 보세요.
역사34-03,3~4학년,역사,"우리 옷, 한복","우리 옷, 한복","명절이나 결혼식 같은 특별한 날에 한복을 입어 본 적이 있니? 한복은 우리 조상들이 오랫동안 입어 온 우리의 전통 옷이야. 지금은 특별한 날에 주로 입지만, 옛날에는 날마다 입는 옷이었어.
한복은 윗옷인 저고리와 아래옷인 바지나 치마로 이루어져. 남자는 저고리와 바지를 입고, 여자는 저고리와 치마를 입었어. 밖에 나갈 때는 그 위에 두루마기라는 긴 겉옷을 걸쳤지.
한복은 몸에 꼭 끼지 않고 넉넉하게 만들어. 그래서 바닥에 앉거나 일할 때 움직이기 편했어. 옷고름이나 대님처럼 끈으로 묶어 입는 것도 한복의 특징이야.
조상들은 계절에 따라 옷감을 바꾸어 입었어. 여름에는 바람이 잘 통하는 모시나 삼베로, 겨울에는 솜을 넣어 따뜻하게 지었지. 한복에는 자연과 생활에 맞추려는 조상들의 지혜가 담겨 있어.",옷고름,저고리를 여미어 매는 끈,삼베,삼의 실로 짠 시원한 옷감,한복,구성,윗옷인 {{저고리}}와 바지나 치마,,2,겉옷,밖에 나갈 때 입는 긴 {{두루마기}},,2,특징,몸에 꼭 끼지 않고 {{넉넉하게}} 만듦,끈으로 묶어 입음,3,계절,"여름엔 모시, 겨울엔 솜",,4,조상들이 무더운 여름에 지어 입었을 한복으로 알맞은 것은?,솜을 두툼하게 넣은 한복,바람이 잘 통하는 모시 한복,털가죽으로 만든 한복,비닐로 만든 한복,2,4,여름에는 바람이 잘 통하는 모시나 삼베로 옷을 지었다.,한복을 오늘날 생활에 맞게 바꾼다면 어떻게 바꾸고 싶은지 써 보세요.
역사34-04,3~4학년,역사,"김치와 장, 기다림이 만든 맛","김치와 장, 기다림이 만든 맛","우리 밥상에 빠지지 않는 김치와 된장, 간장은 공통점이 있어. 모두 시간을 두고 익혀서 만든 음식이라는 거야. 이렇게 작은 생물이 음식을 오랫동안 변화시켜 맛을 내는 것을 발효라고 해.
옛날에는 냉장고가 없어서 겨울에 신선한 채소를 구하기 어려웠어. 그래서 늦가을이 되면 온 가족과 이웃이 모여 많은 양의 김치를 한꺼번에 담갔어. 이것을 김장이라고 해. 김장 김치 덕분에 추운 겨울에도 채소를 먹을 수 있었지.
된장과 간장은 콩으로 만들어. 콩을 삶아 메주를 만든 뒤, 소금물에 담가 오래 두면 간장과 된장이 돼. 장은 항아리에 담아 햇볕이 잘 드는 장독대에 두고 정성껏 돌보았어.
발효 음식은 오래 두고 먹을 수 있고 몸에도 좋아. 김장을 함께하며 이웃과 음식을 나누는 우리 문화는 세계에서도 그 가치를 인정받았어. 기다림과 나눔이 만든 맛인 셈이야.",메주,콩을 삶아 찧어 덩어리로 만들어 띄운 것,장독대,장을 담은 항아리를 놓아 두는 곳,발효 음식,뜻,작은 생물이 음식을 변화시키는 {{발효}},,1,김장,늦가을에 많은 김치를 담가 {{겨울}}에 먹음,,2,장,{{콩}}으로 메주를 만들어 담금,"된장, 간장",3,좋은 점,오래 두고 먹을 수 있음,,4,"냉장고가 없던 시절, 한겨울에도 채소 반찬을 먹을 수 있었던 까닭으로 알맞은 것은?",겨울에도 밭에서 채소가 많이 자라서,늦가을에 김장을 해 두었기 때문에,시장에서 날마다 채소를 사서,채소를 먹지 않아도 되어서,2,2,늦가을에 김장을 해서 겨울 내내 김치를 먹었다.,우리 집에서 먹는 발효 음식을 하나 찾아 어떻게 만드는지 조사해 써 보세요.
역사34-05,3~4학년,역사,"여름을 맞는 명절, 단오","여름을 맞는 명절, 단오","음력 5월 5일은 단오라는 명절이야. 단오 무렵은 모내기를 마치고 여름이 시작되는 때야. 옛날 사람들은 이날을 일 년 중 기운이 가장 좋은 날로 여겨 큰 명절로 지냈어.
단오에는 창포라는 풀을 삶은 물에 머리를 감았어. 창포물로 머리를 감으면 머리카락이 윤기 나고 나쁜 기운을 막아 준다고 믿었지. 또 여름 더위를 잘 이겨 내라는 뜻으로 서로 부채를 선물하기도 했어.
단오에는 신나는 놀이도 많았어. 여자들은 높이 매단 그네를 타며 누가 더 높이 오르는지 겨루었고, 남자들은 씨름을 하며 힘을 겨루었어. 마을 사람들이 모두 모여 응원하며 하루를 즐겼지.
오늘날에도 강릉 단오제처럼 단오의 전통을 이어 가는 축제가 열려. 단오는 바쁜 농사일 사이에 쉬면서 건강을 빌고 힘을 모으는 날이었어.",모내기,어린 벼를 논에 옮겨 심는 일,윤기,반들반들하게 빛나는 기운,단오,날짜,"음력 5월 5일, 여름이 시작될 무렵",,1,풍습,{{창포}}물에 머리 감기,부채 선물,2,놀이,"여자는 {{그네}}, 남자는 씨름",,3,오늘날,강릉 {{단오제}},,4,"단오에 친구에게 선물을 한다면, 글의 내용에 비추어 가장 알맞은 것은?",털장갑,부채,연,팥죽,2,2,여름 더위를 잘 이겨 내라는 뜻으로 단오에 부채를 선물했다.,단오의 풍습 중 오늘날 우리 반에서 해 보고 싶은 것을 고르고 까닭을 써 보세요.
역사34-06,3~4학년,역사,윷놀이 속 동물 이야기,윷놀이 속 동물 이야기,"윷놀이는 설날에 온 가족이 즐기는 전통 놀이야. 둥근 윷가락 네 개를 던져서 나온 모양에 따라 말을 옮겨. 말이 모두 먼저 판을 돌아 나오는 편이 이기지.
윷을 던지면 도, 개, 걸, 윷, 모 가운데 하나가 나와. 이 이름에는 동물이 숨어 있어. 도는 돼지, 개는 개, 걸은 양, 윷은 소, 모는 말을 뜻한다고 전해져.
동물의 크기와 빠르기를 떠올리면 규칙을 쉽게 기억할 수 있어. 도는 한 칸, 개는 두 칸, 걸은 세 칸, 윷은 네 칸, 모는 다섯 칸을 가. 덩치가 크고 빠른 동물일수록 더 멀리 가는 셈이지.
윷놀이는 운도 중요하지만 말을 어디로 옮길지 생각하는 꾀도 필요해. 편을 나누어 서로 응원하다 보면 가족과 이웃이 더 가까워지지. 그래서 윷놀이는 오랫동안 사랑받아 왔어.",윷가락,윷놀이에 쓰는 둥글고 길쭉한 나무토막,꾀,일을 잘 꾸며 내는 묘한 생각,윷놀이,방법,윷가락 네 개를 던져 {{말}}을 옮김,,1,이름의 뜻,"도는 {{돼지}}, 모는 말","개는 개, 걸은 양, 윷은 소",2,칸 수,"도는 한 칸, 모는 {{다섯}} 칸",,3,좋은 점,가족과 이웃이 가까워짐,,4,윷을 던졌는데 걸이 나왔어. 글의 내용에 따르면 말은 몇 칸을 가야 할까?,한 칸,두 칸,세 칸,네 칸,3,3,걸은 세 칸을 간다.,윷놀이처럼 가족이 함께 즐길 수 있는 놀이를 하나 소개하고 규칙을 간단히 써 보세요.
역사34-07,3~4학년,역사,"조상의 숨결, 문화유산","조상의 숨결, 문화유산","오래된 궁궐이나 탑을 보면 옛날 사람들의 모습이 떠오르지? 조상들이 남긴 것 가운데 오늘날까지 가치가 있어 물려받은 것을 문화유산이라고 해. 문화유산에는 조상들의 생활과 생각이 담겨 있어.
문화유산은 크게 두 가지로 나눌 수 있어. 궁궐, 탑, 그림, 책처럼 모양이 있어 눈으로 볼 수 있는 것을 유형 문화유산이라고 해. 경복궁과 불국사의 다보탑이 그 예야.
모양은 없지만 사람에게서 사람으로 이어져 온 것도 있어. 노래, 춤, 놀이, 음식을 만드는 기술 같은 것을 무형 문화유산이라고 해. 판소리, 탈춤, 아리랑이 대표적이야.
문화유산은 한번 망가지면 다시 되살리기 어려워. 그래서 문화유산을 함부로 만지거나 낙서하지 않고 소중히 지켜야 해. 우리 고장에 어떤 문화유산이 있는지 찾아보는 것도 문화유산을 아끼는 첫걸음이야.",궁궐,임금이 살던 큰 집,판소리,한 사람이 북장단에 맞추어 노래와 말로 이야기를 들려주는 우리 음악,문화유산,뜻,조상이 남긴 {{가치}} 있는 것,,1,유형 문화유산,"눈으로 볼 수 있는 것: {{경복궁}}, 다보탑",,2,무형 문화유산,"사람에게서 사람으로 이어진 것: 탈춤, {{아리랑}}",,3,지키는 방법,함부로 만지거나 낙서하지 않기,,4,다음 중 무형 문화유산에 속하는 것은?,경복궁,다보탑,탈춤,오래된 그림,3,3,탈춤처럼 모양은 없지만 사람으로 이어져 온 것은 무형 문화유산이다.,우리 고장의 문화유산을 하나 조사하고 그것을 지키는 방법을 써 보세요.
역사34-08,3~4학년,역사,박물관을 즐기는 방법,박물관을 즐기는 방법,"박물관은 오래된 물건을 모아 두고 사람들이 볼 수 있게 한 곳이야. 박물관에 있는 옛날 물건을 유물이라고 해. 유물을 보면 책에서 읽은 옛날 사람들의 생활을 눈앞에서 만날 수 있어.
박물관에 가기 전에 미리 준비하면 더 재미있게 볼 수 있어. 박물관 누리집에서 어떤 유물이 있는지 살펴보고, 꼭 보고 싶은 유물을 정해 봐. 궁금한 점을 적어 가면 관람할 때 답을 찾을 수 있지.
박물관에서는 지켜야 할 예절이 있어. 유물은 아주 약해서 손으로 만지면 안 되고, 진열장에 기대거나 두드려도 안 돼. 사진을 찍을 때 번쩍이는 빛을 쓰면 유물이 상할 수 있어서 금지하는 곳이 많아. 다른 관람객을 위해 조용히 이야기해야 해.
관람이 끝나면 기억에 남는 유물을 그림이나 글로 남겨 봐. 해설사 선생님의 설명을 듣거나 체험 활동에 참여하면 더 오래 기억할 수 있어.",진열장,물건을 보기 좋게 넣어 두는 유리 상자,해설사,전시물을 설명해 주는 사람,박물관 관람,박물관,오래된 물건인 {{유물}}을 모아 보여 주는 곳,,1,준비,누리집에서 보고 싶은 유물 정하기,,2,예절,유물을 {{손}}으로 만지지 않기,"번쩍이는 빛 금지, 조용히",3,정리,기억에 남는 유물을 {{그림}}이나 글로 남기기,,4,박물관에서 친구가 유물 사진을 찍으려고 휴대 전화의 번쩍이는 빛을 켰어. 글에 따르면 어떻게 말해 주면 좋을까?,“더 밝게 찍어.”,“빛 때문에 유물이 상할 수 있으니 꺼 줘.”,“유물을 손으로 들고 찍어.”,“진열장을 두드려 봐.”,2,3,번쩍이는 빛은 유물을 상하게 할 수 있다.,박물관에 간다면 꼭 보고 싶은 유물과 그 까닭을 써 보세요.
역사34-09,3~4학년,역사,"옛날 학교, 서당","옛날 학교, 서당","옛날 아이들은 어디에서 공부했을까? 조선 시대 마을에는 서당이라는 작은 학교가 있었어. 서당에서는 주로 일곱 살 무렵부터 아이들이 모여 글을 배웠어.
서당의 선생님을 훈장이라고 불렀어. 훈장님은 아이들에게 한자를 가르치고 바른 몸가짐과 예절도 가르쳤어. 아이들은 처음에 천자문이라는 책으로 한자를 익혔지.
서당에서는 소리 내어 글을 읽는 것을 중요하게 여겼어. 아이들은 몸을 앞뒤로 흔들며 큰 소리로 글을 읽고 외웠어. 다 외운 아이는 훈장님 앞에서 책을 덮고 읽어야 했어.
책 한 권을 다 떼면 책거리라는 잔치를 열었어. 아이의 부모님이 떡과 음식을 마련해 훈장님과 친구들에게 대접했지. 서로 축하하며 다음 공부를 다짐하는 날이었어.",천자문,한자 천 자를 넉 자씩 묶은 옛날 한자 공부 책,몸가짐,몸을 움직이거나 가지는 태도,서당,서당,조선 시대 마을의 작은 {{학교}},,1,선생님,훈장님이 한자와 {{예절}}을 가르침,,2,공부 방법,큰 {{소리}}로 읽고 외우기,,3,책거리,책 한 권을 다 떼면 여는 잔치,,4,서당의 한 아이가 천자문을 다 배웠어. 글의 내용으로 볼 때 이어서 있었을 일은?,책거리 잔치를 연다,서당을 그만둔다,책을 모두 버린다,훈장님이 된다,1,4,책 한 권을 다 떼면 책거리를 열어 축하했다.,서당과 오늘날 학교를 비교해 같은 점과 다른 점을 한 가지씩 써 보세요.
역사34-10,3~4학년,역사,마을을 지키던 장승과 솟대,마을을 지키던 장승과 솟대,"옛날 마을 입구에는 커다란 나무나 돌로 만든 얼굴이 서 있었어. 이것을 장승이라고 해. 장승은 눈을 크게 뜨고 이를 드러낸 무서운 얼굴을 하고 있었는데, 나쁜 기운이 마을에 들어오지 못하게 막아 준다고 믿었기 때문이야.
장승은 보통 둘이 짝을 이루어 서 있었어. 몸에는 천하대장군, 지하여장군 같은 글씨를 새겼어. 장승은 마을의 경계를 알려 주고, 다른 마을까지 거리가 얼마인지 알려 주는 이정표 역할도 했어.
장승 곁에는 긴 나무 장대 끝에 새를 깎아 올린 솟대도 세웠어. 솟대 위의 새는 주로 오리였어. 오리는 물에서도 하늘에서도 살 수 있어서, 사람들은 오리가 비를 불러 농사가 잘되게 해 준다고 믿었어.
장승과 솟대에는 마을 사람들이 함께 평안하고 풍년이 들기를 바라는 마음이 담겨 있어. 지금도 몇몇 마을에서는 장승과 솟대를 세우며 그 뜻을 이어 가고 있어.",이정표,방향이나 거리를 알려 주는 표지,풍년,곡식이 잘 자라 거둔 것이 많은 해,장승과 솟대,장승,마을 {{입구}}에 세운 무서운 얼굴,나쁜 기운을 막는다고 믿음,1,장승의 역할,마을의 {{경계}}와 거리를 알려 줌,,2,솟대,"장대 끝에 올린 새, 주로 {{오리}}",비를 부른다고 믿음,3,담긴 마음,평안과 풍년을 바람,,4,옛날 나그네가 장승 앞에서 다음 마을까지 얼마나 남았는지 알게 되었어. 장승의 어떤 역할 덕분일까?,나쁜 기운을 막는 역할,이정표 역할,비를 부르는 역할,곡식을 기르는 역할,2,2,장승은 다른 마을까지 거리를 알려 주는 이정표 역할도 했다.,우리 학교를 지키는 장승이나 솟대를 만든다면 어떤 모습으로 만들고 어떤 바람을 담을지 써 보세요.
역사34-11,3~4학년,역사,"누구나 쉽게 배우는 글자, 한글","누구나 쉽게 배우는 글자, 한글","우리가 날마다 쓰는 한글은 누가 만들었을까? 한글은 조선의 세종대왕이 만들었어. 한글이 생기기 전에는 우리말을 적을 우리 글자가 없어서 중국의 한자를 빌려 썼지.
한자는 글자 수가 아주 많고 배우기 어려웠어. 그래서 대부분의 백성은 글을 읽고 쓸 수 없었어. 세종대왕은 억울한 일을 당해도 글을 몰라 하소연하지 못하는 백성을 안타깝게 여겼어.
세종대왕은 누구나 쉽게 배울 수 있는 글자를 만들기로 했어. 그리고 1443년에 새 글자를 완성하고, 1446년에 온 백성에게 널리 알렸어. 이 글자의 이름은 훈민정음이었는데, 백성을 가르치는 바른 소리라는 뜻이야.
한글은 글자 수가 적고 원리가 과학적이어서 배우기 쉬워. 그래서 많은 사람이 글을 읽고 쓸 수 있게 되었어. 우리는 10월 9일 한글날에 한글의 소중함을 기려.",하소연,억울한 일을 남에게 말함,원리,사물이 움직이는 근본이 되는 이치,한글,만든 사람,조선의 {{세종대왕}},,1,만든 까닭,한자가 어려워 글을 모르는 {{백성}},,2,처음 이름,"백성을 가르치는 바른 소리, {{훈민정음}}","1443년 완성, 1446년 반포",3,좋은 점,글자 수가 적고 배우기 쉬움,,4,"한글이 없던 시절, 글을 모르는 백성이 겪었을 어려움으로 알맞은 것은?",억울한 일이 있어도 글로 알리기 어려웠다,한자를 모두 쉽게 읽었다,책이 너무 쉬웠다,편지를 마음대로 썼다,1,2,글을 몰라 억울한 일을 당해도 하소연하지 못했다.,한글이 없었다면 우리 생활이 어떻게 달라졌을지 상상해서 써 보세요.
역사34-12,3~4학년,역사,그림자로 시각을 알려 준 앙부일구,그림자로 시각을 알려 준 앙부일구,"시계가 없던 옛날에는 어떻게 시각을 알았을까? 조상들은 해를 이용했어. 해가 움직이면 물체의 그림자도 따라 움직이기 때문에, 그림자의 위치를 보고 시각을 알 수 있었지.
세종대왕 때 만든 앙부일구는 해의 그림자로 시각을 알려 주는 해시계야. 앙부일구라는 이름은 하늘을 우러러보는 가마솥 모양의 해시계라는 뜻이야. 이름처럼 솥처럼 오목하게 생겼어.
앙부일구의 오목한 면에는 시각과 절기를 나타내는 선이 그어져 있어. 가운데 세운 뾰족한 막대의 그림자가 어느 선에 닿는지 보면 시각과 계절을 함께 알 수 있었어.
세종대왕은 앙부일구를 사람들이 많이 다니는 길가에 놓아 누구나 볼 수 있게 했어. 글을 모르는 백성도 시각을 알 수 있도록 시각을 동물 그림으로 나타냈다고 해. 백성을 생각하는 마음이 담긴 시계였던 거야.",절기,한 해를 스물넷으로 나눈 계절의 구분,오목한,가운데가 동그스름하게 쏙 들어간,앙부일구,원리,해가 움직이면 {{그림자}}도 움직임,,1,생김새,솥처럼 {{오목하게}} 생긴 해시계,,2,보는 법,막대 그림자로 시각과 {{계절}}을 앎,,3,백성 사랑,길가에 두고 동물 그림으로 시각 표시,,4,구름이 잔뜩 낀 흐린 날에는 앙부일구로 시각을 알기 어려웠을 거야. 그 까닭으로 알맞은 것은?,막대가 사라져서,해가 가려 그림자가 생기지 않아서,동물 그림이 지워져서,길가에 사람이 없어서,2,1,앙부일구는 해의 그림자로 시각을 알려 주므로 해가 가리면 쓰기 어렵다.,운동장에서 막대 하나로 해시계를 만든다면 어떻게 시각을 알아볼지 방법을 써 보세요.
역사34-13,3~4학년,역사,비의 양을 잰 측우기,비의 양을 잰 측우기,"옛날 사람들에게 비는 매우 중요했어. 대부분의 사람이 농사를 지었는데, 비가 너무 적게 오면 가뭄이 들고 너무 많이 오면 홍수가 났거든. 그래서 비가 얼마나 왔는지 아는 것은 나라의 큰 관심사였어.
처음에는 비가 내린 뒤 땅에 스며든 깊이를 재어 비의 양을 짐작했어. 그런데 땅의 흙이 마르고 젖은 정도에 따라 스며드는 깊이가 달라서 정확하지 않았지.
세종대왕 때 이 문제를 해결하려고 측우기를 만들었어. 측우기는 쇠로 만든 원통 모양의 그릇이야. 비가 그릇에 고이면 자로 물의 깊이를 재서 비의 양을 정확하게 알 수 있었어.
나라에서는 측우기를 서울뿐 아니라 여러 지역에 두고 비의 양을 기록하게 했어. 이 기록을 모아 지역마다 비가 얼마나 오는지 알고 농사에 활용했지. 측우기에는 과학으로 백성의 생활을 돕고자 한 마음이 담겨 있어.",가뭄,오랫동안 비가 내리지 않아 메마른 날씨,원통,둥근 기둥 모양,측우기,필요한 까닭,비의 양이 {{농사}}에 중요함,가뭄과 홍수,1,예전 방법,땅에 스며든 깊이로 짐작,정확하지 않음,2,측우기,"쇠로 만든 원통 그릇, {{자}}로 깊이를 잼",,3,활용,여러 지역의 {{기록}}을 모아 농사에 씀,,4,어느 마을에서 비가 그친 뒤 측우기 안의 물 깊이를 재었더니 지난번보다 두 배 깊었어. 이 기록으로 알 수 있는 것은?,이번에 내린 비의 양이 지난번보다 많았다,이번에 해가 더 오래 떴다,바람이 더 세게 불었다,땅이 더 말랐다,1,3,측우기에 고인 물의 깊이로 비의 양을 잰다.,날씨를 기록하는 것이 오늘날 우리 생활에 어떻게 쓰이는지 예를 들어 써 보세요.
역사34-14,3~4학년,역사,바닥이 따뜻한 온돌,바닥이 따뜻한 온돌,"우리나라 사람들은 오래전부터 방바닥에 앉고 누워 생활했어. 추운 겨울에도 따뜻하게 지낼 수 있었던 것은 온돌 덕분이야. 온돌은 방바닥 아래를 데워 방 전체를 따뜻하게 하는 우리 고유의 난방 방법이야.
온돌의 원리는 이래. 부엌의 아궁이에 불을 때면 뜨거운 공기와 연기가 방바닥 아래의 좁은 길을 따라 지나가. 그 길 위에 깐 넓은 돌인 구들장이 데워지면 방바닥이 따뜻해지지. 연기는 집 뒤쪽 굴뚝으로 빠져나가.
구들장은 한번 데워지면 오랫동안 열을 간직해. 그래서 저녁에 불을 때면 밤새 방이 따뜻했어. 또 아궁이에서 밥을 지으면 그 열로 방까지 데울 수 있어서 땔감을 아낄 수 있었어.
오늘날 아파트의 바닥 난방도 온돌의 원리를 이어받았어. 아궁이 대신 뜨거운 물이 바닥 아래 관을 따라 흐르며 방을 데우지. 조상들의 지혜가 지금까지 이어지고 있는 거야.",아궁이,방이나 솥에 불을 때려고 만든 구멍,땔감,불을 때는 데 쓰는 나무 같은 재료,온돌,뜻,방바닥 아래를 데우는 난방 방법,,1,원리,아궁이 불의 열이 {{구들장}}을 데움,연기는 굴뚝으로,2,좋은 점,데워진 돌이 오래 {{열}}을 간직함,땔감 절약,3,오늘날,뜨거운 {{물}}이 바닥 아래 관으로 흐름,,4,저녁에 아궁이에 불을 때고 잤는데 새벽까지 방이 따뜻했어. 글에서 그 까닭을 찾은 것은?,굴뚝이 열을 모아서,구들장이 한번 데워지면 열을 오래 간직해서,창문을 열어 두어서,방바닥이 얼음이어서,2,3,구들장은 한번 데워지면 오랫동안 열을 간직한다.,온돌처럼 옛날의 지혜가 오늘날까지 이어진 예를 하나 더 찾아 써 보세요.
역사34-15,3~4학년,역사,닷새마다 열리는 오일장,닷새마다 열리는 오일장,"옛날 시골에는 날마다 열리는 가게가 많지 않았어. 대신 정해진 날에만 사람들이 모여 물건을 사고파는 장이 섰어. 보통 닷새마다 한 번씩 열려서 오일장이라고 불렀어.
장날이 되면 주변 마을 사람들이 기른 곡식과 채소, 손수 만든 물건을 가지고 모여들었어. 필요한 물건을 사고, 남는 물건을 팔아 살림에 보탰지. 장터에는 국밥집과 엿장수도 있어 시끌벅적했어.
여러 장터를 돌아다니며 물건을 파는 상인도 있었어. 이들을 보부상이라고 해. 보부상은 무거운 짐을 지고 장터와 장터 사이를 오가며 먼 곳의 물건과 소식을 전해 주었어.
장터는 물건만 사고파는 곳이 아니었어. 오랜만에 친척과 친구를 만나 안부를 묻고, 마을 소식을 나누는 만남의 장소였지. 지금도 여러 지역에서 오일장이 열려 옛 정취를 느낄 수 있어.",장터,장이 서는 곳,정취,깊은 정과 운치를 느끼게 하는 기분,오일장,뜻,{{닷새}}마다 열리는 장,,1,장날 모습,기른 곡식과 손수 만든 물건을 사고팜,,2,보부상,장터를 돌며 물건과 {{소식}}을 전함,,3,만남의 장소,친척과 친구를 만나 {{안부}}를 물음,,4,어느 마을의 오일장이 3일에 열렸어. 글의 내용에 따르면 다음 장날은 며칠일까?,4일,5일,8일,10일,3,1,오일장은 닷새마다 열리므로 3일 다음 장날은 8일이다.,오늘날 시장이나 마트와 옛날 오일장을 비교해 같은 점과 다른 점을 써 보세요.
역사56-01,5~6학년,역사,"우리 역사 최초의 나라, 고조선","우리 역사 최초의 나라, 고조선","한반도와 그 주변에 처음 세워진 나라는 고조선이야. 기록에 따르면 단군왕검이 고조선을 세웠다고 해. 단군왕검이라는 이름에는 하늘에 제사를 지내는 사람과 나라를 다스리는 사람이라는 뜻이 함께 담겨 있어. 그만큼 고조선의 지도자는 큰 힘을 가졌던 거야.
고조선은 청동기 문화를 바탕으로 세워졌어. 청동은 구리에 주석을 섞어 만든 금속인데, 만들기 어려워서 주로 지배자가 무기나 제사 도구로 썼어. 청동 검과 거울은 지배자의 힘을 보여 주는 물건이었지. 이 시기에는 큰 돌로 만든 무덤인 고인돌도 많이 만들어졌어.
고조선에는 사회 질서를 지키기 위한 법이 있었어. 여덟 개의 조항이 있었다고 해서 8조법이라고 부르는데, 지금은 세 개만 전해져. 사람을 죽인 사람은 사형에 처하고, 남을 다치게 한 사람은 곡식으로 갚고, 도둑질한 사람은 노비로 삼는다는 내용이야.
이 법을 보면 고조선 사람들이 생명과 재산을 소중히 여겼고, 신분의 차이가 있었다는 것을 알 수 있어. 곡식으로 갚게 했다는 것에서 농사가 중요했다는 사실도 짐작할 수 있지.
고조선은 점점 힘을 키워 주변 나라들과 겨룰 만큼 성장했어. 이후 철기 문화를 받아들여 더욱 발전했지만, 결국 중국 한나라의 공격을 받아 무너졌어. 그래도 고조선은 우리 역사의 뿌리로 오래 기억되고 있어.",고인돌,큰 돌로 만든 옛 무덤,노비,남의 집에 매여 일하던 가장 낮은 신분의 사람,고조선,세운 사람,기록에 따르면 {{단군왕검}},,1,바탕,"{{청동기}} 문화, 고인돌",,2,8조법,전해지는 것은 {{세}} 조항,생명과 재산 존중,3,알 수 있는 점,"신분 차이, 농사의 중요성",,4,고조선의 8조법 가운데 ‘남을 다치게 한 사람은 곡식으로 갚는다’는 조항에서 짐작할 수 있는 것은?,고조선에서는 농사가 중요했다,고조선에는 돈이 아주 많았다,고조선 사람들은 바다에서만 살았다,고조선에는 법이 없었다,1,4,곡식으로 갚게 했다는 것에서 농사가 중요했다는 것을 알 수 있다.,고조선의 8조법과 오늘날의 법을 비교해 같은 점과 다른 점을 써 보세요.
역사56-02,5~6학년,역사,"세 나라의 경쟁, 삼국 시대","세 나라의 경쟁, 삼국 시대","고조선이 무너진 뒤 여러 나라가 생겨났고, 그 가운데 고구려, 백제, 신라가 크게 성장했어. 세 나라가 함께 경쟁하던 이 시기를 삼국 시대라고 해. 세 나라는 서로 힘을 겨루기도 하고, 때로는 힘을 합치기도 했어.
가장 먼저 크게 발전한 나라는 백제야. 백제는 한강 주변의 넓고 기름진 땅을 바탕으로 4세기에 전성기를 맞았어. 바다를 통해 중국, 일본과 활발하게 교류하면서 앞선 문화를 일본에 전해 주기도 했지.
고구려는 5세기에 가장 넓은 땅을 차지했어. 광개토대왕은 북쪽과 남쪽으로 영토를 크게 넓혔고, 아들인 장수왕은 도읍을 평양으로 옮긴 뒤 한강 지역까지 차지했어. 고구려 사람들의 씩씩한 모습은 무덤 속 벽화에도 남아 있어.
신라는 세 나라 가운데 가장 늦게 발전했지만, 6세기 진흥왕 때 한강 지역을 차지하며 크게 성장했어. 한강을 차지하자 중국과 직접 교류할 수 있게 되었지. 진흥왕은 넓힌 땅을 둘러보고 순수비라는 비석을 세웠어.
세 나라가 번갈아 한강을 차지하려고 애쓴 까닭은 무엇일까? 한강 주변은 땅이 기름져 농사가 잘되고, 강과 바다로 이어져 교통이 편리했어. 그래서 한강을 차지한 나라가 그 시기에 가장 강한 나라가 되었어.",전성기,힘이나 세력이 가장 왕성한 때,순수비,임금이 나라 안을 둘러보고 세운 비석,삼국 시대,백제,"4세기 전성기, 일본에 문화 전파",,2,고구려,5세기 {{광개토대왕}}과 장수왕,가장 넓은 땅,3,신라,6세기 {{진흥왕}} 때 한강 차지,,4,한강의 가치,땅이 기름지고 {{교통}}이 편리,,5,"삼국 가운데 어느 시기에 가장 강했던 나라를 알아보려면, 글의 내용에 따라 무엇을 살펴보면 좋을까?",그 시기에 한강을 차지한 나라,가장 늦게 세워진 나라,바다에서 가장 먼 나라,비석이 가장 많은 나라,1,5,한강을 차지한 나라가 그 시기에 가장 강한 나라가 되었다.,내가 삼국 시대의 왕이라면 한강을 차지한 뒤 무엇을 하고 싶은지 까닭과 함께 써 보세요.
역사56-03,5~6학년,역사,신라의 삼국 통일,신라의 삼국 통일,"삼국의 경쟁이 치열하던 7세기, 신라는 고구려와 백제의 공격으로 어려움을 겪었어. 신라는 이 위기를 벗어나기 위해 중국의 당나라와 손을 잡았어. 이를 나당 연합이라고 해. 김춘추는 외교로, 김유신은 군사로 큰 역할을 했지.
나당 연합군은 먼저 백제를 공격했어. 백제의 계백 장군은 황산벌에서 적은 군사로 끝까지 맞서 싸웠지만, 결국 660년에 백제는 무너졌어. 이어서 고구려도 내부 다툼으로 힘이 약해진 틈에 공격을 받아 668년에 무너졌어.
그런데 당나라는 처음 약속과 달리 한반도 전체를 차지하려는 욕심을 드러냈어. 신라는 이번에는 당나라와 맞서 싸웠어. 고구려와 백제의 남은 사람들도 신라와 힘을 합쳤지. 신라는 매소성과 기벌포 싸움에서 당나라 군대를 크게 물리쳤어.
마침내 676년, 신라는 당나라 군대를 몰아내고 삼국 통일을 이루었어. 통일 이후 세 나라 사람들의 문화가 어우러지면서 새로운 문화가 꽃피었어. 불국사와 석굴암도 이 시기에 만들어졌어.
다만 신라의 통일은 고구려 땅의 상당 부분을 차지하지 못했다는 아쉬움이 있어. 그래도 처음으로 한반도의 많은 지역이 하나의 나라로 묶였다는 점에서 우리 역사에 큰 의미가 있어.",외교,다른 나라와 관계를 맺고 의논하는 일,연합,둘 이상이 힘을 합침,신라의 삼국 통일,손잡기,신라와 당나라의 {{나당}} 연합,"김춘추, 김유신",1,백제와 고구려,"660년 백제, 668년 {{고구려}} 멸망",,2,당과의 싸움,{{매소성}}과 기벌포에서 승리,,3,통일 이후,"676년 통일, 불국사와 석굴암",,4,당나라가 약속을 어기자 신라가 고구려와 백제의 남은 사람들과 힘을 합쳤어. 글의 내용으로 볼 때 그 까닭으로 알맞은 것은?,당나라를 함께 몰아내기 위해,당나라와 더 친해지기 위해,일본을 공격하기 위해,신라를 무너뜨리기 위해,1,3,당나라가 한반도 전체를 차지하려 하자 함께 맞서 싸웠다.,신라의 삼국 통일에서 잘한 점과 아쉬운 점을 하나씩 들어 내 생각을 써 보세요.
역사56-04,5~6학년,역사,"바다 동쪽의 융성한 나라, 발해","바다 동쪽의 융성한 나라, 발해","신라가 삼국을 통일한 뒤, 북쪽의 옛 고구려 땅에는 새로운 나라가 세워졌어. 바로 698년에 대조영이 세운 발해야. 대조영은 고구려의 장군 출신으로, 고구려 유민과 말갈 사람들을 이끌고 나라를 세웠어.
발해는 고구려를 이은 나라라는 생각을 분명히 가지고 있었어. 발해 왕은 일본에 보낸 문서에서 스스로를 고구려의 왕이라고 부르기도 했어. 발해의 집터에서 발견된 온돌과 기와의 모양도 고구려와 많이 닮았지.
발해는 점점 힘을 키워 옛 고구려 땅의 대부분을 차지했어. 9세기 무렵에는 매우 번성해서 중국 사람들이 발해를 바다 동쪽의 융성한 나라라는 뜻의 해동성국이라고 불렀어.
발해는 당나라의 문화를 받아들이면서도 고구려의 전통을 이어 자신만의 문화를 만들었어. 수도인 상경은 계획적으로 반듯하게 지어진 큰 도시였어. 또 신라, 일본, 당나라와 길을 열어 활발하게 교류했어.
발해는 926년에 거란의 공격을 받아 무너졌어. 발해가 무너진 뒤 많은 발해 사람들이 고려로 넘어왔어. 그래서 이 시기를 남쪽의 신라와 북쪽의 발해가 함께 있었던 남북국 시대라고 부르기도 해.",유민,망한 나라의 백성,융성한,기운차게 일어나 크게 번성한,발해,건국,698년 {{대조영}}이 세움,고구려 유민과 말갈,1,고구려 계승,온돌과 {{기와}} 모양이 닮음,,2,전성기,해동성국이라 불림,,3,멸망,926년 {{거란}}의 공격,남북국 시대,5,발해가 고구려를 이은 나라라는 것을 보여 주는 증거로 알맞지 않은 것은?,발해 왕이 스스로를 고구려 왕이라고 부름,발해 집터의 온돌이 고구려와 닮음,발해 기와 모양이 고구려와 닮음,발해가 926년에 거란에 무너짐,4,2,발해의 멸망은 고구려 계승의 증거가 아니다.,발해를 우리 역사로 기억해야 하는 까닭을 글의 내용을 근거로 써 보세요.
역사56-05,5~6학년,역사,"푸른빛의 비밀, 고려청자","푸른빛의 비밀, 고려청자","신라 말 혼란이 이어지던 때, 왕건은 918년에 고려를 세우고 936년에 후삼국을 다시 하나로 통일했어. 고려는 다른 나라와 활발하게 교류하면서 수준 높은 문화를 꽃피웠는데, 그 대표가 바로 고려청자야.
청자는 푸른빛이 도는 도자기를 말해. 고려 사람들은 흙과 유약, 가마의 불을 다루는 뛰어난 기술로 맑고 은은한 푸른빛을 냈어. 이 빛깔은 비취라는 보석의 색을 닮았다고 해서 비색이라고 불렸어.
고려청자에는 고려만의 특별한 기법이 있어. 바로 상감 기법이야. 그릇 표면에 무늬를 파낸 뒤 그 자리에 흰 흙이나 붉은 흙을 메워 넣고 구우면, 흰색과 검은색 무늬가 선명하게 나타나. 구름과 학, 국화 같은 무늬가 자주 쓰였어.
상감 기법은 만들기 까다로워서 오랜 정성과 실력이 필요했어. 흙을 메운 부분과 그릇이 가마에서 서로 다르게 줄어들면 금이 가기 쉬웠거든. 그래서 상감 청자는 고려 장인들의 뛰어난 솜씨를 보여 주는 증거야.
고려청자는 당시 중국 사람들에게도 높이 평가받았어. 오늘날에도 많은 고려청자가 국보로 지정되어 소중하게 보관되고 있어. 청자를 보면 아름다움을 추구한 고려 사람들의 마음을 느낄 수 있어.",유약,도자기 겉에 발라 윤기를 내는 약,장인,손으로 물건을 만드는 기술이 뛰어난 사람,고려청자,고려 건국,918년 {{왕건}}이 세움,936년 후삼국 통일,1,빛깔,"맑은 푸른빛, {{비색}}",,2,상감 기법,무늬를 파고 흰 흙이나 붉은 흙을 {{메워}} 구움,,3,가치,"장인의 솜씨, 국보",,5,어느 박물관 청자에 학 무늬가 흰색과 검은색으로 또렷하게 새겨져 있어. 이 청자를 만든 방법으로 알맞은 것은?,무늬를 그림물감으로 그렸다,무늬를 파내고 그 자리에 흙을 메워 구웠다,종이를 붙였다,유약만 여러 번 발랐다,2,3,상감 기법은 무늬를 파낸 자리에 흙을 메워 구워 무늬를 나타낸다.,"고려청자에 새길 나만의 무늬를 정하고, 그 무늬에 담을 의미를 써 보세요."
역사56-06,5~6학년,역사,"나무판에 새긴 마음, 팔만대장경","나무판에 새긴 마음, 팔만대장경","고려 시대에 몽골군이 쳐들어와 온 나라가 큰 고통을 겪었어. 이때 고려 사람들은 부처의 힘으로 나라를 지키고자 하는 마음을 모아 큰일을 시작했어. 불교 경전을 나무판에 새겨 대장경을 만드는 일이었지.
이렇게 만든 대장경은 나무판이 8만 장이 넘어서 팔만대장경이라고 불러. 십여 년이 넘는 긴 시간 동안 많은 사람이 힘을 모았어. 나무를 바닷물에 담갔다가 말려서 잘 썩지 않게 했고, 한 글자 한 글자 정성껏 새겼어.
놀라운 점은 수많은 글자가 마치 한 사람이 새긴 것처럼 고르고, 틀린 글자가 거의 없다는 거야. 글자를 새긴 사람들은 한 글자를 새길 때마다 정성을 다했다고 전해져. 그래서 팔만대장경은 내용과 솜씨 모두에서 뛰어나다고 평가받아.
팔만대장경은 지금 해인사의 장경판전이라는 건물에 보관되어 있어. 장경판전은 바람이 잘 통하고 습기를 알맞게 조절하도록 지어져서, 수백 년 동안 나무판이 썩거나 뒤틀리지 않았어.
팔만대장경과 장경판전은 그 가치를 인정받아 모두 유네스코 세계 유산에 올랐어. 나라를 지키려는 마음과 뛰어난 기술이 함께 만든 소중한 문화유산이야.",경전,종교의 가르침을 적은 책,뒤틀리지,꼬이거나 비뚤어지지,팔만대장경,만든 까닭,"{{몽골}}의 침입, 부처의 힘으로 나라를 지키려 함",,1,만든 방법,나무를 {{바닷물}}에 담갔다 말림,,2,뛰어난 점,글자가 고르고 틀린 글자가 거의 없음,,3,보관,해인사 {{장경판전}},바람과 습기 조절,4,장경판전 안에 큰 에어컨과 가습기를 설치해야 한다는 의견이 나왔어. 글의 내용으로 볼 때 신중해야 하는 까닭은?,장경판전이 이미 바람과 습기를 알맞게 조절하도록 지어졌기 때문이다,나무판은 습기가 많을수록 좋기 때문이다,팔만대장경은 종이로 만들었기 때문이다,해인사에는 전기가 없기 때문이다,1,4,장경판전은 바람과 습기를 조절하도록 지어져 오랫동안 나무판을 지켰다.,팔만대장경을 만든 사람들의 마음을 상상해 일기 형식으로 짧게 써 보세요.
역사56-07,5~6학년,역사,"세계가 인정한 금속 활자, 직지","세계가 인정한 금속 활자, 직지","책을 여러 권 만들려면 같은 내용을 반복해서 찍어야 해. 옛날에는 나무판에 한 쪽 전체를 새겨 찍었는데, 다른 책을 만들려면 판을 처음부터 새로 새겨야 했어. 이 불편함을 줄이려고 낱글자를 따로 만들어 조합하는 활자가 생겨났어.
고려는 쇠붙이로 활자를 만드는 금속 활자 기술을 일찍부터 발전시켰어. 금속 활자는 나무 활자보다 튼튼하고 오래 쓸 수 있었어. 활자를 이리저리 바꾸어 짜면 여러 가지 책을 찍을 수 있었지.
1377년에 청주의 흥덕사에서 금속 활자로 찍은 책이 바로 직지야. 직지는 부처의 가르침을 담은 책으로, 지금 남아 있는 금속 활자 인쇄본 가운데 가장 오래된 책이야. 서양에서 금속 활자로 책을 찍은 것보다 앞섰다고 평가받아.
그런데 직지는 지금 우리나라가 아닌 프랑스 국립 도서관에 보관되어 있어. 조선 말 우리나라에 왔던 프랑스 외교관이 가져간 뒤 프랑스로 넘어갔기 때문이야. 직지의 가치를 세상에 알린 사람은 그곳에서 일하던 박병선 박사였어.
직지는 유네스코 세계 기록 유산으로 지정되어 그 가치를 인정받았어. 직지를 통해 우리 조상들의 인쇄 기술이 얼마나 앞서 있었는지 알 수 있어.",활자,인쇄를 위해 글자를 하나씩 만든 것,인쇄본,인쇄해서 만든 책,직지,활자의 좋은 점,낱글자를 {{조합}}해 여러 책을 찍음,,1,금속 활자,나무 활자보다 {{튼튼하고}} 오래 씀,,2,직지,1377년 {{흥덕사}}에서 찍음,현존 가장 오래된 금속 활자본,3,지금,프랑스 국립 도서관에 보관,,4,나무판 한 장에 한 쪽을 통째로 새기는 방법에 비해 금속 활자가 더 편리한 까닭은?,글자를 바꾸어 짜면 다른 책도 찍을 수 있어서,나무판보다 무게가 가벼워서,한 번만 찍을 수 있어서,글자를 새길 필요가 없어서,1,2,활자를 이리저리 바꾸어 짜면 여러 가지 책을 찍을 수 있다.,외국에 있는 우리 문화유산을 돌려받기 위해 어떤 노력이 필요할지 내 생각을 써 보세요.
역사56-08,5~6학년,역사,조선의 건국과 새 도읍 한양,조선의 건국과 새 도읍 한양,"고려 말에는 나라 안팎으로 어려움이 많았어. 백성들은 무거운 세금으로 힘들어했고, 북쪽과 남쪽에서는 외적이 자주 쳐들어왔지. 이때 외적을 물리치며 이름을 떨친 장군이 이성계야.
이성계는 고려를 개혁하려던 신진 사대부들과 힘을 합쳐 새 나라를 세웠어. 1392년에 세운 이 나라가 조선이야. 조선은 유교를 나라를 다스리는 기본 생각으로 삼았어. 유교는 부모를 공경하고 임금에게 충성하며 예절을 중요하게 여기는 가르침이야.
태조 이성계는 도읍을 개경에서 한양으로 옮겼어. 한양은 지금의 서울이야. 한양은 나라의 가운데쯤에 있고 한강이 흘러 물자를 옮기기 좋았어. 또 북한산, 인왕산 같은 산으로 둘러싸여 적을 막기에도 유리했지.
한양에는 임금이 머무는 경복궁을 짓고, 왼쪽에는 조상을 모시는 종묘를, 오른쪽에는 땅과 곡식의 신에게 제사를 지내는 사직단을 두었어. 도시 둘레에는 성곽을 쌓고 숭례문, 흥인지문 같은 문을 만들었어.
그 뒤 한양은 600년이 넘도록 우리나라의 중심 도시가 되었어. 지금도 서울 곳곳에는 조선 시대의 궁궐과 성곽, 성문이 남아 있어 옛 한양의 모습을 짐작할 수 있어.",외적,다른 나라에서 쳐들어오는 적,성곽,성의 둘레를 둘러쌓은 담,조선과 한양,건국,1392년 {{이성계}}가 세움,신진 사대부와 함께,2,기본 생각,{{유교}}를 나라를 다스리는 바탕으로,,2,한양을 고른 까닭,"한강으로 물자 운반, 산으로 적을 막음",,3,한양의 모습,"경복궁, {{종묘}}, 사직단, 성곽",,4,조선이 도읍을 정할 때 큰 강이 흐르는 곳을 고른 까닭으로 글에 나온 것은?,물자를 옮기기 좋아서,강에서 수영을 하려고,강이 국경이어서,강 건너에 적이 없어서,1,3,한강이 흘러 물자를 옮기기 좋았다.,내가 새 도시를 세운다면 어떤 곳에 세울지 한양을 고른 까닭과 비교해 써 보세요.
역사56-09,5~6학년,역사,세종 시대의 과학 기술,세종 시대의 과학 기술,"세종대왕은 한글뿐 아니라 과학 기술에도 큰 관심을 가졌어. 백성 대부분이 농사를 지었기 때문에 날씨와 시간, 계절을 정확히 아는 것이 무척 중요했거든. 세종대왕은 신분과 상관없이 재주 있는 사람을 뽑아 과학 기구를 만들게 했어.
그 가운데 대표적인 인물이 장영실이야. 장영실은 신분이 낮았지만 뛰어난 솜씨를 인정받아 벼슬을 받았어. 장영실과 학자들은 해시계, 물시계, 천문 관측 기구를 잇따라 만들었어.
장영실이 만든 자격루는 스스로 시각을 알려 주는 물시계야. 물이 일정하게 흘러들어 통에 차오르면 장치가 움직여 정해진 시각에 종과 북, 징을 쳤어. 사람이 지키지 않아도 시각을 알릴 수 있는 놀라운 발명이었지.
비의 양을 재는 측우기, 해의 그림자로 시각을 알려 주는 앙부일구, 하늘의 별자리와 해와 달의 움직임을 관측하는 혼천의도 이 시기에 만들어졌어. 이 기구들 덕분에 우리 땅에 맞는 달력을 만들고 농사 시기를 정확히 정할 수 있었어.
세종 시대의 과학 기술은 백성의 생활을 편리하게 하려는 마음에서 출발했어. 그래서 오늘날에도 이 시기를 우리 과학 기술이 크게 발전한 때로 기억해.",천문,"하늘에 있는 해, 달, 별의 움직임",벼슬,나라의 일을 맡아보는 자리,세종 시대 과학,인재,신분이 낮았던 {{장영실}},,2,자격루,스스로 시각을 알리는 {{물시계}},,3,혼천의,별자리와 해와 달의 움직임을 {{관측}},,4,목적,백성의 생활을 편리하게,,5,밤새 아무도 지키지 않아도 정해진 시각에 종이 울렸어. 글에 나온 기구 가운데 이 일을 할 수 있는 것은?,측우기,앙부일구,자격루,혼천의,3,3,자격루는 사람이 지키지 않아도 시각을 알려 주는 물시계다.,세종대왕처럼 백성을 돕는 발명품을 만든다면 오늘날 우리 반에 어떤 것을 만들고 싶은지 써 보세요.
역사56-10,5~6학년,역사,바다를 지킨 이순신,바다를 지킨 이순신,"1592년, 일본이 많은 군사를 이끌고 조선에 쳐들어왔어. 이 전쟁을 임진왜란이라고 해. 조선은 오랫동안 큰 전쟁이 없어 준비가 부족했기 때문에 일본군은 빠르게 한양까지 올라왔어. 임금은 북쪽으로 피란을 가야 했어.
육지에서는 어려움을 겪었지만 바다에서는 달랐어. 전라도의 수군을 이끌던 이순신 장군이 미리 전쟁에 대비해 두었거든. 이순신은 거북선을 만들고 군사들을 꾸준히 훈련시켰어. 거북선은 지붕을 철판으로 덮고 쇠못을 꽂아 적이 뛰어오르지 못하게 만든 배야.
이순신은 여러 해전에서 일본 수군을 크게 물리쳤어. 특히 한산도 대첩에서는 학이 날개를 펼친 모양으로 배를 벌려 세우는 학익진으로 적을 둘러싸 크게 이겼어. 이 승리로 일본군은 바닷길로 물자를 옮기기 어려워졌어.
육지에서도 백성들이 스스로 의병을 일으켜 일본군과 싸웠어. 곽재우 같은 의병장은 그 지역의 지형을 잘 알아서 일본군을 괴롭혔어. 명나라의 군대도 조선을 도우러 왔지.
전쟁은 7년 동안 이어졌고, 이순신은 마지막 해전인 노량 해전에서 전사했어. 이순신과 백성들의 노력으로 조선은 나라를 지킬 수 있었어.",피란,난리를 피해 옮겨 감,수군,바다에서 싸우는 군대,임진왜란,시작,1592년 {{일본}}의 침입,,1,대비,이순신이 만든 {{거북선}},철판과 쇠못,2,한산도 대첩,"학이 날개를 펼친 모양, {{학익진}}",,3,백성의 힘,스스로 일어난 의병,,4,한산도 대첩 이후 일본군이 어려움을 겪은 까닭으로 글에 나온 것은?,바닷길로 물자를 옮기기 어려워져서,한양을 차지하지 못해서,거북선을 빼앗겨서,의병이 없어서,1,3,이 승리로 일본군은 바닷길로 물자를 옮기기 어려워졌다.,이순신 장군이 미리 전쟁에 대비한 모습에서 배울 점을 내 생활과 연결해 써 보세요.
역사56-11,5~6학년,역사,"백성을 위한 학문, 실학","백성을 위한 학문, 실학","두 번의 큰 전쟁을 겪은 뒤 조선 후기 백성들의 생활은 매우 어려웠어. 그런데 많은 학자는 여전히 예절과 같은 이론에만 매달렸어. 이를 안타깝게 여긴 학자들은 백성의 생활에 실제로 도움이 되는 학문을 연구하자고 주장했어. 이 학문을 실학이라고 해.
실학자들은 농사짓는 방법을 개선하고, 땅을 공평하게 나누는 방법을 고민했어. 농민이 스스로 땅을 가지고 농사지어야 나라도 튼튼해진다고 생각했지.
어떤 실학자들은 상업과 기술을 발전시켜야 한다고 주장했어. 박지원은 청나라를 다녀온 뒤 수레와 배를 이용해 물건을 활발히 사고팔아야 나라가 부유해진다고 했어. 앞선 기술은 배워야 한다는 생각이었지.
대표적인 실학자 정약용은 수원 화성을 지을 때 거중기를 만들었어. 거중기는 도르래의 원리를 이용해 무거운 돌을 적은 힘으로 들어 올리는 기구야. 덕분에 공사 기간과 비용을 크게 줄일 수 있었어.
실학은 학문이 책 속에만 머물지 않고 사람들의 삶을 바꾸어야 한다는 생각을 보여 줘. 오늘날 우리가 배우는 지식도 생활의 문제를 해결하는 데 쓰일 때 더 큰 의미가 있어.",이론,사물의 이치를 논리적으로 정리한 생각,도르래,바퀴에 줄을 걸어 물건을 들어 올리는 장치,실학,뜻,백성의 {{생활}}에 도움이 되는 학문,,1,농업,농민이 스스로 {{땅}}을 가져야 함,,2,상업과 기술,{{박지원}}: 수레와 배로 물건을 사고팔자,,3,정약용,거중기로 수원 화성 공사,,4,무거운 돌을 사람 몇 명이 쉽게 들어 올릴 수 있었던 까닭으로 글에 나온 것은?,도르래의 원리를 이용한 거중기 덕분에,돌을 아주 작게 쪼개서,외국 군대가 도와서,돌을 물에 띄워서,1,4,거중기는 도르래의 원리로 무거운 돌을 적은 힘으로 들어 올린다.,내가 실학자라면 오늘날 우리 동네의 어떤 문제를 해결하는 연구를 하고 싶은지 써 보세요.
역사56-12,5~6학년,역사,조선 후기 서민 문화,조선 후기 서민 문화,"조선 후기에는 농업과 상업이 발달하면서 서민들의 생활에 조금씩 여유가 생겼어. 서당이 늘어나 글을 아는 사람도 많아졌지. 그러자 서민들이 직접 즐기고 만들어 가는 문화가 크게 유행했어. 이를 서민 문화라고 해.
판소리는 소리꾼이 북장단에 맞추어 노래와 말, 몸짓으로 긴 이야기를 들려주는 공연이야. 춘향가와 심청가처럼 사람들의 웃음과 눈물을 담은 이야기가 인기를 끌었어. 관객들은 얼씨구 같은 추임새를 넣으며 함께 즐겼지.
탈춤은 탈을 쓰고 춤추며 이야기를 펼치는 놀이야. 탈을 쓰면 얼굴이 가려져서 평소에 하기 어려운 말도 할 수 있었어. 그래서 탈춤에는 양반의 잘못을 꼬집고 비웃는 내용이 많았어.
한글 소설도 널리 읽혔어. 홍길동전처럼 신분의 차별을 비판하는 이야기도 있었지. 그림에서는 김홍도와 신윤복이 서민들의 생활 모습을 생생하게 그린 풍속화를 남겼어. 씨름하는 모습, 서당의 모습 같은 그림에서 당시 사람들의 생활을 엿볼 수 있어.
서민 문화는 평범한 사람들의 생각과 감정을 솔직하게 담고 있어. 그래서 지금도 우리에게 친근하게 느껴지고, 그 시대의 모습을 알려 주는 소중한 자료가 되고 있어.",추임새,판소리에서 흥을 돋우려고 넣는 소리,비판,잘못을 따져 밝힘,서민 문화,판소리,소리꾼이 {{북장단}}에 맞추어 들려주는 이야기,,2,탈춤,탈을 쓰고 {{양반}}의 잘못을 꼬집음,,3,풍속화,김홍도와 {{신윤복}},서민의 생활 모습,4,의미,평범한 사람들의 생각과 감정,,5,조선 후기 사람들이 양반을 비웃는 이야기를 탈을 쓰고 펼친 까닭으로 알맞은 것은?,얼굴이 가려져 평소 하기 어려운 말도 할 수 있어서,탈을 쓰면 춤을 잘 출 수 있어서,양반이 탈춤을 시켜서,탈이 무척 비싸서,1,3,탈을 쓰면 얼굴이 가려져 평소 하기 어려운 말도 할 수 있었다.,오늘날 우리 생활 모습을 풍속화로 그린다면 어떤 장면을 그리고 싶은지 써 보세요.
역사56-13,5~6학년,역사,문을 연 조선과 새로운 물건들,문을 연 조선과 새로운 물건들,"19세기 후반, 서양 나라들과 일본이 조선에 문을 열고 교류하자고 요구했어. 조선은 처음에는 이를 거부했지만, 결국 1876년에 일본과 강화도 조약을 맺고 항구를 열었어. 이렇게 항구를 열어 다른 나라와 교류하는 것을 개항이라고 해.
강화도 조약은 조선에 불리한 내용이 많은 조약이었어. 일본 사람이 조선에서 죄를 지어도 조선의 법으로 처벌할 수 없게 하는 등 조선의 권리를 해치는 조항이 들어 있었거든.
개항 이후 서양의 새로운 문물이 들어오면서 사람들의 생활이 바뀌기 시작했어. 우편 업무를 맡는 우정총국이 세워졌고, 전화와 전기가 들어왔어. 서울에는 전차가 다니고, 서울과 인천 사이에는 철도가 놓였어.
새로운 학교도 생겨 여학생도 학교에서 공부할 수 있게 되었어. 서양식 병원이 세워지고, 신문이 발행되어 세상 소식을 빠르게 전했지. 사람들은 처음 보는 물건에 놀라기도 하고 두려워하기도 했어.
근대 문물은 생활을 편리하게 만들었지만, 다른 나라들이 이를 이용해 조선의 이권을 빼앗아 가기도 했어. 그래서 개항기는 새로운 변화의 기회이면서 동시에 나라를 지키기 위한 어려움이 시작된 시기였어.",조약,나라와 나라 사이에 맺은 약속,문물,문화가 만들어 낸 새 물건과 제도,개항과 근대 문물,개항,1876년 {{강화도}} 조약으로 항구를 엶,,1,불리한 조약,조선의 법으로 처벌할 수 없게 함,,2,새 문물,"우정총국, {{전차}}, 철도",,3,두 얼굴,편리함과 함께 {{이권}}을 빼앗김,,5,개항 이후 서울 사람이 처음으로 경험할 수 있었던 일로 알맞은 것은?,전차를 타고 이동하기,봉수로 소식 전하기,측우기로 비의 양 재기,고인돌 만들기,1,3,개항 이후 서울에는 전차가 다니기 시작했다.,처음 전차나 전화를 본 사람이 된다면 어떤 마음이 들었을지 상상해 써 보세요.
역사56-14,5~6학년,역사,"모두가 외친 독립 만세, 3·1 운동","모두가 외친 독립 만세, 3·1 운동","1910년, 일본은 우리나라의 주권을 빼앗고 식민지로 삼았어. 일본은 군대와 경찰을 앞세워 우리 민족을 억압했고, 땅과 자원을 빼앗아 갔어. 우리 민족은 나라를 되찾기 위해 여러 방법으로 독립운동을 이어 갔어.
1919년 3월 1일, 민족 대표들은 독립 선언서를 발표했어. 같은 날 서울의 탑골 공원에서는 학생과 시민들이 모여 독립 선언서를 읽고 태극기를 흔들며 대한 독립 만세를 외쳤어. 만세 소리는 곧 거리로 퍼져 나갔지.
만세 운동은 서울에서 전국으로, 다시 나라 밖까지 퍼져 나갔어. 학생, 농민, 상인, 노동자 등 신분과 나이, 종교에 상관없이 많은 사람이 함께했어. 이화 학당의 학생이던 유관순은 고향으로 내려가 만세 운동을 이끌었어.
일본은 총과 칼로 평화로운 시위를 무자비하게 막았어. 많은 사람이 다치고 목숨을 잃었으며 감옥에 갇혔어. 하지만 우리 민족은 독립을 향한 뜻을 굽히지 않았어.
3·1 운동은 우리 민족이 하나가 되어 독립 의지를 세계에 알린 사건이야. 이를 계기로 같은 해에 중국 상하이에서 대한민국 임시 정부가 세워졌어. 우리는 이날을 삼일절로 정해 그 뜻을 기억하고 있어.",식민지,다른 나라에 주권을 빼앗긴 나라,억압,자유롭게 행동하지 못하도록 억지로 누름,3·1 운동,배경,1910년 일본이 {{주권}}을 빼앗음,,1,시작,1919년 3월 1일 독립 {{선언서}} 발표,탑골 공원,2,확산,"전국으로, 유관순",,3,결과,같은 해 대한민국 {{임시}} 정부 수립,,5,3·1 운동이 우리 민족이 하나가 된 운동이라고 평가받는 까닭으로 알맞은 것은?,"신분과 나이, 종교에 상관없이 많은 사람이 함께해서",한 사람만 만세를 불러서,서울에서만 일어나서,일본이 도와주어서,1,3,"학생, 농민, 상인 등 많은 사람이 함께했다.",3·1 운동에 참여한 사람들에게 오늘날의 내가 전하고 싶은 말을 편지로 써 보세요.
역사56-15,5~6학년,역사,대한민국 정부가 세워지기까지,대한민국 정부가 세워지기까지,"1945년 8월 15일, 우리 민족은 마침내 일본의 지배에서 벗어났어. 빛을 되찾았다는 뜻으로 이날을 광복이라고 해. 하지만 기쁨도 잠시, 한반도의 북쪽에는 소련군이, 남쪽에는 미군이 들어오면서 나라는 둘로 나뉠 위기에 놓였어.
사람들은 하나의 나라를 세우려고 여러 노력을 했지만 뜻을 모으지 못했어. 결국 1948년 5월 10일, 남쪽에서만 국회의원을 뽑는 총선거가 열렸어. 이 선거는 일정한 나이가 된 국민이라면 누구나 한 표씩 투표한 우리나라 최초의 민주 선거였어.
이렇게 뽑힌 국회의원들은 나라의 기본이 되는 헌법을 만들어 1948년 7월 17일에 발표했어. 이날을 기념하는 날이 제헌절이야. 헌법에는 대한민국이 민주 공화국이며 주권이 국민에게 있다는 내용이 담겼어.
그리고 1948년 8월 15일, 대한민국 정부가 세워졌어. 같은 해 북쪽에도 다른 정부가 들어서면서 남과 북은 서로 다른 길을 걷게 되었어. 1950년에는 6·25 전쟁이 일어나 많은 사람이 목숨을 잃고 가족과 헤어지는 아픔을 겪었어.
대한민국 정부 수립은 국민이 나라의 주인이 되는 민주 국가의 출발이었어. 동시에 분단이라는 숙제도 남았어. 평화롭게 하나가 되는 날을 위해 우리가 할 수 있는 일을 생각해 보자.",광복,빼앗긴 나라를 되찾음,민주 공화국,국민이 주인이고 대표를 뽑아 다스리는 나라,대한민국 정부 수립,광복,1945년 8월 15일,"북쪽에 소련군, 남쪽에 미군",1,최초의 민주 선거,1948년 5월 10일 {{총선거}},,2,헌법,"7월 17일 발표, {{제헌절}}",,3,정부 수립,"1948년 8월 15일, 남은 숙제 {{분단}}",,4,7월 17일이 국경일로 정해진 까닭으로 글에 나온 것은?,나라의 기본이 되는 헌법을 발표한 날이어서,광복을 맞은 날이어서,정부가 세워진 날이어서,첫 선거를 한 날이어서,1,3,1948년 7월 17일 헌법을 발표했고 이날이 제헌절이다.,광복부터 정부 수립까지의 과정 중 가장 중요하다고 생각하는 일을 고르고 까닭을 써 보세요.
역사심화-01,심화,역사,고인돌이 알려 주는 계급의 탄생,고인돌이 알려 주는 계급의 탄생,"아주 오래전 사람들은 먹을 것을 찾아 이곳저곳을 옮겨 다녔어. 그러다 농사를 짓기 시작하면서 한곳에 머물러 마을을 이루고 살게 되었지. 청동기 시대에는 벼농사가 시작되어 곡식을 더 많이 거둘 수 있었어. 반달 모양의 돌칼로 이삭을 따고, 민무늬 토기에 곡식을 저장했지.
곡식이 넉넉해지자 먹고 남는 것이 생겼어. 그러자 이 남는 곡식을 누가 더 많이 가지느냐에 따라 사람들 사이에 차이가 생기기 시작했어. 더 많은 땅과 곡식을 가진 사람은 힘이 세졌고, 다른 사람들을 이끌거나 부리게 되었지. 이렇게 지배하는 사람과 지배받는 사람으로 나뉘는 것을 계급이 생겼다고 해.
이 시기의 지배자가 남긴 대표적인 흔적이 고인돌이야. 고인돌은 커다란 덮개돌을 받침돌 위에 올려놓은 무덤이야. 무게가 수십 톤에 이르는 덮개돌도 있어서, 이를 옮기려면 많은 사람의 힘이 필요했어. 그만큼 많은 사람을 부릴 수 있는 강한 지배자가 있었다는 뜻이야.
지배자는 청동으로 만든 칼과 거울 같은 귀한 물건으로 자신의 힘을 드러냈어. 청동은 만들기 어려워서 농사 도구로 쓰기보다는 지배자의 무기나 제사 도구로 쓰였지. 지배자는 하늘의 뜻을 받는 사람이라며 제사를 이끌기도 했어.
우리나라에는 세계에서 손꼽힐 만큼 많은 고인돌이 남아 있어. 특히 강화, 고창, 화순의 고인돌은 그 가치를 인정받아 유네스코 세계 유산이 되었어. 돌무덤 하나에 사회가 크게 바뀐 이야기가 담겨 있는 거야.",덮개돌,고인돌 위에 얹은 넓적한 돌,저장,물건을 모아서 간수함,청동기 시대의 변화,농사,벼농사로 먹고 {{남는}} 곡식이 생김,"반달 돌칼, 민무늬 토기",1,계급,지배하는 사람과 지배받는 사람,,2,고인돌,많은 사람을 {{부릴}} 수 있는 지배자의 무덤,,3,청동기,지배자의 무기나 {{제사}} 도구,,4,어느 마을에서 무게가 아주 무거운 고인돌이 발견되었어. 글의 내용으로 이 마을에 대해 짐작할 수 있는 것은?,모든 사람이 똑같은 힘을 가졌다,많은 사람을 움직일 수 있는 지배자가 있었다,사람들이 농사를 전혀 짓지 않았다,청동기를 농사 도구로만 썼다,2,3,무거운 덮개돌을 옮기려면 많은 사람을 부릴 수 있는 지배자가 필요했다.,먹고 남는 곡식이 생긴 것이 사회를 어떻게 바꾸었는지 단계별로 정리해 써 보세요.
역사심화-02,심화,역사,"돌에 새긴 고구려의 기록, 광개토대왕릉비","돌에 새긴 고구려의 기록, 광개토대왕릉비","중국 지린성 지안에는 높이가 6미터가 넘는 거대한 돌비석이 서 있어. 바로 광개토대왕릉비야. 이 비석은 고구려의 장수왕이 아버지 광개토대왕의 업적을 기리기 위해 414년에 세웠어. 네 면에 빼곡하게 글자가 새겨져 있지.
비석의 첫 부분에는 고구려를 세운 주몽의 이야기가 담겨 있어. 주몽이 하늘의 자손으로 태어나 나라를 세웠다는 내용이야. 이를 통해 고구려 사람들이 자신의 나라를 하늘의 뜻을 받은 특별한 나라로 여겼다는 것을 알 수 있어. 이 비석은 오랫동안 잊혔다가 19세기 말에 다시 세상에 알려졌어.
가운데 부분에는 광개토대왕이 이룬 정복 활동이 자세히 적혀 있어. 광개토대왕은 북쪽으로 만주 지역을 넓히고, 남쪽으로는 백제를 공격해 한강 북쪽까지 영토를 넓혔어. 신라를 도와 왜군을 물리친 일도 기록되어 있어.
마지막 부분에는 왕의 무덤을 지키는 사람들에 관한 규칙이 적혀 있어. 어느 지역 사람들을 몇 집씩 정해 무덤을 지키게 했다는 내용이야. 이것으로 고구려가 넓은 영토의 백성을 체계적으로 관리했다는 것을 알 수 있어.
광개토대왕릉비는 고구려 사람들이 직접 남긴 기록이라는 점에서 매우 소중해. 다른 나라의 책에 적힌 기록보다 고구려 사람들의 생각을 더 생생하게 보여 주거든. 그래서 고구려 역사를 연구하는 데 중요한 자료가 되고 있어. 지금도 여러 나라 학자들이 비석의 글자를 두고 연구를 이어 가고 있어.",업적,어떤 일을 해서 이룬 결과,체계적,일정한 원리에 따라 짜임새 있게,광개토대왕릉비,세운 사람,"아들 {{장수왕}}, 414년",,1,건국 이야기,{{주몽}}이 하늘의 자손으로 나라를 세움,,2,정복 활동,만주와 한강 북쪽까지 영토 확장,신라를 도와 왜군 격퇴,3,가치,고구려 사람이 {{직접}} 남긴 기록,,5,광개토대왕릉비가 다른 나라 역사책보다 고구려를 연구하는 데 더 소중한 까닭으로 알맞은 것은?,고구려 사람들이 직접 남긴 기록이기 때문이다,글자가 가장 많기 때문이다,중국에 있기 때문이다,최근에 만들어졌기 때문이다,1,5,고구려 사람들이 직접 남긴 기록이라 그들의 생각을 생생하게 보여 준다.,우리 학교의 역사를 비석에 새긴다면 어떤 내용을 담고 싶은지 세 부분으로 나누어 써 보세요.
역사심화-03,심화,역사,"태어나면서 정해진 신분, 골품제","태어나면서 정해진 신분, 골품제","신라에는 다른 나라와 구별되는 독특한 신분 제도가 있었어. 바로 골품제야. 골품제는 혈통에 따라 사람의 등급을 나누는 제도로, 태어나는 순간 그 사람의 골품이 정해졌어. 한번 정해진 골품은 평생 바뀌지 않았지. 골품은 결혼할 상대까지 정할 만큼 신라 사람들의 삶을 강하게 묶어 두었어.
골품의 가장 높은 등급은 왕족인 성골과 진골이었어. 처음에는 성골만 왕이 될 수 있었지만, 성골이 끊긴 뒤에는 진골에서 왕이 나왔어. 그 아래로 6두품, 5두품, 4두품 같은 두품 등급이 이어졌어.
골품은 생활 곳곳에 영향을 주었어. 오를 수 있는 관직의 높이가 골품에 따라 정해져 있었고, 사는 집의 크기, 입는 옷의 색깔, 타는 수레의 장식까지 제한을 받았어. 아무리 능력이 뛰어나도 골품이 낮으면 높은 관직에 오를 수 없었지.
특히 6두품 사람들은 학문과 능력이 뛰어난 경우가 많았지만 높은 자리에 오르지 못해 불만이 컸어. 최치원은 당나라에서 과거에 합격할 만큼 뛰어났지만, 신라로 돌아와서는 6두품이라는 한계 때문에 뜻을 펼치기 어려웠어.
골품제는 신라를 안정되게 다스리는 바탕이 되기도 했지만, 능력 있는 사람을 막아 결국 사회를 굳어지게 만들었어. 신라 말에는 골품제에 대한 불만이 커지면서 나라가 흔들리는 원인이 되기도 했어. 능력보다 태어난 집안을 중요하게 여기는 사회가 얼마나 위험한지 보여 주는 예야.",혈통,조상으로부터 이어 내려오는 핏줄,관직,나라의 일을 맡아보는 자리,골품제,뜻,혈통에 따라 등급을 나누고 평생 바뀌지 않음,,1,등급,"왕족인 성골과 {{진골}}, 두품",,2,제한,"관직, 집 크기, 옷 {{색깔}}까지",,3,한계,{{최치원}}처럼 뛰어나도 높이 오르지 못함,6두품의 불만,4,신라의 한 6두품 학자가 큰 공을 세웠지만 최고 관직에 오르지 못했어. 글의 내용으로 볼 때 가장 큰 까닭은?,공부를 하지 않아서,태어나면서 정해진 골품의 한계 때문에,당나라에 가지 않아서,나이가 어려서,2,3,골품이 낮으면 능력이 뛰어나도 높은 관직에 오를 수 없었다.,골품제처럼 태어날 때 정해진 것으로 기회를 제한하는 것이 왜 문제인지 오늘날과 비교해 써 보세요.
역사심화-04,심화,역사,불국사와 석굴암에 숨은 과학,불국사와 석굴암에 숨은 과학,"경주의 불국사와 석굴암은 통일 신라 시대에 만들어졌어. 기록에 따르면 김대성이라는 사람이 751년에 짓기 시작했다고 해. 두 문화유산은 아름다울 뿐 아니라 뛰어난 과학 기술이 담겨 있어서 1995년에 함께 유네스코 세계 유산이 되었어.
불국사는 돌로 쌓은 축대와 계단이 특히 유명해. 크기가 제각각인 자연석을 다듬지 않고 쌓은 뒤, 그 사이에 잘 다듬은 돌을 끼워 넣었어. 이렇게 하면 돌들이 서로 맞물려 지진이 나도 쉽게 무너지지 않아. 실제로 불국사의 석축은 오랜 세월 동안 크게 무너지지 않았어.
석굴암은 자연 동굴이 아니라 돌을 쌓아 사람이 만든 인공 석굴이야. 수백 개의 돌을 정밀하게 다듬어 둥근 천장을 짜 맞추었는데, 마치 아치처럼 돌끼리 서로 힘을 나누어 받아서 무게를 버텨. 천장 한가운데에는 연꽃무늬를 새긴 커다란 돌을 얹어 전체를 단단하게 붙들었어.
석굴암에는 습기를 다스리는 지혜도 담겨 있어. 원래 석굴의 바닥 아래로는 샘물이 흘러서 바닥을 차갑게 유지했어. 그러면 공기 속의 습기가 바닥 쪽에서 물방울로 맺혀, 위쪽의 불상과 조각에는 이슬이 잘 맺히지 않았다고 해.
그런데 일제 강점기에 석굴암을 보수하면서 바깥을 시멘트로 덮자 공기가 잘 통하지 않아 습기 문제가 생겼어. 지금은 기계 장치로 습도를 조절하고 있어. 조상들의 지혜를 제대로 이해하는 것이 문화유산을 지키는 데 얼마나 중요한지 알 수 있지.",축대,높이 쌓아 올린 대나 터,정밀하게,아주 정교하고 빈틈이 없게,불국사와 석굴암,불국사 석축,자연석 사이에 다듬은 돌을 끼워 {{지진}}에 강함,,2,석굴암 천장,돌끼리 서로 힘을 나누는 {{아치}} 구조,,3,습기 조절,바닥 아래 {{샘물}}이 흘러 바닥을 차갑게,,4,교훈,시멘트 보수의 실패,,5,석굴암을 시멘트로 덮은 뒤 불상에 습기가 생긴 까닭을 글에서 찾으면?,공기가 잘 통하지 않게 되어서,샘물이 너무 많이 흘러서,지진이 일어나서,돌을 다듬지 않아서,1,5,시멘트로 덮자 공기가 잘 통하지 않아 습기 문제가 생겼다.,문화유산을 고칠 때 조상들의 원리를 먼저 알아야 하는 까닭을 석굴암의 예로 설명해 보세요.
역사심화-05,심화,역사,"세계와 교류한 고려, 벽란도","세계와 교류한 고려, 벽란도","고려의 도읍 개경 가까이에는 예성강이 흐르는데, 그 강어귀에 벽란도라는 큰 항구가 있었어. 벽란도는 개경과 가깝고 바다로 이어져 있어서 많은 배가 드나들었어. 고려는 이곳을 통해 여러 나라와 활발하게 교류했어. 벽란도에는 여러 나라 상인이 머무는 곳과 물건을 쌓아 두는 창고가 있었다고 해.
벽란도에 가장 많이 오간 사람들은 송나라 상인이었어. 고려는 송나라에서 비단, 책, 약재 같은 물건을 들여왔고, 인삼, 종이, 먹, 나전 칠기 같은 물건을 팔았어. 송나라 사람들은 특히 고려의 종이와 먹을 높이 평가했다고 해.
멀리 아라비아의 상인들도 송나라를 거쳐 벽란도까지 찾아왔어. 그들은 수은과 향료, 산호 같은 물건을 가져왔어. 이 상인들이 고려를 서양에 알리면서, 고려라는 이름이 코리아라는 이름의 바탕이 되었다고 전해져.
벽란도는 물건만 오가는 곳이 아니었어. 서로 다른 말을 쓰는 사람들이 모이면서 새로운 지식과 문화도 함께 전해졌어. 고려 사람들은 다른 나라의 문화를 받아들여 자기 것으로 만들고, 고려청자처럼 독창적인 문화를 꽃피웠어. 송나라의 도자기 기술을 받아들이면서도 고려만의 빛깔과 무늬를 만들어 낸 것이 좋은 예야.
고려가 열린 마음으로 세계와 교류했다는 사실은 오늘날 우리에게도 의미가 있어. 다른 문화를 존중하며 받아들이고, 우리만의 것을 만들어 세계에 내놓는 일은 지금도 이어지고 있어.",강어귀,강물이 바다로 들어가는 어귀,나전 칠기,조개껍데기 조각을 붙여 꾸민 옻칠 공예품,벽란도,위치,"{{예성강}} 어귀, 도읍 개경 가까이",,1,송나라와 교류,고려의 {{종이}}와 먹을 높이 평가,,2,아라비아 상인,고려를 서양에 알림 → {{코리아}},,3,의미,다른 문화를 받아들여 독창적인 문화로,,4,오늘날 세계 사람들이 우리나라를 코리아라고 부르게 된 것과 관련 깊은 내용은?,아라비아 상인이 고려를 서양에 알린 일,고인돌을 만든 일,한글을 만든 일,송나라에서 책을 들여온 일,1,3,아라비아 상인들이 고려를 서양에 알리며 코리아라는 이름의 바탕이 되었다고 전해진다.,오늘날 우리나라에서 세계로 나가는 문화나 물건을 하나 골라 고려의 교류와 비교해 써 보세요.
역사심화-06,심화,역사,훈민정음은 어떤 원리로 만들었을까,훈민정음은 어떤 원리로 만들었을까,"훈민정음은 만든 사람과 만든 날, 만든 원리가 모두 기록으로 남아 있는 매우 드문 글자야. 그 원리는 훈민정음 해례본이라는 책에 자세히 설명되어 있어. 이 책은 그 가치를 인정받아 유네스코 세계 기록 유산이 되었어.
자음의 기본 글자는 소리를 낼 때 발음 기관이 움직이는 모양을 본떠 만들었어. ㄱ은 혀뿌리가 목구멍을 막는 모양, ㄴ은 혀끝이 윗잇몸에 닿는 모양, ㅁ은 입의 모양, ㅅ은 이의 모양, ㅇ은 목구멍의 모양을 본떴어. 소리 내는 모습을 글자에 담았기 때문에 글자 모양만 보아도 어떤 소리인지 짐작할 수 있어.
나머지 자음은 기본 글자에 획을 더해 만들었어. 소리가 세질수록 획을 하나씩 더하는 방식이야. 예를 들어 ㄱ에 획을 더하면 ㅋ이 되고, ㄴ에 획을 더하면 ㄷ, 다시 더하면 ㅌ이 돼. 이 방법을 가획이라고 해.
모음은 하늘, 땅, 사람을 본떴어. 둥근 하늘은 ·, 평평한 땅은 ㅡ, 서 있는 사람은 ㅣ로 나타냈어. 이 세 글자를 서로 합쳐 ㅏ, ㅓ, ㅗ, ㅜ 같은 여러 모음을 만들었지. 예를 들어 ㅣ의 오른쪽에 ·을 더하면 ㅏ가 돼.
이렇게 적은 수의 기본 글자에서 규칙적으로 다른 글자를 만들어 내기 때문에, 한글은 배우기 쉽고 새로운 소리도 적을 수 있어. 소리와 글자의 관계가 체계적이라는 점에서 한글은 세계적으로도 과학적인 글자라고 평가받아.",해례본,글자를 만든 원리와 쓰는 법을 풀이한 책,획,글자를 쓸 때 한 번에 긋는 줄이나 점,훈민정음의 원리,기록,원리를 담은 해례본,세계 기록 유산,1,자음 기본자,{{발음 기관}}의 모양을 본뜸,"ㄱ은 혀뿌리, ㅁ은 입",2,나머지 자음,소리가 세질수록 획을 더하는 {{가획}},ㄱ → ㅋ,3,모음,"하늘, 땅, {{사람}}을 본뜸",,4,ㅅ에 획을 하나 더해 만든 글자는 ㅅ보다 소리가 어떠할까? 글의 원리로 알맞게 짐작한 것은?,더 약하다,더 세다,소리가 나지 않는다,모음이 된다,2,3,소리가 세질수록 기본 글자에 획을 더했다.,한글이 과학적인 글자라고 평가받는 까닭을 친구에게 설명하듯 써 보세요.
역사심화-07,심화,역사,조선 사회를 나눈 신분 제도,조선 사회를 나눈 신분 제도,"조선은 사람들을 신분에 따라 나누어 다스렸어. 크게 양반, 중인, 상민, 천민의 네 신분이 있었지. 신분은 대체로 부모로부터 물려받았고, 신분에 따라 할 수 있는 일과 지켜야 할 의무가 달랐어. 옷차림과 집의 크기, 쓰는 말까지 신분에 따라 달랐지.
양반은 가장 높은 신분으로, 과거 시험을 보아 관리가 되거나 학문을 닦았어. 원래 양반은 나라의 관리를 가리키는 말이었지만, 점차 그 가족까지 포함하는 신분이 되었어. 양반은 세금이나 군대의 의무에서 혜택을 받기도 했어.
중인은 의술, 통역, 그림, 계산처럼 전문적인 기술을 가진 사람들이었어. 상민은 백성의 대부분을 차지했는데, 주로 농사를 짓거나 물건을 만들고 장사를 했어. 상민은 세금을 내고 군대에 가는 등 많은 의무를 졌어.
천민은 가장 낮은 신분이었어. 노비가 대부분을 차지했는데, 노비는 주인의 재산처럼 여겨져 사고팔리기도 했어. 백정이나 광대처럼 사람들이 낮게 여기던 일을 하는 사람들도 천민으로 대접받았어.
조선 후기에는 신분 제도가 흔들리기 시작했어. 농업과 상업으로 재산을 모은 상민이 돈을 내고 양반 신분을 얻기도 했고, 양반 가운데 가난해진 사람도 늘어났어. 결국 1894년에 신분 제도가 법으로 없어지면서 모든 사람이 같은 신분이 되는 길이 열렸어. 오랜 차별을 끝내는 아주 큰 변화였지.",과거,관리를 뽑으려고 치르던 시험,통역,서로 다른 말을 옮겨 전함,조선의 신분 제도,양반,과거를 보아 {{관리}}가 됨,,2,중인과 상민,"중인은 전문 기술, {{상민}}은 백성 대부분",,3,천민,"대부분 {{노비}}, 사고팔리기도 함",,4,변화,"조선 후기 흔들림, 1894년 폐지",,5,조선 시대에 외국 사신의 말을 옮겨 전하는 일을 하던 사람은 주로 어느 신분이었을까?,양반,중인,상민,천민,2,3,통역 같은 전문 기술을 가진 사람은 중인이었다.,"신분 제도가 없어진 오늘날, 모두가 평등하게 대우받기 위해 여전히 필요한 노력은 무엇일지 써 보세요."
역사심화-08,심화,역사,"특산물 대신 쌀로, 대동법","특산물 대신 쌀로, 대동법","조선의 백성은 나라에 여러 가지 세금을 냈어. 그중 공납은 각 지역의 특산물을 바치는 세금이었어. 예를 들어 바닷가 마을은 생선을, 산골 마을은 약초를 내는 식이었지. 그런데 이 공납이 백성을 크게 괴롭히는 세금이 되었어.
문제는 그 지역에서 나지 않는 물건을 내라고 하거나, 내야 할 양이 집마다 공평하지 않았다는 거야. 백성이 특산물을 마련하기 어렵자, 중간에서 물건을 대신 바치고 몇 배의 값을 받아 내는 사람들이 생겼어. 이를 방납이라고 하는데, 방납 때문에 백성의 부담은 더욱 커졌어.
이 문제를 해결하려고 만든 제도가 대동법이야. 대동법은 특산물 대신 쌀로 세금을 내게 했어. 그리고 집이 아니라 가진 땅의 넓이에 따라 세금을 매겼어. 땅이 많은 사람은 더 많이, 땅이 적거나 없는 사람은 적게 내게 된 거야. 백성들은 특산물을 구하러 다니는 수고에서도 벗어날 수 있었어.
대동법은 1608년 경기도에서 처음 시행되었어. 하지만 땅을 많이 가진 양반들이 반대해서 전국으로 넓히는 데 100년 가까이 걸렸어. 김육 같은 관리는 대동법을 넓히기 위해 오랫동안 애썼지.
대동법이 시행되자 나라는 거둔 쌀로 필요한 물건을 상인에게서 사들였어. 그러자 물건을 사고파는 일이 늘어나 상업이 발달하는 계기가 되었어. 세금 제도 하나가 백성의 삶과 나라의 경제를 함께 바꾼 거야.",특산물,어떤 지역에서 특별히 나는 물건,시행,실제로 행함,대동법,공납,각 지역의 특산물을 바치는 세금,,1,문제,중간에서 몇 배의 값을 받는 {{방납}},,2,대동법,{{쌀}}로 내고 땅의 넓이에 따라 매김,,3,결과,{{상업}}이 발달하는 계기,,5,대동법이 시행된 뒤 땅이 없는 가난한 농민의 세금 부담은 어떻게 되었을까?,더 커졌다,줄어들었다,변하지 않았다,특산물을 두 배로 냈다,2,3,땅의 넓이에 따라 세금을 매겨 땅이 적거나 없는 사람은 적게 냈다.,세금을 공평하게 매기는 방법이 왜 중요한지 대동법을 예로 들어 써 보세요.
역사심화-09,심화,역사,정조의 꿈이 담긴 수원 화성,정조의 꿈이 담긴 수원 화성,"조선의 제22대 임금 정조는 백성을 아끼고 나라를 새롭게 바꾸려 한 임금이야. 정조는 아버지 사도 세자의 무덤을 수원으로 옮기고, 그 둘레에 새로운 도시를 세웠어. 그 도시를 지키는 성이 바로 수원 화성이야.
수원 화성은 1794년에 공사를 시작해 1796년에 완성되었어. 처음에는 10년쯤 걸릴 것으로 생각했지만 3년이 채 걸리지 않았어. 정약용이 성의 설계를 맡았고, 거중기 같은 새로운 기구를 써서 무거운 돌을 쉽게 옮겼기 때문이야.
정조는 공사에 참여한 백성에게 일한 만큼 품삯을 주었어. 이전에는 나라의 공사에 백성을 그냥 불러다 일을 시키는 경우가 많았는데, 정조는 정당한 대가를 주어 백성의 부담을 덜고 일의 능률도 높였어.
수원 화성은 군사 시설로서도 뛰어났어. 적을 감시하는 망루와 대포를 쏠 수 있는 시설을 갖추었고, 성벽 일부는 돌과 벽돌을 함께 써서 튼튼하게 쌓았어. 아름다움과 쓸모를 모두 갖춘 성이었지. 안을 비워 군사가 숨어서 적을 살필 수 있는 공심돈처럼 독특한 건물도 지었어.
화성을 짓는 모든 과정은 화성성역의궤라는 책에 그림과 함께 자세히 기록되었어. 이 기록 덕분에 전쟁으로 많이 부서진 화성을 원래 모습에 가깝게 되살릴 수 있었어. 수원 화성은 그 가치를 인정받아 1997년에 유네스코 세계 유산이 되었어. 기록하는 습관이 문화유산을 지킨 거야.",설계,건물을 짓기 전에 모양과 구조를 계획함,능률,일정한 시간에 할 수 있는 일의 양,수원 화성,세운 까닭,정조가 아버지 무덤 둘레에 새 도시를 세움,,1,빠른 공사,"정약용의 설계, {{거중기}}",3년이 채 걸리지 않음,2,백성 존중,일한 만큼 {{품삯}}을 줌,,3,복원,화성성역{{의궤}}의 자세한 기록,1997년 세계 유산,5,전쟁으로 부서진 수원 화성을 원래 모습에 가깝게 되살릴 수 있었던 까닭으로 알맞은 것은?,공사 과정을 그림과 함께 자세히 남긴 기록이 있어서,성벽이 전혀 부서지지 않아서,거중기가 남아 있어서,정조가 직접 다시 지어서,1,5,화성성역의궤에 공사 과정이 자세히 기록되어 있었다.,우리 학교나 집에서 오래 남겨야 할 일을 기록으로 남긴다면 무엇을 어떻게 기록할지 써 보세요.
역사심화-10,심화,역사,백성이 일어선 동학 농민 운동,백성이 일어선 동학 농민 운동,"19세기 말 조선의 농민들은 무척 힘들게 살았어. 관리들은 정해진 것보다 많은 세금을 거두었고, 개항 이후 일본으로 쌀이 많이 빠져나가 곡식값이 크게 올랐어. 이런 때에 사람은 누구나 평등하다는 생각을 담은 동학이 농민들 사이에 널리 퍼졌어.
1894년, 전라도 고부의 군수 조병갑이 농민들에게 억지로 세금을 거두고 괴롭히자 농민들이 들고일어났어. 이 일을 이끈 사람은 전봉준이야. 그는 몸집이 작아 녹두 장군이라는 별명으로 불렸어. 농민들은 관아를 공격하고 억울하게 빼앗긴 곡식을 되찾았어.
농민들의 뜻은 곧 전라도 여러 고을로 퍼졌어. 농민군은 관군과 싸워 이기고 전주성까지 차지했어. 놀란 조선 정부는 농민군과 약속을 맺었고, 농민군은 고을마다 집강소를 두어 잘못된 정치를 직접 바로잡으려 했어.
그러나 이 무렵 청나라와 일본의 군대가 조선에 들어왔고, 일본은 조선의 일에 깊이 간섭하기 시작했어. 농민군은 나라를 지키기 위해 다시 일어섰지만, 우금치 전투에서 신식 무기를 가진 일본군에게 크게 패했어. 전봉준도 붙잡히고 말았지.
동학 농민 운동은 실패로 끝났지만, 백성 스스로 잘못된 정치를 바로잡고 나라를 지키려 했다는 점에서 큰 의미가 있어. 농민들이 요구했던 신분 차별 폐지 같은 내용은 이후 개혁에 반영되기도 했어. 그래서 이 운동은 백성이 역사의 주인공으로 나선 사건으로 기억돼.",관아,관리들이 나랏일을 보던 곳,간섭,남의 일에 끼어들어 참견함,동학 농민 운동,배경,무거운 세금과 평등을 말한 {{동학}},,1,시작,"1894년 고부, {{전봉준}}이 이끎",,2,개혁,고을마다 둔 {{집강소}},,3,좌절,우금치 전투 패배,,4,농민군이 고을마다 집강소를 둔 까닭으로 글에 나온 것은?,잘못된 정치를 직접 바로잡으려고,일본군을 맞이하려고,세금을 더 많이 거두려고,동학을 없애려고,1,3,농민군은 집강소를 두어 잘못된 정치를 바로잡으려 했다.,동학 농민 운동이 실패했는데도 의미 있다고 평가받는 까닭을 내 말로 정리해 써 보세요.
역사심화-11,심화,역사,"모두가 읽는 신문, 독립신문","모두가 읽는 신문, 독립신문","개항 이후 외국의 간섭이 심해지자, 나라의 자주독립을 지키고 백성을 깨우쳐야 한다는 목소리가 커졌어. 미국에서 공부하고 돌아온 서재필은 이를 위해 1896년에 독립신문을 만들었어.
독립신문은 몇 가지 점에서 특별했어. 먼저 나라가 아니라 민간이 만든 신문이었어. 그리고 한자를 모르는 백성도 읽을 수 있도록 순 한글로 썼어. 또 영어로 된 면도 따로 두어 우리나라의 사정을 외국에도 알렸어. 백성과 세계를 함께 바라본 신문이었지.
독립신문은 띄어쓰기를 해서 글을 읽기 쉽게 만들었어. 그 무렵에는 글을 쓸 때 띄어 쓰지 않는 것이 보통이었는데, 독립신문은 낱말마다 띄어 써서 누구나 편하게 읽을 수 있게 했지. 이렇게 띄어 쓰는 방식은 오늘날 우리가 쓰는 글로 이어지고 있어.
서재필과 뜻을 함께한 사람들은 독립 협회를 만들었어. 독립 협회는 중국 사신을 맞이하던 영은문을 헐고 그 자리 근처에 독립문을 세웠어. 또 서울 종로에서 만민 공동회를 열어 신분에 상관없이 누구나 나라의 일에 대해 의견을 말하게 했어.
독립신문과 독립 협회의 활동은 백성들이 나라의 주인으로서 목소리를 내는 경험을 하게 해 주었어. 오늘날 4월 7일 신문의 날은 독립신문이 처음 나온 날을 기념해 정한 날이야. 신문 한 장을 여럿이 돌려 읽으며 나라의 일을 이야기했던 그때의 마음을 떠올려 볼 만해.",자주독립,다른 나라의 간섭 없이 스스로 서는 것,민간,정부가 아닌 일반 사람들의 사회,독립신문,만든 사람,1896년 {{서재필}},,1,특징,순 {{한글}}과 영어 면,,2,읽기 쉽게,낱말마다 띄어 쓰는 {{띄어쓰기}},,3,독립 협회,"독립문, 만민 공동회",,4,독립신문을 순 한글로 쓴 까닭으로 알맞은 것은?,한자를 모르는 백성도 읽을 수 있게 하려고,외국 사람만 읽게 하려고,글자 수를 늘리려고,양반만 읽게 하려고,1,2,한자를 모르는 백성도 읽을 수 있도록 순 한글로 썼다.,우리 반 신문을 만든다면 독립신문에서 본받고 싶은 점을 넣어 계획을 써 보세요.
역사심화-12,심화,역사,"우리말을 지킨 사람들, 조선어학회","우리말을 지킨 사람들, 조선어학회","일제 강점기에 일본은 우리 민족의 정신을 없애려고 했어. 특히 1930년대 후반부터는 학교에서 우리말 대신 일본어를 쓰게 하고, 이름도 일본식으로 바꾸도록 강요했어. 말과 글을 빼앗아 민족의 뿌리를 끊으려 한 거야.
이런 상황에서도 우리말과 글을 지키려는 사람들이 있었어. 조선어학회는 우리말을 연구하고 바르게 쓰기 위해 모인 학자들의 단체야. 이들은 1933년에 한글 맞춤법 통일안을 만들어 글을 쓰는 규칙을 하나로 정리했어.
조선어학회가 가장 힘을 쏟은 일은 우리말 사전을 만드는 것이었어. 전국 곳곳의 사람들에게 자기 고장의 낱말을 보내 달라고 부탁해 수많은 말을 모았어. 학자들은 모은 말을 하나하나 뜻풀이하며 사전 원고를 만들어 갔어. 지역마다 다른 사투리까지 모아 우리말을 빠짐없이 담으려고 했어.
그러나 1942년, 일본은 조선어학회가 독립운동을 한다며 학자들을 붙잡아 가두었어. 이를 조선어학회 사건이라고 해. 모진 고문으로 목숨을 잃은 학자도 있었고, 애써 만든 사전 원고는 빼앗겨 행방을 알 수 없게 되었어.
광복 직후, 놀랍게도 그 원고가 서울역의 창고에서 발견되었어. 학자들은 이 원고를 바탕으로 작업을 이어 가 마침내 큰사전을 완성했어. 오늘날 우리가 우리말을 마음껏 쓸 수 있는 것은 이렇게 말과 글을 지킨 사람들 덕분이야. 이 이야기는 영화로도 만들어져 많은 사람에게 알려졌어.",고문,몸에 고통을 주며 억지로 캐묻는 일,행방,간 곳이나 방향,조선어학회,일본의 정책,우리말 대신 {{일본어}}를 쓰게 함,,1,규칙 정리,1933년 한글 {{맞춤법}} 통일안,,2,사전 만들기,전국의 낱말을 모아 {{원고}} 작성,,3,위기와 결실,"1942년 사건, 광복 뒤 원고 발견",,5,조선어학회가 전국 곳곳의 사람들에게 낱말을 보내 달라고 한 까닭으로 알맞은 것은?,사전에 우리말을 빠짐없이 담으려고,일본어를 배우려고,맞춤법을 없애려고,신문을 팔려고,1,3,사전을 만들려고 전국의 낱말을 모았다.,우리말을 소중히 지키기 위해 오늘 내가 실천할 수 있는 일을 두 가지 써 보세요.
역사심화-13,심화,역사,"나라 밖에 세운 우리 정부, 대한민국 임시 정부","나라 밖에 세운 우리 정부, 대한민국 임시 정부","3·1 운동으로 독립을 향한 우리 민족의 뜻이 하나로 모였어. 사람들은 독립운동을 체계적으로 이끌 정부가 필요하다고 생각했어. 그래서 1919년, 일본의 감시를 피할 수 있는 중국 상하이에 대한민국 임시 정부를 세웠어. 상하이에는 외국인이 머무는 지역이 있어서 일본의 감시를 피하기에 유리했어.
임시 정부는 처음으로 민주 공화제를 택한 정부였어. 나라의 주인이 왕이 아니라 국민이라는 뜻이야. 또 입법, 행정, 사법의 권력을 나누는 체제를 갖추었어. 대한민국이라는 나라 이름도 이때 처음 정해졌어.
임시 정부는 다양한 방법으로 독립운동을 펼쳤어. 국내와 연락하는 비밀 조직을 만들어 소식과 독립운동 자금을 주고받았고, 외국에 대표를 보내 우리의 독립을 도와 달라고 호소했어. 독립신문을 발행해 소식을 알리기도 했어. 독립운동에 쓸 돈을 마련하려고 독립 공채를 팔기도 했지.
일본의 탄압으로 임시 정부는 여러 차례 근거지를 옮겨야 했어. 그 어려움 속에서도 김구를 비롯한 독립운동가들은 정부를 지켜 냈어. 1940년에는 군대인 한국광복군을 만들어 일본과 맞서 싸울 준비를 했어.
임시 정부의 정신은 오늘날 대한민국으로 이어지고 있어. 우리 헌법의 첫머리에도 대한민국이 3·1 운동으로 세워진 임시 정부의 법통을 이어받았다고 적혀 있어. 나라를 잃은 때에도 나라를 되찾을 준비를 멈추지 않았던 거야.",근거지,활동의 터전으로 삼는 곳,법통,정당하게 이어져 내려오는 계통,대한민국 임시 정부,수립,1919년 중국 {{상하이}},,1,정치 체제,국민이 주인인 민주 {{공화제}},,2,활동,"비밀 조직, 외교, {{자금}} 모으기",,3,군대,1940년 한국광복군,김구,4,임시 정부가 나라 이름을 대한제국이 아니라 대한민국이라고 정한 것과 관련 깊은 내용은?,나라의 주인이 국민인 민주 공화제를 택했다,왕이 모든 권력을 가졌다,중국의 지배를 받았다,군대를 만들지 않았다,1,2,임시 정부는 국민이 주인인 민주 공화제를 택했다.,임시 정부가 나라 밖에서 세워졌는데도 중요한 까닭을 오늘날 우리나라와 연결해 써 보세요.
역사심화-14,심화,역사,민주주의를 지킨 4·19 혁명,민주주의를 지킨 4·19 혁명,"1960년 3월 15일, 대통령과 부통령을 뽑는 선거가 열렸어. 그런데 이 선거에서 정부와 여당은 투표함을 바꿔치기하거나 여럿이 함께 투표하게 하는 등 불법을 저질렀어. 이 선거를 3·15 부정 선거라고 해. 투표하기 전에 미리 표를 넣어 두는 일까지 있었다고 해.
부정 선거에 분노한 시민과 학생들은 거리로 나섰어. 마산에서 시위를 하던 학생 김주열이 목숨을 잃은 채 발견되면서 사람들의 분노는 더욱 커졌어. 시위는 전국으로 번져 나갔지.
4월 19일, 서울에서는 수많은 학생과 시민이 부정 선거를 다시 하고 독재를 멈추라고 외쳤어. 경찰이 총을 쏘아 많은 사람이 다치고 목숨을 잃었지만, 시민들은 물러서지 않았어. 교수들도 시위에 함께했어.
결국 이승만 대통령은 대통령 자리에서 물러났어. 국민의 힘으로 잘못된 권력을 바로잡은 거야. 이 사건을 4·19 혁명이라고 해. 학생들이 앞장서고 시민이 함께한 이 혁명은 국민이 직접 민주주의를 지켜 낸 소중한 경험이었어.
4·19 혁명은 민주주의가 저절로 지켜지는 것이 아니라 국민이 관심을 갖고 지켜야 한다는 것을 보여 주었어. 이 정신은 우리 헌법에도 담겨 있고, 이후 민주주의를 위한 여러 운동으로 이어졌어. 그래서 4·19 혁명은 우리 민주주의의 소중한 뿌리라고 할 수 있어. 해마다 4월 19일이 되면 그날의 뜻을 기억해.",여당,정부를 이끄는 정당,독재,한 사람이나 집단이 권력을 마음대로 함,4·19 혁명,원인,1960년 3·15 {{부정}} 선거,,1,확산,{{김주열}}의 죽음으로 분노가 커짐,,2,4월 19일,학생과 {{시민}}의 대규모 시위,,3,의미,국민의 힘으로 권력을 바로잡음,,5,4·19 혁명이 오늘날 우리에게 주는 가르침으로 가장 알맞은 것은?,민주주의는 국민이 관심을 갖고 지켜야 한다,선거는 하지 않는 것이 좋다,정부가 하는 일에 관심을 두지 않아도 된다,시위는 언제나 실패한다,1,5,민주주의는 저절로 지켜지지 않고 국민이 지켜야 한다는 것을 보여 주었다.,민주주의를 지키기 위해 학생인 내가 할 수 있는 일을 4·19 혁명과 연결해 써 보세요.
역사심화-15,심화,역사,"조선 왕실의 사당, 종묘","조선 왕실의 사당, 종묘","서울 종로에는 조선 왕실의 조상을 모신 종묘가 있어. 종묘는 조선의 역대 왕과 왕비의 신주를 모시고 제사를 지내던 사당이야. 조선은 유교를 중요하게 여겨서 조상을 받드는 일을 나라의 근본으로 생각했어.
종묘의 중심 건물인 정전은 옆으로 길게 이어진 모습이 특징이야. 처음에는 지금보다 짧았지만, 모셔야 할 왕이 늘어날 때마다 칸을 덧붙여 지었어. 그래서 지금은 하나의 건물로는 아주 긴 목조 건축물이 되었어. 화려하게 꾸미지 않아 엄숙하고 단정한 느낌을 줘. 정전 앞에는 넓은 돌마당이 펼쳐져 있어 제사의 엄숙함을 더해 줘.
종묘에서는 지금도 해마다 제사가 열려. 이를 종묘 제례라고 하고, 제사 때 연주하는 음악과 춤을 종묘 제례악이라고 해. 악기 연주와 노래, 춤이 어우러진 종묘 제례악은 수백 년 동안 그 형식을 지키며 이어져 왔어.
종묘는 그 건축의 가치를 인정받아 1995년에 유네스코 세계 유산이 되었어. 그리고 종묘 제례와 종묘 제례악은 유네스코 인류 무형 문화유산이 되었어. 건물과 그 안에서 이어지는 의식이 함께 세계의 보물이 된 셈이야.
종묘를 보면 조선 사람들이 조상을 얼마나 소중히 여겼는지 알 수 있어. 눈에 보이는 건물뿐 아니라 사람들이 이어 온 의식과 음악까지 함께 지켜야 진정한 문화유산 보호라고 할 수 있어. 그래서 종묘 제례는 오늘날에도 정성껏 이어지고 있어.",신주,죽은 사람의 이름을 적어 모시는 나무패,엄숙,장엄하고 정숙함,종묘,뜻,왕과 왕비의 신주를 모신 {{사당}},,1,정전,왕이 늘 때마다 {{칸}}을 덧붙여 길어짐,,2,제례와 음악,"종묘 제례, 종묘 {{제례악}}",,3,세계 유산,건물과 의식이 함께 인정받음,,4,종묘 정전이 옆으로 길게 이어진 모습이 된 까닭으로 알맞은 것은?,모셔야 할 왕이 늘어날 때마다 칸을 덧붙여서,처음부터 아주 길게 지어서,다른 건물을 옮겨 와서,화려하게 꾸미려고,1,2,모셔야 할 왕이 늘 때마다 칸을 덧붙여 지었다.,건물뿐 아니라 의식과 음악까지 지켜야 하는 까닭을 종묘를 예로 들어 써 보세요.
생활34-01,3~4학년,생활,손 씻기는 왜 중요할까,손 씻기는 왜 중요할까,"우리 손에는 눈에 보이지 않는 아주 작은 세균이 많이 붙어 있어. 문손잡이, 계단 손잡이, 휴대 전화처럼 여러 사람이 만지는 물건에는 특히 세균이 많아. 이 손으로 눈이나 코, 입을 만지면 세균이 몸속으로 들어갈 수 있어.
몸에 들어온 세균은 감기나 배탈 같은 병을 일으키기도 해. 그래서 병을 막는 가장 쉽고 좋은 방법이 바로 손 씻기야. 손만 잘 씻어도 많은 병을 예방할 수 있어.
손은 비누를 묻혀 30초 이상 꼼꼼하게 씻어야 해. 손바닥만 문지르지 말고 손등, 손가락 사이, 손톱 밑까지 구석구석 닦아. 마지막으로 흐르는 물에 비누 거품을 깨끗이 헹구고 마른 수건으로 닦아야 해.
밖에서 놀고 들어왔을 때, 화장실을 다녀온 뒤, 밥을 먹기 전에는 꼭 손을 씻자. 작은 습관 하나가 나와 친구들의 건강을 함께 지켜 줘.",구석구석,이곳저곳 빠짐없이,예방,병이나 사고가 일어나기 전에 미리 막음,손 씻기,까닭,손에 붙은 {{세균}}이 몸속으로 들어감,,1,효과,감기나 {{배탈}} 같은 병을 막음,,2,방법,"{{비누}}로 30초 이상, 구석구석",,3,씻을 때,"놀고 온 뒤, 화장실 뒤, 밥 먹기 전",,4,밥을 먹기 직전에 친구가 손바닥만 물로 살짝 헹궜어. 글에 따라 더 알려 줄 점으로 알맞은 것은?,물만으로 충분해,비누를 묻혀 손가락 사이와 손톱 밑까지 30초 이상 씻어,손은 밥 먹은 뒤에만 씻으면 돼,손을 씻지 않아도 괜찮아,2,3,손은 비누로 30초 이상 구석구석 씻어야 한다.,우리 반 친구들이 손을 잘 씻도록 돕는 방법을 한 가지 생각해 써 보세요.
생활34-02,3~4학년,생활,골고루 먹어야 하는 까닭,골고루 먹어야 하는 까닭,"좋아하는 음식만 먹고 싶을 때가 있지? 하지만 우리 몸이 건강하게 자라려면 여러 가지 음식을 골고루 먹어야 해. 음식마다 우리 몸에 필요한 영양소가 다르게 들어 있기 때문이야.
밥, 빵, 국수에는 몸을 움직이는 힘을 주는 영양소가 많아. 고기, 생선, 달걀, 콩에는 몸을 자라게 하고 근육을 만드는 영양소가 들어 있어. 우유와 멸치에는 뼈와 이를 튼튼하게 하는 칼슘이 많지.
채소와 과일에는 몸의 여러 기능을 도와주는 비타민이 풍부해. 비타민이 부족하면 쉽게 피곤해지거나 병에 걸리기 쉬워. 그래서 채소를 싫어하더라도 조금씩이라도 먹는 습관이 중요해.
한 가지 음식만 많이 먹으면 어떤 영양소는 넘치고 어떤 영양소는 모자라게 돼. 밥, 반찬, 국을 고루 담은 우리 식탁은 영양소를 골고루 얻기 좋은 차림이야. 오늘 급식에서 평소 남기던 반찬을 한 번 먹어 볼까?",영양소,몸이 자라고 움직이는 데 필요한 음식 속 성분,근육,몸을 움직이게 하는 살,골고루 먹기,밥과 빵,몸을 움직이는 {{힘}}을 줌,,2,고기와 달걀,몸을 자라게 하고 근육을 만듦,,2,우유와 멸치,뼈와 이를 튼튼하게 하는 {{칼슘}},,2,채소와 과일,몸의 기능을 돕는 {{비타민}},,3,요즘 뼈가 튼튼해지도록 신경 쓰고 싶은 친구에게 글을 바탕으로 권할 음식은?,사탕,우유와 멸치,과자,탄산음료,2,2,우유와 멸치에는 뼈와 이를 튼튼하게 하는 칼슘이 많다.,"내가 잘 먹지 않는 음식을 하나 고르고, 그 음식을 먹어 보기 위한 나만의 방법을 써 보세요."
생활34-03,3~4학년,생활,잠은 왜 자야 할까,잠은 왜 자야 할까,"우리는 하루의 거의 절반 가까이를 잠으로 보내. 잠자는 시간이 아깝다고 생각할 수도 있지만, 잠은 우리 몸과 마음에 꼭 필요해. 잠을 자는 동안 우리 몸에서는 중요한 일들이 일어나거든.
잠을 자는 동안 몸은 낮에 쌓인 피로를 풀고 다친 곳을 회복해. 특히 어린이는 깊이 잠든 동안 몸을 자라게 하는 성장 호르몬이 많이 나와. 그래서 잘 자는 어린이가 키도 잘 자란다고 해.
뇌도 잠을 자는 동안 쉬지 않고 일해. 낮에 배운 것을 정리해서 기억으로 저장하지. 그래서 충분히 잔 다음 날에는 공부한 내용이 더 잘 기억나고 집중도 잘 돼.
어린이는 하루에 9시간 넘게 자는 것이 좋아. 잠들기 전에 휴대 전화나 텔레비전을 보면 뇌가 깨어 있어서 잠들기 어려워. 매일 같은 시각에 자고 일어나는 습관을 기르면 몸이 더 건강해져.",피로,몸이나 마음이 지쳐서 힘든 상태,호르몬,몸속에서 만들어져 몸의 여러 일을 조절하는 물질,잠,몸,피로를 풀고 다친 곳을 {{회복}},,2,자라기,깊은 잠에서 성장 호르몬이 나옴,,2,뇌,배운 것을 정리해 {{기억}}으로 저장,,3,좋은 습관,매일 같은 {{시각}}에 자고 일어나기,,4,내일 받아쓰기 시험이 있는 민호가 밤늦게까지 게임을 하려고 해. 글을 바탕으로 해 줄 조언은?,늦게 자도 기억에는 상관없어,충분히 자야 배운 것이 기억으로 잘 저장돼,게임을 하면 잠이 더 잘 와,잠은 짧을수록 좋아,2,3,잠자는 동안 뇌가 배운 것을 정리해 기억으로 저장한다.,내가 잠을 잘 자기 위해 지킬 약속을 두 가지 정하고 그 까닭을 써 보세요.
생활34-04,3~4학년,생활,횡단보도를 안전하게 건너요,횡단보도를 안전하게 건너요,"학교에 오고 가는 길에는 횡단보도를 건널 때가 많아. 횡단보도는 사람이 안전하게 길을 건널 수 있도록 표시해 둔 곳이야. 하지만 횡단보도에서도 사고가 날 수 있어서 안전 규칙을 꼭 지켜야 해.
횡단보도 앞에 도착하면 먼저 멈추어 서야 해. 신호등이 초록불로 바뀌어도 바로 뛰어나가지 말고, 오른쪽과 왼쪽을 살펴 차가 멈췄는지 확인해. 운전자가 나를 잘 볼 수 있도록 손을 드는 것도 좋아.
길을 건널 때는 뛰지 말고 차를 보면서 걸어야 해. 휴대 전화를 보거나 이어폰을 끼고 걸으면 다가오는 차를 알아차리기 어려워. 초록불이 깜박이기 시작하면 무리하게 건너지 말고 다음 신호를 기다려.
신호등이 없는 횡단보도에서는 더욱 조심해야 해. 차가 완전히 멈춘 것을 확인한 뒤에 건너야 하거든. 서고, 보고, 걷는 세 가지 약속을 지키면 사고를 막을 수 있어.",횡단보도,사람이 길을 건너도록 표시해 둔 곳,운전자,자동차를 움직이는 사람,횡단보도 안전,서기,횡단보도 앞에서 먼저 {{멈추어}} 서기,,2,보기,오른쪽과 왼쪽을 살펴 차가 멈췄는지 확인,,2,걷기,뛰지 말고 {{휴대 전화}}를 보지 않기,,3,기다리기,초록불이 {{깜박이기}} 시작하면 다음 신호,,3,횡단보도에 도착하니 초록불이 깜박이고 있어. 글에 따라 가장 알맞은 행동은?,빨리 뛰어서 건넌다,다음 신호를 기다린다,휴대 전화를 보며 건넌다,차가 와도 그냥 건넌다,2,3,초록불이 깜박이기 시작하면 다음 신호를 기다린다.,"우리 학교 앞 길에서 특히 조심해야 할 곳을 떠올리고, 안전하게 지나가는 방법을 써 보세요."
생활34-05,3~4학년,생활,바른 자세가 건강을 지켜요,바른 자세가 건강을 지켜요,"공부할 때 나도 모르게 허리를 구부리거나 턱을 괴고 앉은 적이 있니? 잘못된 자세로 오래 앉아 있으면 목과 허리가 아프고 쉽게 피곤해져. 오랫동안 이런 자세가 굳어지면 등뼈가 휘기도 해.
바르게 앉으려면 엉덩이를 의자 깊숙이 넣고 허리를 곧게 펴야 해. 두 발은 바닥에 평평하게 닿게 두고, 책상과 몸 사이는 주먹 하나 정도 띄워. 어깨에 힘을 빼고 고개를 너무 숙이지 않는 것도 중요해.
책을 볼 때는 눈과 책 사이를 30센티미터 이상 떨어뜨리는 게 좋아. 너무 가까이에서 보면 눈이 쉽게 지쳐. 휴대 전화나 태블릿을 볼 때 고개를 푹 숙이는 자세는 목에 큰 부담을 줘.
아무리 바른 자세라도 오래 앉아만 있으면 몸이 굳어. 공부하다 틈틈이 일어나 기지개를 켜고 목과 어깨를 돌려 주자. 바른 자세는 작은 습관이 모여 만들어져.",등뼈,등 한가운데를 이루는 뼈,부담,감당해야 할 무거운 짐,바른 자세,나쁜 자세,목과 {{허리}}가 아프고 등뼈가 휠 수 있음,,1,바르게 앉기,"엉덩이를 의자 깊숙이, 두 {{발}}은 바닥에",,2,책 보기,눈과 책 사이 30센티미터 이상,,3,쉬는 시간,틈틈이 일어나 {{기지개}} 켜기,,4,태블릿을 볼 때 목이 아프다는 친구에게 글을 바탕으로 할 조언은?,고개를 더 숙이고 봐,고개를 푹 숙이지 말고 틈틈이 목을 돌려 줘,더 오래 계속 봐,누워서 보면 괜찮아,2,3,고개를 푹 숙이는 자세는 목에 부담을 주므로 피하고 틈틈이 풀어 준다.,"내 자세를 점검해 고쳐야 할 점을 하나 찾고, 고치기 위한 방법을 써 보세요."
생활34-06,3~4학년,생활,정리정돈의 힘,정리정돈의 힘,"아침마다 준비물을 찾느라 허둥지둥한 적이 있니? 물건이 제자리에 없으면 찾는 데 시간이 오래 걸려. 물건을 쓰고 나서 정해진 자리에 두는 것을 정리정돈이라고 해.
정리정돈을 잘하면 좋은 점이 많아. 필요한 물건을 바로 찾을 수 있어 시간을 아낄 수 있어. 책상이 깔끔하면 마음도 차분해져서 공부에 더 집중할 수 있지. 물건을 잃어버리는 일도 줄어들어.
정리정돈을 잘하려면 먼저 물건마다 제자리를 정해야 해. 자주 쓰는 물건은 손이 닿기 쉬운 곳에, 가끔 쓰는 물건은 서랍 안쪽에 두면 좋아. 비슷한 물건끼리 바구니나 상자에 모아 두는 것도 좋은 방법이야.
정리정돈은 한 번에 다 하려고 하면 힘들어. 쓰고 바로 제자리에 두는 습관을 들이면 따로 정리할 일이 줄어들어. 잠들기 전 5분 동안 내 책상을 정리해 보는 건 어떨까?",허둥지둥,어쩔 줄 모르고 다급하게 서두르는 모양,차분해져서,마음이 가라앉아 조용해져서,정리정돈,뜻,쓰고 나서 정해진 {{자리}}에 두기,,1,좋은 점,시간을 아끼고 {{집중}}이 잘 됨,,2,방법,자주 쓰는 물건은 손이 닿기 쉬운 곳에,비슷한 물건끼리 바구니에,3,습관,쓰고 {{바로}} 제자리에 두기,,4,미술 시간이 끝난 뒤 색연필이 책상 위에 흩어져 있어. 글에 따른 가장 좋은 습관은?,내일 한꺼번에 치운다,쓰고 바로 정해 둔 통에 넣는다,친구 책상에 둔다,그대로 둔다,2,4,쓰고 바로 제자리에 두는 습관을 들이면 정리할 일이 줄어든다.,"내 책상이나 가방에서 정리가 필요한 곳을 찾고, 어떻게 정리할지 계획을 써 보세요."
생활34-07,3~4학년,생활,용돈 기록장을 써 봐요,용돈 기록장을 써 봐요,"용돈을 받으면 금세 다 써 버리고 어디에 썼는지 기억나지 않을 때가 있지? 그럴 때 도움이 되는 것이 용돈 기록장이야. 용돈 기록장은 받은 돈과 쓴 돈을 날짜별로 적어 두는 공책이야.
용돈 기록장에는 날짜, 들어온 돈, 나간 돈, 남은 돈을 적어. 들어온 돈은 수입, 나간 돈은 지출이라고 해. 예를 들어 용돈 3,000원을 받고 공책을 1,000원에 샀다면, 남은 돈은 2,000원이야.
기록장을 쓰면 내가 어디에 돈을 많이 쓰는지 한눈에 알 수 있어. 간식에 돈을 너무 많이 썼다면 다음에는 줄여 볼 수 있지. 꼭 필요한 것과 갖고 싶은 것을 나누어 생각하는 데에도 도움이 돼.
사고 싶은 물건이 비싸다면 미리 계획을 세워 조금씩 모아 보자. 기록장에 모은 돈이 늘어나는 것을 보면 뿌듯할 거야. 돈을 계획적으로 쓰는 습관은 어른이 되어서도 큰 힘이 돼.",수입,들어온 돈,계획적,미리 계획을 세워 하는,용돈 기록장,뜻,받은 돈과 쓴 돈을 {{날짜}}별로 적음,,1,나간 돈,{{지출}},들어온 돈은 수입,2,좋은 점,어디에 돈을 많이 쓰는지 앎,,3,모으기,비싼 물건은 계획을 세워 {{조금씩}} 모음,,4,"용돈 5,000원을 받아 간식에 2,000원, 연필에 1,000원을 썼어. 남은 돈은 얼마일까?","1,000원","2,000원","3,000원","4,000원",2,2,"5,000원에서 지출 3,000원을 빼면 2,000원이 남는다.","갖고 싶은 물건을 하나 정하고, 용돈을 어떻게 모아 살지 계획을 써 보세요."
생활34-08,3~4학년,생활,불이 났을 때 이렇게 해요,불이 났을 때 이렇게 해요,"불이 나면 무척 무섭고 당황스러워. 하지만 침착하게 행동하는 방법을 알고 있으면 안전하게 대피할 수 있어. 불을 발견하면 먼저 “불이야!” 하고 큰 소리로 외쳐 주변 사람들에게 알려야 해.
불이 나면 불보다 연기가 더 위험할 때가 많아. 뜨거운 연기는 위로 올라가기 때문에 몸을 낮추고 이동해야 해. 젖은 수건이나 옷소매로 코와 입을 막으면 연기를 덜 들이마실 수 있어.
대피할 때는 엘리베이터를 타지 말고 계단을 이용해야 해. 불이 나면 전기가 끊겨 엘리베이터가 멈출 수 있고, 엘리베이터 통로로 연기가 들어오기도 하거든. 문을 열기 전에는 손등으로 손잡이를 만져 뜨거운지 확인해.
안전한 곳으로 나온 뒤에는 119에 전화해 불이 난 곳을 정확히 알려. 학교에서 하는 대피 훈련에 진지하게 참여하면 실제 상황에서도 몸이 먼저 움직여. 우리 집과 학교의 비상구가 어디인지 미리 알아 두자.",대피,위험을 피해 잠시 안전한 곳으로 옮겨 감,비상구,급할 때 빠져나가도록 만든 문,화재 대피,알리기,“불이야!” 하고 큰 {{소리}}로 외침,,1,연기 피하기,몸을 낮추고 젖은 {{수건}}으로 코와 입 막기,,2,이동,엘리베이터 대신 {{계단}},,3,신고,안전한 곳에서 119에 전화,,4,불이 나서 복도에 연기가 차오르고 있어. 글에 따른 바른 행동은?,허리를 펴고 빠르게 뛴다,몸을 낮추고 코와 입을 막고 계단으로 나간다,엘리베이터를 탄다,옷장 안에 숨는다,2,2,연기는 위로 올라가므로 몸을 낮추고 코와 입을 막고 계단으로 대피한다.,우리 집에서 불이 났을 때 대피할 길과 모일 곳을 정해 가족과 나눌 계획을 써 보세요.
생활34-09,3~4학년,생활,충치는 왜 생길까,충치는 왜 생길까,"이가 시리거나 검게 변한 적이 있니? 그것은 충치일 수 있어. 충치는 이가 조금씩 썩어서 구멍이 생기는 병이야. 한번 생긴 충치는 저절로 낫지 않아서 치과에서 치료를 받아야 해.
충치는 입속에 사는 세균 때문에 생겨. 사탕이나 과자처럼 단 음식을 먹으면 이 사이에 찌꺼기가 남아. 세균이 이 찌꺼기를 먹고 이를 녹이는 산을 만들어 내. 산이 이의 단단한 겉면을 조금씩 녹이면 충치가 돼.
충치를 막으려면 이를 잘 닦아야 해. 밥을 먹은 뒤 3분 안에, 3분 동안 이를 닦는 습관을 들이면 좋아. 칫솔로 이의 안쪽과 바깥쪽, 씹는 면까지 꼼꼼히 닦고 혀도 닦아 줘.
단 음식을 먹은 뒤에는 물로 입을 헹구는 것도 도움이 돼. 정기적으로 치과에 가서 검사를 받으면 충치를 일찍 발견할 수 있어. 튼튼한 이는 맛있는 음식을 오래 즐기게 해 주는 소중한 선물이야.",찌꺼기,쓰고 남은 하찮은 것,정기적,기한을 정해 놓고 일정하게,충치,뜻,이가 썩어 {{구멍}}이 생기는 병,,1,원인,세균이 찌꺼기를 먹고 {{산}}을 만듦,,2,양치,"먹은 뒤 3분 안에, 3분 동안",,3,예방,단 음식 뒤 {{물}}로 헹구기,치과 검사,4,간식으로 끈적한 사탕을 먹었는데 바로 이를 닦을 수 없어. 글에 따라 우선 할 수 있는 일은?,사탕을 하나 더 먹는다,물로 입을 헹군다,그대로 잔다,이를 닦지 않아도 된다,2,4,단 음식을 먹은 뒤에는 물로 입을 헹구는 것도 도움이 된다.,충치를 예방하기 위해 오늘부터 지킬 나만의 양치 약속을 써 보세요.
생활34-10,3~4학년,생활,인사는 마음을 여는 열쇠,인사는 마음을 여는 열쇠,"아침에 친구를 만났을 때 먼저 “안녕!” 하고 인사하면 기분이 어때? 인사는 상대를 반갑게 맞이하고 존중하는 마음을 표현하는 방법이야. 짧은 인사 한마디가 하루를 기분 좋게 만들어 주기도 해.
인사는 상대에 따라 알맞게 해야 해. 친구에게는 밝게 손을 흔들며 인사해도 좋지만, 선생님이나 웃어른께는 허리를 굽혀 공손하게 인사해야 해. “안녕하세요?”처럼 높임말을 쓰는 것도 잊지 마.
상황에 맞는 인사말도 있어. 도움을 받으면 “고맙습니다.”, 실수했을 때는 “죄송합니다.”, 헤어질 때는 “안녕히 가세요.”라고 말해. 상대의 눈을 보며 웃는 얼굴로 인사하면 마음이 더 잘 전해져.
인사를 받았을 때 모른 척하면 상대가 서운해할 수 있어. 인사를 받으면 반갑게 대답해 주자. 서로 인사를 나누다 보면 어색했던 사이도 점점 가까워져.",공손하게,말이나 행동이 겸손하고 예의 바르게,웃어른,나이나 지위가 자기보다 높은 사람,인사 예절,뜻,상대를 {{존중}}하는 마음의 표현,,1,웃어른께,"허리를 굽혀 공손하게, {{높임말}}로",,2,상황별 인사,도움을 받으면 “{{고맙습니다}}.”,,3,인사를 받으면,반갑게 대답하기,,4,복도에서 실수로 선생님과 부딪혔어. 글에 따라 알맞은 인사는?,“안녕!” 하고 지나간다,“죄송합니다.” 하고 공손하게 인사한다,모른 척한다,“고마워.”라고 말한다,2,3,실수했을 때는 “죄송합니다.”라고 말한다.,"오늘 누구에게 어떤 인사를 하고 싶은지, 그 인사로 어떤 마음을 전하고 싶은지 써 보세요."
생활34-11,3~4학년,생활,온라인에서도 고운 말을 써요,온라인에서도 고운 말을 써요,"요즘은 친구와 메시지를 주고받거나 게임을 하며 채팅을 하는 일이 많아. 얼굴을 보지 않고 글로만 이야기하다 보면 말을 함부로 하기 쉬워. 하지만 화면 너머에도 마음을 가진 친구가 있다는 것을 잊으면 안 돼.
글자에는 표정과 목소리가 담기지 않아서 같은 말도 다르게 받아들여질 수 있어. 장난으로 보낸 말이 친구에게는 큰 상처가 되기도 해. 그래서 메시지를 보내기 전에 한 번 더 읽어 보는 습관이 필요해.
욕설이나 놀리는 말, 친구를 따돌리는 말은 온라인에서도 폭력이 될 수 있어. 친구가 싫다는데도 같은 메시지를 계속 보내는 것도 친구를 괴롭히는 일이야. 이런 일을 겪거나 보았다면 혼자 고민하지 말고 어른께 꼭 알려야 해.
고운 말은 온라인 공간을 따뜻하게 만들어. 칭찬과 응원의 메시지는 친구에게 큰 힘이 되지. 얼굴을 보고 할 수 없는 말은 온라인에서도 하지 않기로 약속해 보자.",채팅,인터넷에서 글로 이야기를 주고받는 일,폭력,남을 해치는 거친 힘이나 행동,온라인 언어 예절,주의할 점,글에는 {{표정}}과 목소리가 담기지 않음,,2,습관,보내기 전에 한 번 더 {{읽어}} 보기,,2,폭력,"욕설, 놀리는 말, 따돌리는 말",,3,도움 요청,겪거나 보면 {{어른}}께 알리기,,3,단체 대화방에서 한 친구를 놀리는 말이 계속 올라오고 있어. 글에 따라 알맞은 행동은?,재미있어서 함께 놀린다,모른 척한다,어른께 알리고 친구를 응원한다,대화방을 나가서 더 놀린다,3,3,"이런 일을 보았다면 어른께 알려야 하고, 고운 말로 친구를 응원할 수 있다.",우리 반 단체 대화방에서 지킬 고운 말 약속을 세 가지 만들어 보세요.
생활34-12,3~4학년,생활,함께 쓰는 곳에서 지킬 예절,함께 쓰는 곳에서 지킬 예절,"도서관, 버스, 공원, 영화관처럼 여러 사람이 함께 쓰는 곳을 공공장소라고 해. 공공장소는 나만의 공간이 아니라 모두의 공간이야. 그래서 다른 사람을 배려하는 예절을 지켜야 해.
도서관에서는 조용히 책을 읽어야 해. 큰 소리로 떠들거나 뛰어다니면 다른 사람이 책에 집중할 수 없어. 빌린 책은 깨끗하게 보고 정해진 날까지 돌려주어야 다음 사람이 읽을 수 있지.
버스나 지하철에서는 차례를 지켜 타고 내려야 해. 몸이 불편한 사람이나 어르신께 자리를 양보하고, 휴대 전화로 통화할 때는 작은 목소리로 짧게 하는 것이 좋아. 가방을 옆자리에 두면 다른 사람이 앉을 수 없어.
공원에서는 쓰레기를 아무 데나 버리지 않고, 꽃이나 나무를 꺾지 않아야 해. 모두가 예절을 지키면 공공장소는 누구에게나 편안한 곳이 될 거야.",공공장소,여러 사람이 함께 쓰는 곳,양보,자리나 차례를 남에게 내줌,공공장소 예절,도서관,{{조용히}} 읽고 빌린 책은 제때 돌려주기,,2,버스와 지하철,어르신께 {{자리}}를 양보,통화는 작은 목소리로,3,공원,{{쓰레기}}를 아무 데나 버리지 않기,,4,까닭,모두의 공간이기 때문,,1,버스에 탔는데 옆자리에 가방을 두었더니 할머니가 서 계셔. 글에 따른 알맞은 행동은?,가방을 무릎에 올리고 자리를 양보한다,모른 척한다,가방을 더 넓게 둔다,큰 소리로 전화를 한다,1,3,"가방을 옆자리에 두면 다른 사람이 앉을 수 없고, 어르신께는 자리를 양보한다.","내가 자주 가는 공공장소 한 곳을 고르고, 그곳에서 지킬 예절을 써 보세요."
생활34-13,3~4학년,생활,몸을 움직이면 좋은 점,몸을 움직이면 좋은 점,"쉬는 시간에 운동장에서 신나게 뛰어놀고 나면 기분이 상쾌해지지? 운동은 우리 몸과 마음을 건강하게 해 주는 좋은 습관이야. 어린이에게는 매일 몸을 움직이는 시간이 꼭 필요해.
운동을 하면 심장과 폐가 튼튼해져. 달리기나 줄넘기를 하면 숨이 차고 심장이 빨리 뛰는데, 이것이 반복되면 심장과 폐가 더 많은 일을 할 수 있게 돼. 근육과 뼈도 단단해져서 몸이 잘 자라.
운동은 마음에도 좋아. 몸을 움직이면 기분을 좋게 만드는 물질이 나와서 걱정이나 짜증이 줄어들어. 친구들과 함께 운동하면 협동하는 법을 배우고 더 친해질 수도 있지.
운동하기 전에는 준비 운동으로 몸을 풀어야 다치지 않아. 땀을 흘린 뒤에는 물을 충분히 마셔. 텔레비전이나 휴대 전화를 보는 시간을 줄이고, 하루에 한 시간쯤 즐겁게 몸을 움직여 보자.",상쾌해지지,기분이 시원하고 산뜻해지지,협동,서로 마음과 힘을 합함,운동,몸,{{심장}}과 폐가 튼튼해짐,근육과 뼈도 단단해짐,2,마음,걱정이나 {{짜증}}이 줄어듦,친구와 협동,3,주의,운동 전 {{준비}} 운동,,4,습관,하루에 한 시간쯤 몸을 움직이기,,4,체육 시간에 바로 전력으로 달리기를 하려는 친구에게 글을 바탕으로 할 조언은?,준비 운동으로 먼저 몸을 풀어,물은 마시지 마,운동은 하지 않는 게 좋아,더 오래 쉬어,1,4,운동하기 전에는 준비 운동으로 몸을 풀어야 다치지 않는다.,친구와 함께 할 수 있는 운동을 하나 정하고 그 운동의 좋은 점을 써 보세요.
생활34-14,3~4학년,생활,다툼을 푸는 나 전달법,다툼을 푸는 나 전달법,"친구와 지내다 보면 서운하거나 화나는 일이 생기기도 해. 이럴 때 “너는 왜 맨날 그래!”처럼 상대를 탓하는 말로 시작하면 다툼이 더 커지기 쉬워. 상대도 기분이 상해서 자기 잘못을 인정하기 어렵거든.
이럴 때 쓰면 좋은 방법이 나 전달법이야. 나 전달법은 상대를 탓하는 대신 나의 마음을 차분하게 전하는 대화 방법이야. 일어난 일, 나의 기분, 내가 바라는 것을 차례대로 말하면 돼.
예를 들어 친구가 내 지우개를 말없이 가져갔다면 이렇게 말할 수 있어. “네가 내 지우개를 말없이 가져가서, 나는 당황스러웠어. 다음에는 빌려 달라고 말해 주면 좋겠어.” 이렇게 말하면 친구도 내 마음을 이해하기 쉬워.
대화할 때는 상대의 이야기도 끝까지 들어 주어야 해. 친구에게도 사정이 있을 수 있거든. 서로의 마음을 알게 되면 다툼은 오히려 더 친해지는 계기가 될 수 있어.",인정하기,확실히 그렇다고 받아들이기,계기,어떤 일이 일어나는 원인이나 기회,나 전달법,문제,상대를 {{탓하는}} 말은 다툼을 키움,,1,뜻,나의 {{마음}}을 차분하게 전하는 대화,,2,순서,일어난 일 → 나의 기분 → 내가 {{바라는}} 것,,2,함께,상대의 이야기도 끝까지 듣기,,4,친구가 줄을 서 있는 내 앞에 끼어들었어. 나 전달법으로 알맞게 말한 것은?,“너는 맨날 새치기만 하냐!”,“네가 내 앞에 끼어들어서 속상했어. 뒤에 서 주면 좋겠어.”,“저리 가!”,아무 말도 하지 않고 친구를 밀친다,2,3,"일어난 일, 나의 기분, 바라는 것을 차례대로 말한다.",최근에 친구와 서운했던 일을 떠올려 나 전달법으로 다시 말해 보세요.
생활34-15,3~4학년,생활,물을 마셔야 하는 까닭,물을 마셔야 하는 까닭,"우리 몸의 절반 이상은 물로 이루어져 있어. 물은 피를 타고 온몸을 돌며 영양소를 실어 나르고, 몸속의 필요 없는 것을 밖으로 내보내. 땀을 흘려 몸의 열을 식히는 것도 물이 하는 일이야.
우리는 숨을 쉬고, 땀을 흘리고, 화장실에 가면서 날마다 많은 물을 잃어. 잃은 만큼 물을 채워 주지 않으면 몸이 제 일을 하기 어려워. 물이 부족하면 머리가 아프거나 쉽게 피곤해지고 집중하기도 어려워져.
목이 마르다고 느낄 때는 이미 몸에 물이 조금 부족해진 상태야. 그래서 목이 마르기 전에 조금씩 자주 마시는 것이 좋아. 특히 운동을 하거나 더운 날에는 평소보다 물을 더 마셔야 해.
달콤한 음료수에는 설탕이 많이 들어 있어서 물 대신 마시기에는 좋지 않아. 학교에 물병을 가지고 다니며 쉬는 시간마다 한 모금씩 마셔 보자. 깨끗한 물 한 잔이 몸을 건강하게 지켜 줘.",영양소,몸이 자라고 움직이는 데 필요한 음식 속 성분,음료수,마실 수 있게 만든 물이나 주스 같은 것,물 마시기,물의 일,영양소를 나르고 몸의 {{열}}을 식힘,,1,부족하면,머리가 아프고 {{집중}}하기 어려움,,2,마시는 법,목이 마르기 {{전}}에 조금씩 자주,,3,주의,달콤한 음료수 대신 물,,4,더운 날 체육 시간을 앞둔 친구에게 글을 바탕으로 해 줄 말은?,목이 마를 때까지 참아,체육 전후로 물을 조금씩 자주 마셔,물 대신 탄산음료만 마셔,물은 하루에 한 번만 마셔,2,3,"운동하거나 더운 날에는 물을 더 마시고, 목이 마르기 전에 조금씩 자주 마신다.",하루 동안 물을 충분히 마시기 위한 나만의 방법을 써 보세요.
생활56-01,5~6학년,생활,"사이버 폭력, 멈춰!","사이버 폭력, 멈춰!","우리는 스마트폰과 컴퓨터로 친구들과 이야기하고 함께 게임을 해. 사이버 공간에서는 멀리 있는 친구와도 쉽게 어울릴 수 있지. 하지만 이 공간에서도 친구를 괴롭히는 일이 일어나. 사이버 공간에서 다른 사람을 계속 괴롭히는 행동을 사이버 폭력이라고 해.
가장 흔한 것은 언어폭력이야. 채팅이나 댓글로 욕설을 하거나 친구를 놀리고 비난하는 말을 올리는 행동이야. 얼굴을 마주하지 않으니 더 거칠게 말하기 쉽지만, 받는 사람에게는 큰 상처가 돼.
다른 사람에 대한 사실이나 거짓을 여러 사람에게 퍼뜨려 명예를 떨어뜨리는 것도 사이버 폭력이야. 이를 명예 훼손이라고 해. 친구의 사진이나 영상을 허락 없이 올리는 것도 여기에 해당할 수 있어. 올린 내용이 사실이라도 명예 훼손이 될 수 있다는 점을 기억해야 해.
상대가 원하지 않는데도 메시지를 계속 보내 불안하게 만드는 것은 사이버 스토킹이야. 단체 대화방에서 한 친구만 빼거나 일부러 무시하는 따돌림도 사이버 폭력이지.
사이버 폭력을 막으려면 온라인에서도 상대를 배려해야 해. 내 정보와 사진을 함부로 올리지 않는 것도 중요해. 사이버 폭력을 당하거나 보았다면 화면을 저장해 두고 부모님이나 선생님께 꼭 알려야 해.",비난,남의 잘못을 나쁘게 말함,훼손,명예나 가치를 떨어뜨림,사이버 폭력,언어폭력,채팅이나 {{댓글}}로 욕설과 놀림,,2,명예 훼손,{{사실}}이라도 퍼뜨리면 해당될 수 있음,,3,스토킹과 따돌림,원하지 않는 {{메시지}}를 계속 보냄,,4,대처,화면을 저장하고 어른께 알리기,,5,친구가 싫다고 했는데도 하루에 수십 번씩 같은 메시지를 보낸다면 어떤 사이버 폭력에 해당할까?,언어폭력,명예 훼손,사이버 스토킹,저작권 침해,3,4,원하지 않는 메시지를 계속 보내 불안하게 하는 것은 사이버 스토킹이다.,사이버 폭력을 본 친구가 할 수 있는 행동을 순서대로 정리해 써 보세요. (가상의 상황으로 써 주세요.)
생활56-02,5~6학년,생활,"만든 사람의 권리, 저작권","만든 사람의 권리, 저작권","발표 자료를 만들 때 인터넷에서 찾은 그림이나 사진을 그대로 가져다 쓴 적이 있니? 그 그림과 사진에는 모두 만든 사람이 있어. 글, 그림, 사진, 음악, 영상처럼 사람이 생각과 감정을 담아 만든 것을 저작물이라고 해.
저작물을 만든 사람은 그것을 어떻게 쓸지 정할 수 있는 권리를 가져. 이 권리를 저작권이라고 해. 다른 사람의 저작물을 쓰려면 원칙적으로 만든 사람의 허락을 받아야 해. 허락 없이 복사해서 퍼뜨리거나 내 것처럼 쓰면 저작권을 침해하는 거야.
저작권은 만든 사람의 노력을 지켜 줘. 많은 시간을 들여 노래를 만들었는데 누군가 마음대로 가져다 팔아 버린다면 얼마나 속상하겠어? 저작권이 지켜져야 사람들이 계속해서 좋은 작품을 만들 수 있어.
학교 공부를 위해 저작물을 쓸 때도 지켜야 할 것이 있어. 글이나 그림을 인용할 때는 꼭 출처를 밝혀야 해. 누가 만들었는지, 어디에서 가져왔는지 적는 거야. 자유롭게 써도 된다고 표시된 저작물을 찾아 쓰는 것도 좋은 방법이야.
나도 글을 쓰고 그림을 그리는 저작권자야. 내 작품이 소중한 만큼 다른 사람의 작품도 존중해야 해. 저작권을 지키는 것은 창작하는 모든 사람을 응원하는 일이야.",침해,남의 권리를 해침,인용,남의 말이나 글을 끌어다 씀,저작권,저작물,"생각과 감정을 담아 만든 글, 그림, {{음악}}",,1,저작권,쓰려면 만든 사람의 {{허락}}이 필요,쓰임을 정하는 권리,2,필요한 까닭,만든 사람의 {{노력}}을 지킴,,3,바른 사용,인용할 때 출처 밝히기,,4,모둠 발표 자료에 다른 사람이 찍은 사진을 넣으려 해. 글에 따른 가장 알맞은 방법은?,아무 말 없이 내가 찍은 것처럼 넣는다,출처를 밝히고 쓸 수 있는 사진인지 확인한다,사진을 조금 잘라서 넣으면 괜찮다,친구 것이니 상관없다,2,4,"인용할 때는 출처를 밝히고, 자유롭게 써도 되는 저작물인지 확인한다.","내가 만든 작품이 허락 없이 쓰였다고 상상하고, 그때의 마음과 바라는 점을 써 보세요."
생활56-03,5~6학년,생활,"인터넷에 남는 나의 흔적, 디지털 발자국","인터넷에 남는 나의 흔적, 디지털 발자국","눈 위를 걸으면 발자국이 남듯이, 인터넷을 사용하면 흔적이 남아. 내가 쓴 글과 댓글, 올린 사진, 누른 좋아요, 검색한 내용까지 모두 기록으로 남지. 이렇게 인터넷에 남는 나의 흔적을 디지털 발자국이라고 해.
디지털 발자국은 생각보다 오래 남아. 내가 글을 지워도 이미 누군가 화면을 저장했거나 다른 곳으로 퍼 갔다면 완전히 없애기 어려워. 몇 년 뒤에도 누군가 그 글을 찾아볼 수 있어.
그래서 무심코 올린 글이 나중에 나를 곤란하게 만들기도 해. 화가 나서 쓴 거친 댓글이나 장난으로 올린 사진이 시간이 지나 다시 알려지면 후회하게 될 수 있지. 실제로 어른들이 일자리를 구할 때 그 사람이 인터넷에 남긴 글을 살펴보기도 해.
디지털 발자국을 잘 관리하려면 글을 올리기 전에 잠시 멈추고 생각해 봐야 해. 이 글을 1년 뒤에 봐도 괜찮을지, 부모님이나 선생님이 봐도 부끄럽지 않을지 스스로 물어보는 거야.
디지털 발자국이 늘 나쁜 것만은 아니야. 다른 사람에게 도움이 되는 정보를 나누고, 따뜻한 응원의 댓글을 남기면 좋은 발자국이 쌓여. 내가 남긴 흔적이 곧 나를 보여 주는 얼굴이 되는 셈이야.",무심코,아무런 생각이나 뜻 없이,관리,일을 맡아 잘 처리함,디지털 발자국,뜻,인터넷에 남는 나의 {{흔적}},"글, 사진, 검색 기록",1,특징,지워도 완전히 없애기 {{어려워}},,2,문제,무심코 올린 글이 나중에 곤란하게 함,,3,관리법,올리기 전에 잠시 {{멈추고}} 생각하기,,4,친구가 화가 나서 다른 사람을 비난하는 글을 올리려 해. 글의 내용으로 해 줄 조언으로 알맞은 것은?,나중에 지우면 되니까 올려도 돼,1년 뒤에 봐도 괜찮을지 생각해 보고 올리지 말자,더 심하게 써야 효과가 있어,이름을 바꾸면 아무도 몰라,2,4,글을 올리기 전에 잠시 멈추고 나중에 봐도 괜찮을지 생각해야 한다.,내가 인터넷에 남기고 싶은 좋은 디지털 발자국은 어떤 것인지 예를 들어 써 보세요.
생활56-04,5~6학년,생활,필요한 것과 갖고 싶은 것,필요한 것과 갖고 싶은 것,"문구점에서 반짝이는 새 필통을 보면 갖고 싶어지지. 하지만 지금 쓰는 필통이 멀쩡하다면 정말 사야 할까? 물건을 살 때는 그것이 꼭 필요한 것인지, 단지 갖고 싶은 것인지 구별해 보아야 해.
필요한 것은 생활하는 데 없어서는 안 되는 것이야. 다 쓴 공책이나 닳아 버린 운동화가 그 예지. 갖고 싶은 것은 없어도 생활에 큰 문제는 없지만 있으면 좋겠다고 느끼는 것이야. 새로 나온 장난감이나 멋진 옷이 여기에 해당하지.
용돈은 한정되어 있기 때문에 갖고 싶은 것을 모두 살 수는 없어. 그래서 필요한 것을 먼저 사고, 남는 돈으로 갖고 싶은 것을 계획해서 사는 것이 좋아. 이렇게 같은 돈으로 가장 큰 만족을 얻도록 소비하는 것을 합리적 소비라고 해.
합리적으로 소비하려면 사기 전에 몇 가지를 따져 봐야 해. 같은 물건을 더 싸게 파는 곳은 없는지, 품질은 괜찮은지, 오래 쓸 수 있는지 비교해 보는 거야. 사고 싶은 마음이 들면 하루쯤 기다려 보는 것도 충동구매를 막는 좋은 방법이야.
현명한 소비 습관은 돈을 아끼는 데에서 그치지 않아. 꼭 필요한 만큼만 사면 쓰레기도 줄고 자원도 아낄 수 있어. 오늘 사고 싶은 물건 목록을 필요한 것과 갖고 싶은 것으로 나누어 봐.",충동구매,계획 없이 갑자기 사고 싶어 사는 일,품질,물건의 좋고 나쁜 정도,합리적 소비,필요한 것,생활에 없어서는 안 되는 것,다 쓴 공책,2,갖고 싶은 것,없어도 생활에 큰 {{문제}}는 없는 것,,2,합리적 소비,같은 돈으로 가장 큰 {{만족}},,3,따져 보기,"값과 품질 비교, 하루쯤 {{기다려}} 보기",,4,"용돈 5,000원이 있는데 공책이 다 떨어졌고, 새 스티커도 갖고 싶어. 글에 따른 합리적인 순서는?",스티커를 먼저 사고 공책은 나중에 생각한다,"공책을 먼저 사고, 남는 돈으로 스티커를 계획한다",둘 다 사지 않고 돈을 잃어버린다,친구에게 빌려서 둘 다 산다,2,3,"필요한 것을 먼저 사고, 남는 돈으로 갖고 싶은 것을 계획해 산다.",내가 최근에 산 물건 하나를 떠올려 필요한 것이었는지 갖고 싶은 것이었는지 따져 보고 써 보세요.
생활56-05,5~6학년,생활,소비기한을 확인해요,소비기한을 확인해요,"우유나 빵을 살 때 포장지에 적힌 날짜를 본 적이 있니? 식품에는 언제까지 먹어도 안전한지 알려 주는 날짜가 적혀 있어. 우리나라는 2023년부터 이 날짜를 유통기한 대신 소비기한으로 표시하고 있어.
유통기한은 가게에서 식품을 팔 수 있는 기한이었어. 그래서 유통기한이 조금 지난 식품도 먹을 수 있는 경우가 많았는데, 사람들은 날짜가 지나면 버리는 일이 많았지. 그만큼 아까운 음식이 쓰레기가 되었어.
소비기한은 정해진 방법대로 보관했을 때 먹어도 건강에 문제가 없는 기한이야. 소비기한은 보통 유통기한보다 길게 정해져. 날짜를 정확히 알려 주니 멀쩡한 음식을 버리는 일을 줄일 수 있어.
중요한 것은 보관 방법을 지켜야 한다는 거야. 냉장 보관이라고 적힌 우유를 밖에 오래 두었다면 소비기한이 남아 있어도 상할 수 있어. 그래서 식품 표시에서 날짜와 함께 보관 방법도 꼭 확인해야 해.
식품 표시에는 원재료, 열량, 알레르기를 일으킬 수 있는 재료도 적혀 있어. 땅콩이나 우유에 알레르기가 있는 사람은 이 부분을 꼭 살펴봐야 하지. 작은 글씨지만 우리 건강을 지켜 주는 중요한 정보야.",기한,미리 정한 때,원재료,물건을 만드는 데 쓰인 재료,소비기한,뜻,먹어도 건강에 문제가 없는 기한,2023년부터 표시,1,유통기한,가게에서 {{팔}} 수 있는 기한,,2,좋은 점,멀쩡한 음식을 {{버리는}} 일을 줄임,,3,함께 확인,"날짜와 {{보관}} 방법, 알레르기 재료",,5,소비기한이 일주일 남은 냉장 우유를 한여름에 하루 종일 가방에 넣어 두었어. 글의 내용으로 판단하면?,소비기한이 남았으니 무조건 안전하다,보관 방법을 지키지 않아 상했을 수 있다,유통기한이 없으니 괜찮다,더 맛있어졌다,2,4,보관 방법을 지키지 않으면 소비기한이 남아 있어도 상할 수 있다.,우리 집 냉장고의 식품 하나를 골라 식품 표시에서 알 수 있는 정보를 정리해 써 보세요.
생활56-06,5~6학년,생활,"잠들기 전 스마트폰, 괜찮을까","잠들기 전 스마트폰, 괜찮을까","잠자리에 누워 스마트폰으로 영상을 보다가 늦게 잠든 적이 있니? 많은 사람이 잠들기 전에 스마트폰을 보지만, 이 습관은 잠을 방해할 수 있어. 왜 그런지 우리 몸의 원리를 알아보자.
우리 몸에서는 어두워지면 잠을 오게 하는 물질인 멜라토닌이 나와. 그런데 스마트폰 화면에서 나오는 밝은 빛, 특히 푸른빛은 뇌가 아직 낮이라고 착각하게 만들어. 그러면 멜라토닌이 덜 나와 잠이 잘 오지 않아.
영상이나 게임은 재미있어서 뇌를 계속 흥분시켜. 다음 영상이 자동으로 이어지면 그만두기도 어렵지. 그러다 보면 잠드는 시간이 늦어지고, 다음 날 아침 일어나기 힘들고 수업 시간에 졸음이 쏟아지게 돼.
잠이 부족하면 키가 자라는 데에도 좋지 않고, 기억력과 집중력도 떨어져. 짜증이 늘거나 감기에 잘 걸리기도 해. 잘 자는 것은 건강한 생활의 기본이야.
잠을 잘 자려면 잠들기 한 시간쯤 전에는 스마트폰을 내려놓는 것이 좋아. 스마트폰은 침대에서 먼 곳에 두고, 대신 책을 읽거나 가벼운 스트레칭을 해 봐. 매일 같은 시간에 잠자리에 드는 습관도 도움이 돼.",방해,남의 일을 막아 해를 끼침,흥분,어떤 자극을 받아 감정이 북받쳐 일어남,잠과 스마트폰,잠의 물질,어두워지면 나오는 {{멜라토닌}},,2,화면 빛,{{푸른빛}}이 뇌를 낮이라고 착각하게 함,,2,결과,늦게 잠들어 수업 시간에 {{졸음}},,3,좋은 습관,잠들기 한 시간 전 스마트폰 내려놓기,,5,밤마다 잠이 잘 오지 않는다는 친구에게 글을 바탕으로 할 조언은?,잠들기 직전까지 밝은 화면을 보면 잠이 잘 와,잠들기 한 시간쯤 전에는 스마트폰을 멀리 두고 책을 읽어 봐,밤새 게임을 하고 낮에 자면 돼,불을 모두 켜고 자,2,5,잠들기 한 시간 전에는 스마트폰을 내려놓고 책을 읽는 것이 좋다.,잠자기 전 한 시간을 어떻게 보내면 좋을지 나만의 잠자리 계획을 써 보세요.
생활56-07,5~6학년,생활,작은 상처 응급 처치,작은 상처 응급 처치,"놀다가 넘어져 무릎이 까지거나, 뜨거운 냄비에 손이 닿은 적이 있니? 다쳤을 때 바로 해 주는 간단한 처치를 응급 처치라고 해. 응급 처치를 알맞게 하면 상처가 덧나는 것을 막고 빨리 낫도록 도울 수 있어.
넘어져 생긴 찰과상은 먼저 흐르는 깨끗한 물로 흙과 모래를 씻어 내야 해. 상처에 이물질이 남아 있으면 세균이 들어가 곪을 수 있거든. 그다음 깨끗한 거즈나 밴드로 상처를 덮어 줘.
피가 날 때는 깨끗한 거즈나 손수건으로 상처를 꾹 눌러. 이렇게 하면 대부분의 작은 상처는 피가 멈춰. 코피가 날 때는 고개를 뒤로 젖히지 말고 앞으로 살짝 숙인 채 콧방울 부분을 눌러야 해.
뜨거운 것에 데었을 때는 바로 흐르는 시원한 물에 10분 넘게 열기를 식혀 줘. 얼음을 직접 대면 피부가 더 다칠 수 있으니 피해야 해. 물집은 일부러 터뜨리지 않는 것이 좋아.
상처가 크거나, 피가 멈추지 않거나, 화상 부위가 넓다면 혼자 해결하려 하지 말고 바로 어른께 알리고 병원에 가야 해. 응급 처치는 병원에 가기 전까지 상처를 지키는 첫걸음이야.",찰과상,긁히거나 문질려서 생긴 상처,이물질,몸에 들어가면 안 되는 다른 물질,응급 처치,까진 상처,흐르는 깨끗한 {{물}}로 씻어 내기,,2,피가 날 때,거즈로 꾹 {{눌러}} 피를 멈춤,코피는 앞으로 숙이기,3,데었을 때,"시원한 물로 10분 넘게, {{얼음}}은 직접 대지 않기",,4,큰 상처,바로 어른께 알리고 병원으로,,5,친구가 갑자기 코피를 흘려. 글에 따른 알맞은 응급 처치는?,고개를 뒤로 젖히게 한다,고개를 앞으로 살짝 숙이고 콧방울을 누르게 한다,얼음을 코 안에 넣는다,뛰어다니게 한다,2,3,코피가 날 때는 고개를 앞으로 숙이고 콧방울 부분을 누른다.,우리 반 구급함에 꼭 있어야 할 물건과 그 쓰임을 정리해 써 보세요.
생활56-08,5~6학년,생활,화가 날 때 나를 다스리는 법,화가 날 때 나를 다스리는 법,"친구가 내 물건을 망가뜨리거나 억울한 말을 들으면 화가 나. 화는 누구나 느끼는 자연스러운 감정이야. 문제는 화를 느끼는 것이 아니라, 화가 났을 때 어떻게 행동하느냐야.
화가 나면 우리 몸에도 변화가 생겨. 심장이 빨리 뛰고 얼굴이 붉어지며 숨이 가빠지지. 이때 바로 말하거나 행동하면 나중에 후회할 일을 하기 쉬워. 화난 순간에는 생각하는 힘보다 감정이 앞서기 때문이야.
그래서 화가 날 때는 먼저 잠시 멈추는 것이 중요해. 마음속으로 천천히 열까지 세거나, 숨을 깊게 들이마시고 천천히 내쉬어 봐. 잠시 그 자리를 떠나 물을 마시거나 걸으면 마음이 가라앉는 데 도움이 돼.
마음이 조금 진정되면 내 감정에 이름을 붙여 봐. 나는 지금 화가 난 걸까, 속상한 걸까, 창피한 걸까? 감정을 알아차리면 그 감정을 말로 표현하기 쉬워져. 그리고 상대에게 내 마음을 차분하게 전하는 거야.
화를 참기만 하는 것도 좋지 않아. 쌓인 감정은 언젠가 크게 터지기도 하거든. 믿을 수 있는 사람에게 이야기하거나, 일기를 쓰거나, 운동을 하는 것처럼 나에게 맞는 건강한 방법으로 감정을 풀어 보자.",감정,어떤 일에 대해 일어나는 마음이나 느낌,진정,흥분한 마음을 가라앉힘,감정 조절,화,누구나 느끼는 {{자연스러운}} 감정,,1,몸의 변화,심장이 빨리 뛰고 얼굴이 붉어짐,,2,멈추기,"천천히 {{열}}까지 세기, 깊은 숨",,3,이름 붙이기,감정에 {{이름}}을 붙이고 차분하게 전하기,,4,모둠 활동 중 친구의 말에 몹시 화가 났어. 글에서 말한 첫 번째 행동으로 알맞은 것은?,바로 큰 소리로 따진다,잠시 멈추고 깊게 숨을 쉬며 열까지 센다,책상을 친다,친구를 무시하고 나간다,2,3,화가 날 때는 먼저 잠시 멈추는 것이 중요하다.,화가 났을 때 나에게 잘 맞는 마음 가라앉히기 방법을 하나 정하고 그 까닭을 써 보세요.
생활56-09,5~6학년,생활,"게임 시간, 내가 정해요","게임 시간, 내가 정해요","게임은 재미있고 친구와 함께 즐길 수 있는 놀이야. 하지만 게임을 하다 보면 시간 가는 줄 모르고 계속하게 될 때가 있어. 그만해야지 하면서도 한 판만 더 하게 되는 경험, 누구나 해 봤을 거야.
게임은 이기거나 아이템을 얻을 때 짜릿한 기분을 느끼게 만들어. 뇌는 이 기분을 다시 느끼고 싶어 해서 자꾸 게임을 찾게 돼. 게임 속 보상은 짧은 시간마다 계속 주어지도록 만들어져 있어서 멈추기가 더 어려워.
게임을 너무 오래 하면 생활에 문제가 생겨. 숙제를 미루고, 잠자는 시간이 줄고, 가족과 이야기하는 시간도 줄어들지. 게임을 못 하게 되면 짜증이 나고 다른 일에 집중하기 어렵다면 게임에 지나치게 기대고 있다는 신호일 수 있어.
게임을 건강하게 즐기려면 스스로 규칙을 정해야 해. 숙제를 마친 뒤에 하기, 하루에 할 시간 정해 두기, 타이머를 맞추고 시간이 되면 바로 끄기처럼 말이야. 가족과 함께 규칙을 정하고 지키면 더 잘 지킬 수 있어.
게임 말고도 즐거움을 주는 활동을 찾아보는 것도 좋아. 운동, 책 읽기, 그림 그리기, 친구와 밖에서 노는 시간이 있으면 게임에만 빠지지 않을 수 있어. 게임을 내가 조절할 때 게임은 더 즐거운 놀이가 돼.",짜릿한,아주 신나고 흥분되는,타이머,정해진 시간이 되면 알려 주는 장치,게임 시간 조절,멈추기 어려운 까닭,짧은 시간마다 주어지는 {{보상}},,2,문제,숙제를 미루고 {{잠}}자는 시간이 줄어듦,,3,스스로 규칙,"{{숙제}}를 마친 뒤, 타이머 맞추기",,4,다른 즐거움,"운동, 책 읽기, 밖에서 놀기",,5,게임을 하다 엄마가 그만하라고 하면 크게 짜증이 나고 숙제에 집중이 안 된다는 친구가 있어. 글의 내용으로 볼 때 이 모습은?,게임을 아주 잘한다는 뜻이다,게임에 지나치게 기대고 있다는 신호일 수 있다,숙제가 너무 쉽다는 뜻이다,잠이 너무 많다는 뜻이다,2,3,게임을 못 하면 짜증이 나고 집중이 어렵다면 지나치게 기대고 있다는 신호일 수 있다.,나만의 게임 규칙 세 가지를 정하고 그 규칙을 지키기 위한 방법을 써 보세요.
생활56-10,5~6학년,생활,돈이 자라는 저축과 이자,돈이 자라는 저축과 이자,"용돈을 저금통에 모아 본 적이 있니? 지금 쓰지 않고 앞날을 위해 돈을 모아 두는 것을 저축이라고 해. 저축을 하면 나중에 꼭 필요한 일이 생겼을 때나 큰 물건을 사고 싶을 때 쓸 수 있어.
돈을 저금통에 넣어 두면 넣은 만큼만 남아. 그런데 은행에 맡기면 이야기가 달라져. 은행은 맡긴 돈에 대한 대가로 이자를 주거든. 그래서 은행에 맡긴 돈은 시간이 지나면 조금씩 늘어나.
은행이 이자를 줄 수 있는 까닭은 무엇일까? 은행은 사람들이 맡긴 돈을 모아 돈이 필요한 다른 사람이나 회사에 빌려줘. 빌려 간 사람은 은행에 이자를 내지. 은행은 그 이자의 일부를 돈을 맡긴 사람에게 이자로 돌려주는 거야.
이자는 오래 맡길수록 더 많이 쌓여. 처음 맡긴 돈뿐 아니라 이미 붙은 이자에도 다시 이자가 붙기 때문이야. 그래서 저축은 일찍, 꾸준히 시작하는 것이 좋아.
저축하는 습관을 기르려면 용돈을 받으면 먼저 일부를 떼어 두는 게 좋아. 쓰고 남은 돈을 모으려고 하면 남는 돈이 거의 없기 쉽거든. 목표를 정하고 조금씩 모으다 보면 돈을 아끼고 계획하는 힘도 함께 자라.",저금통,돈을 모아 넣어 두는 통,대가,어떤 일을 하고 받는 값,저축과 이자,이자,은행에 맡긴 돈에 대한 대가,시간이 지나면 돈이 늘어남,2,이자의 원리,맡긴 돈을 다른 사람에게 {{빌려줘}} 받은 이자를 나눔,,3,오래 맡기면,붙은 {{이자}}에도 다시 이자가 붙음,,4,습관,용돈을 받으면 {{먼저}} 일부를 떼어 두기,목표를 정하고 모으기,5,"같은 돈을 은행에 맡긴 두 친구 중 한 명은 1년, 한 명은 5년 동안 맡겼어. 글의 내용으로 알맞게 짐작한 것은?",1년 맡긴 친구가 이자를 더 받는다,5년 맡긴 친구가 이자를 더 받는다,두 친구 모두 이자가 없다,맡긴 돈이 줄어든다,2,4,이자는 오래 맡길수록 더 많이 쌓인다.,"내가 저축으로 이루고 싶은 목표를 정하고, 어떻게 모을지 계획을 써 보세요."
생활56-11,5~6학년,생활,나에게 맞는 일을 찾아서,나에게 맞는 일을 찾아서,"어른이 되면 어떤 일을 하고 싶니? 아직 잘 모르겠다고 해도 괜찮아. 자신에게 맞는 일을 찾아가는 과정을 진로 탐색이라고 하는데, 이것은 한 번에 정해지는 것이 아니라 오랫동안 이어지는 여행 같은 거야.
진로를 찾으려면 먼저 나를 잘 알아야 해. 내가 무엇을 좋아하는지, 무엇을 잘하는지, 어떤 일을 할 때 보람을 느끼는지 생각해 봐. 흥미와 적성, 그리고 내가 중요하게 여기는 가치를 함께 살펴보는 거야.
그다음에는 세상에 어떤 직업이 있는지 알아봐야 해. 세상에는 우리가 생각하는 것보다 훨씬 많은 직업이 있어. 책이나 인터넷으로 조사하고, 그 일을 하는 사람을 만나 이야기를 듣거나 직업 체험에 참여해 보면 좋아.
직업의 세계는 계속 바뀌고 있어. 기술이 발달하면서 사라지는 직업도 있지만, 예전에는 없던 새로운 직업도 많이 생겨. 그래서 지금 있는 직업만 보기보다 새로운 것을 배우려는 태도와 문제를 해결하는 힘을 기르는 것이 중요해.
꿈은 바뀌어도 괜찮아. 여러 가지 경험을 하면서 생각이 달라지는 것은 자연스러운 일이야. 오늘 해 보고 싶은 작은 일부터 도전하다 보면 나에게 맞는 길이 조금씩 보일 거야.",적성,어떤 일에 알맞은 성질이나 능력,보람,어떤 일을 한 뒤에 느끼는 좋은 결과나 만족,진로 탐색,뜻,나에게 맞는 일을 찾아가는 {{과정}},,1,나 알기,"{{흥미}}와 적성, 가치 살펴보기",,2,직업 알기,"조사, 인터뷰, {{체험}}",,3,변하는 세계,사라지는 직업과 새로운 직업,,4,그림 그리기를 좋아하는 민지가 미래 직업을 고민하고 있어. 글의 내용에 따라 다음으로 해 볼 일로 가장 알맞은 것은?,아무 직업이나 바로 정한다,그림과 관련된 여러 직업을 조사하고 체험해 본다,좋아하는 것을 그만둔다,친구가 정한 직업을 따라 한다,2,3,나를 알았다면 세상에 어떤 직업이 있는지 조사하고 체험해 본다.,"내가 좋아하는 일과 잘하는 일을 하나씩 쓰고, 그와 관련된 직업을 상상해 써 보세요."
생활56-12,5~6학년,생활,"남자다움, 여자다움?","남자다움, 여자다움?","“남자는 울면 안 돼.”, “여자는 얌전해야 해.” 이런 말을 들어 본 적이 있니? 성별에 따라 해야 할 일이나 성격이 정해져 있다고 생각하는 것을 성 역할 고정관념이라고 해. 이런 생각은 오랫동안 이어져 와서 우리도 모르게 갖고 있는 경우가 많아.
하지만 사람의 성격과 재능은 성별이 아니라 사람마다 달라. 춤을 좋아하는 남자아이도 있고, 축구를 잘하는 여자아이도 있어. 슬플 때 우는 것은 남자든 여자든 자연스러운 감정 표현이야.
고정관념은 사람들의 가능성을 좁혀. 남자는 간호사가 되기 어렵다거나 여자는 과학자에 어울리지 않는다는 생각 때문에 하고 싶은 일을 포기하는 사람도 있었어. 실제로는 많은 남자 간호사와 여자 과학자가 활약하고 있지.
집안일도 마찬가지야. 요리나 청소는 엄마만, 무거운 짐은 아빠만 해야 하는 일이 아니야. 가족 모두가 함께 생활하는 집이니 할 수 있는 일을 나누어 하는 것이 공평해.
고정관념에서 벗어나려면 사람을 성별로 묶어 판단하지 말고 한 사람 한 사람으로 바라봐야 해. 그러면 모두가 자기가 좋아하고 잘하는 일을 마음껏 펼칠 수 있어.",재능,어떤 일을 하는 데 필요한 재주와 능력,활약,눈에 띄게 활발히 활동함,성 역할 고정관념,뜻,성별에 따라 할 일과 {{성격}}이 정해져 있다는 생각,,1,사실,재능은 성별이 아니라 {{사람}}마다 다름,,2,문제,가능성을 좁혀 꿈을 {{포기}}하게 함,,3,벗어나기,한 사람 한 사람으로 바라보기,,5,친구가 “요리 대회는 여자들만 나가는 거야.”라고 말했어. 글의 내용에 맞게 대답한 것은?,"“맞아, 남자는 요리를 못 해.”",“요리는 성별이 아니라 좋아하고 잘하는 사람이 하는 거야.”,“그럼 나는 안 나갈래.”,“남자는 운동만 해야 해.”,2,2,재능은 성별이 아니라 사람마다 다르다.,내가 들어 본 성 역할 고정관념의 말을 하나 떠올려 그 말을 바꾸어 써 보세요.
생활56-13,5~6학년,생활,"땅이 흔들릴 때, 지진 대피","땅이 흔들릴 때, 지진 대피","우리나라도 지진에서 완전히 안전한 곳은 아니야. 실제로 경주와 포항에서 큰 지진이 일어나 많은 사람이 놀라고 피해를 입었어. 지진은 언제 일어날지 미리 알기 어려워서 평소에 대피 방법을 익혀 두는 것이 중요해.
건물 안에 있을 때 땅이 흔들리면 먼저 튼튼한 탁자나 책상 아래로 들어가 몸을 보호해야 해. 탁자 다리를 꼭 잡고 머리를 감싸 떨어지는 물건에 다치지 않게 해. 탁자가 없다면 가방이나 방석으로 머리를 감싸.
흔들림이 멈추면 문을 열어 나갈 길을 확보하고 밖으로 대피해. 이때 엘리베이터는 멈출 수 있으니 반드시 계단을 이용해야 해. 서두르다 넘어지지 않게 질서 있게 움직여야 하지.
밖으로 나오면 건물이나 담장, 전봇대에서 멀리 떨어진 넓은 곳으로 가야 해. 유리창이나 간판이 떨어질 수 있기 때문이야. 학교에 있을 때는 선생님의 안내에 따라 운동장으로 대피해.
지진에 대비해 집에서는 무거운 물건을 낮은 곳에 두고, 가구가 넘어지지 않게 고정해 두는 것이 좋아. 가족과 만날 장소도 미리 정해 두자. 대피 훈련에 진지하게 참여하는 것이 가장 좋은 대비야.",확보,확실히 가지고 있음,고정,한곳에 붙어 있게 함,지진 대피,흔들릴 때,튼튼한 {{탁자}} 아래에서 머리 보호,,2,흔들림이 멈추면,문을 열고 {{계단}}으로 대피,,3,밖에서,건물에서 멀리 떨어진 {{넓은}} 곳,,4,대비,"무거운 물건은 낮은 곳에, 가구 고정",,5,교실에서 수업 중에 갑자기 땅이 크게 흔들렸어. 글에 따른 첫 행동은?,바로 엘리베이터로 달려간다,책상 아래로 들어가 다리를 잡고 머리를 보호한다,창문 옆에 서 있는다,운동장으로 뛰어간다,2,2,흔들릴 때는 먼저 튼튼한 책상 아래에서 머리를 보호한다.,우리 집에서 지진에 대비해 바꾸거나 준비해야 할 것을 찾아 써 보세요.
생활56-14,5~6학년,생활,"자전거와 킥보드, 안전하게 타요","자전거와 킥보드, 안전하게 타요","자전거는 가까운 곳을 오가기 좋은 교통수단이자 즐거운 운동이야. 하지만 자전거도 도로에서는 차로 여겨지기 때문에 안전 규칙을 꼭 지켜야 해. 넘어지거나 부딪히면 크게 다칠 수 있거든.
자전거를 탈 때는 꼭 안전모를 써야 해. 넘어질 때 머리를 다치면 아주 위험하기 때문이야. 안전모는 머리에 꼭 맞게 쓰고 끈을 단단히 채워야 효과가 있어. 밝은색 옷을 입거나 자전거에 반사판을 달면 운전자가 나를 더 잘 볼 수 있어.
자전거는 자전거 도로로 다니고, 횡단보도를 건널 때는 자전거에서 내려 끌고 건너야 해. 두 손으로 손잡이를 잡고, 이어폰을 끼거나 휴대 전화를 보며 타지 않아야 해. 친구와 나란히 달리는 것도 위험해.
요즘 길에서 자주 보이는 전동 킥보드는 어린이가 탈 수 없어. 전동 킥보드는 법에 따라 면허를 가진 사람만 운전할 수 있거든. 어른이 타는 킥보드에 함께 올라타는 것도 무척 위험해.
자전거를 타기 전에는 바퀴에 바람이 충분한지, 브레이크가 잘 듣는지 점검해야 해. 작은 습관이 큰 사고를 막아 줘. 안전하게 탈 때 자전거는 더 즐거운 친구가 돼.",반사판,빛을 받으면 반짝여 눈에 잘 띄게 하는 판,점검,하나하나 검사함,자전거 안전,안전모,머리에 꼭 맞게 쓰고 {{끈}}을 단단히,,2,횡단보도,자전거에서 {{내려}} 끌고 건너기,,3,전동 킥보드,{{면허}}를 가진 사람만 운전,,4,타기 전,바퀴 바람과 브레이크 점검,,5,횡단보도 앞에서 자전거를 탄 채 초록불을 기다리고 있어. 글에 따라 건널 때 알맞은 방법은?,자전거를 탄 채 빠르게 건넌다,자전거에서 내려 끌고 건넌다,한 손으로 휴대 전화를 보며 건넌다,친구와 나란히 타고 건넌다,2,3,횡단보도를 건널 때는 자전거에서 내려 끌고 건너야 한다.,자전거를 타기 전 점검할 것과 탈 때 지킬 것을 체크리스트로 만들어 보세요.
생활56-15,5~6학년,생활,함께라서 따뜻한 나눔과 봉사,함께라서 따뜻한 나눔과 봉사,"내 시간과 힘을 들여 다른 사람이나 공동체를 돕는 일을 봉사라고 해. 봉사는 대가를 바라지 않고 스스로 하는 일이야. 거창한 일만 봉사인 것은 아니야. 교실을 함께 청소하고, 몸이 불편한 친구의 짐을 들어 주는 것도 훌륭한 봉사야.
나눔은 내가 가진 것을 다른 사람과 함께 쓰는 거야. 읽지 않는 책이나 작아진 옷을 필요한 사람에게 주는 것, 용돈의 일부를 어려운 이웃을 위해 기부하는 것이 나눔이지. 내 재능을 나누는 것도 나눔이 될 수 있어. 친구에게 모르는 문제를 설명해 주는 것처럼 말이야.
봉사와 나눔은 받는 사람에게만 좋은 것이 아니야. 다른 사람을 도울 때 우리는 뿌듯함과 행복을 느껴. 남을 돕는 경험은 나를 더 따뜻하고 책임감 있는 사람으로 자라게 해 주기도 해.
봉사를 할 때는 상대의 마음을 먼저 생각해야 해. 도움을 주는 사람이 더 높고 받는 사람이 낮은 것이 아니야. 상대가 정말 필요로 하는 것이 무엇인지 묻고, 존중하는 마음으로 도와야 해.
우리 주변에는 작은 손길이 필요한 곳이 많아. 동네 공원 쓰레기 줍기, 어르신께 인사하고 말벗 되어 드리기처럼 지금 할 수 있는 일부터 시작해 보자. 작은 나눔이 모이면 공동체가 더 따뜻해져.",공동체,생활이나 목적을 함께하는 사람들의 모임,기부,다른 사람을 돕기 위해 돈이나 물건을 내놓음,봉사와 나눔,봉사,대가를 바라지 않고 {{스스로}} 돕는 일,,1,나눔,가진 것과 {{재능}}을 함께 쓰기,,2,좋은 점,돕는 사람도 {{뿌듯함}}을 느낌,,3,바른 태도,상대가 필요한 것을 묻고 존중하기,,4,학급에서 어려운 이웃을 돕기로 했어. 글에 따라 가장 먼저 생각해야 할 것은?,우리가 주고 싶은 물건을 마음대로 고른다,상대가 정말 필요로 하는 것이 무엇인지 알아본다,도와준 것을 크게 자랑한다,돕는 사람이 더 높다고 생각한다,2,4,봉사할 때는 상대가 필요로 하는 것이 무엇인지 묻고 존중해야 한다.,우리 반이 함께 할 수 있는 봉사나 나눔 활동을 계획해 써 보세요.
생활심화-01,심화,생활,"영상은 어떻게 나를 따라올까, 추천 알고리즘","영상은 어떻게 나를 따라올까, 추천 알고리즘","동영상 사이트에서 고양이 영상을 하나 보면, 다음 화면에 고양이 영상이 잔뜩 나타나. 마치 사이트가 내 마음을 읽는 것 같지? 이것은 추천 알고리즘이 하는 일이야. 알고리즘은 문제를 해결하기 위해 정해 놓은 처리 순서를 말하는데, 추천 알고리즘은 사용자가 좋아할 만한 것을 골라 보여 주는 순서야.
추천 알고리즘은 내가 남긴 기록을 바탕으로 작동해. 어떤 영상을 끝까지 보았는지, 무엇에 좋아요를 눌렀는지, 무엇을 검색했는지를 모두 살펴. 그리고 나와 비슷한 기록을 남긴 다른 사람들이 좋아한 것도 함께 참고해서 다음에 보여 줄 것을 골라.
추천 알고리즘 덕분에 우리는 관심 있는 정보를 쉽게 찾을 수 있어. 수많은 영상 가운데 내 취향에 맞는 것을 일일이 찾지 않아도 되지. 새로운 노래나 책을 알게 되는 즐거움도 있어.
하지만 조심할 점도 있어. 비슷한 것만 계속 보다 보면 다른 생각이나 정보를 만날 기회가 줄어들어. 마치 거품 속에 갇힌 것처럼 내가 좋아하는 것만 보게 되는 거야. 또 사이트는 사람들이 더 오래 머물수록 이익을 얻기 때문에, 알고리즘은 우리가 화면을 계속 보도록 만드는 방향으로 짜여 있기도 해.
알고리즘을 현명하게 이용하려면 내가 주인이 되어야 해. 추천 목록만 따라가지 말고 스스로 검색해 다양한 정보를 찾아보자. 볼 시간을 미리 정해 두는 것도 좋은 방법이야. 알고리즘이 보여 주는 세상이 세상의 전부가 아니라는 것을 기억해.",취향,하고 싶거나 좋아하는 방향,작동,기계나 장치가 움직여 일을 함,추천 알고리즘,뜻,좋아할 만한 것을 골라 보여 주는 처리 {{순서}},,1,작동 원리,내가 남긴 {{기록}}과 비슷한 사람들의 선택,,2,조심할 점,비슷한 것만 보며 {{거품}} 속에 갇힘,,4,현명한 이용,스스로 검색하고 볼 시간 정하기,,5,요즘 축구 영상만 추천받는 민준이가 다른 운동에 대해서는 거의 모른다는 것을 알게 되었어. 글의 내용으로 가장 알맞은 조언은?,추천 영상만 계속 보면 모든 정보를 알 수 있어,다른 운동을 스스로 검색해 다양한 정보를 찾아봐,알고리즘을 끄면 영상을 볼 수 없어,축구 영상을 더 많이 봐,2,5,추천 목록만 따라가지 말고 스스로 검색해 다양한 정보를 찾아야 한다.,"내가 자주 쓰는 앱의 추천 기능을 떠올려, 좋은 점과 조심할 점을 하나씩 써 보세요."
생활심화-02,심화,생활,인공지능과 함께 살아가기,인공지능과 함께 살아가기,"휴대 전화에 말을 걸면 대답해 주고, 사진 속 얼굴을 알아보고, 다른 나라 말을 번역해 주는 기술이 있어. 바로 인공지능이야. 인공지능은 사람처럼 배우고, 생각하고, 판단하도록 만든 컴퓨터 기술을 말해.
인공지능은 아주 많은 자료를 학습하면서 똑똑해져. 예를 들어 고양이 사진을 수만 장 보여 주면, 인공지능은 고양이의 특징을 스스로 찾아내 처음 보는 사진에서도 고양이를 알아봐. 사람이 규칙을 하나하나 알려 주지 않아도 자료 속에서 규칙을 찾아내는 거야.
인공지능은 우리 생활을 크게 바꾸고 있어. 병원에서는 의사가 병을 찾는 것을 돕고, 공장에서는 불량품을 골라내고, 농장에서는 작물이 자라는 상태를 살펴. 위험한 일을 사람 대신 해 주기도 하지. 길을 찾아 주는 지도 앱과 스스로 움직이는 청소기에도 인공지능이 쓰여.
하지만 인공지능이 늘 옳은 것은 아니야. 학습한 자료가 한쪽으로 치우쳐 있으면 인공지능도 치우친 판단을 내려. 그럴듯하게 틀린 정보를 만들어 내기도 하지. 그래서 인공지능이 알려 준 내용은 그대로 믿기보다 다른 자료와 비교해 확인해야 해.
인공지능 시대에 더 중요해지는 것은 사람만이 잘할 수 있는 능력이야. 질문을 잘 던지는 힘, 정보가 맞는지 따져 보는 힘, 다른 사람의 마음을 헤아리는 힘 말이야. 인공지능을 도구로 지혜롭게 쓰는 사람이 되려면 이런 힘을 길러야 해.",번역,한 나라의 말을 다른 나라의 말로 옮김,불량품,품질이 나쁜 물건,인공지능,뜻,사람처럼 배우고 판단하도록 만든 {{컴퓨터}} 기술,,1,배우는 방법,많은 {{자료}} 속에서 규칙을 찾아냄,,2,한계,"치우친 판단, 그럴듯하게 {{틀린}} 정보",,4,필요한 힘,질문하고 따져 보고 헤아리는 힘,,5,인공지능 앱이 알려 준 역사 정보로 숙제를 하려 해. 글에 따른 가장 알맞은 태도는?,인공지능은 늘 옳으니 그대로 쓴다,다른 믿을 만한 자료와 비교해 확인한다,인공지능은 쓰지 말아야 한다,친구 숙제를 베낀다,2,4,인공지능이 틀린 정보를 만들 수 있으므로 다른 자료와 비교해 확인한다.,인공지능을 공부에 쓸 때 지켜야 할 나만의 규칙을 세 가지 만들어 보세요.
생활심화-03,심화,생활,"믿음으로 빌리는 돈, 신용","믿음으로 빌리는 돈, 신용","어른들이 물건을 살 때 카드를 내미는 모습을 자주 보았을 거야. 그 가운데 신용 카드는 지금 돈을 내지 않고 물건을 산 뒤, 정해진 날에 한꺼번에 갚는 카드야. 카드 회사가 그 사람을 믿고 돈을 먼저 대신 내 주는 셈이지. 이처럼 돈을 갚을 수 있다는 믿음을 신용이라고 해.
신용은 눈에 보이지 않지만 무척 소중한 재산이야. 약속한 날에 꼬박꼬박 돈을 갚는 사람은 신용이 높아져. 신용이 높으면 은행에서 돈을 빌릴 때 이자를 적게 내거나 더 쉽게 빌릴 수 있어.
반대로 빌린 돈을 제때 갚지 않으면 신용이 떨어져. 갚을 날을 넘기면 연체료라는 추가 돈을 내야 하고, 신용 점수가 낮아져 나중에 돈을 빌리기 어려워져. 휴대 전화를 새로 개통하거나 집을 빌릴 때에도 불이익을 받을 수 있어.
신용 카드는 편리하지만 조심해서 써야 해. 당장 돈이 빠져나가지 않아서 내가 얼마를 썼는지 느끼기 어렵거든. 갚을 능력보다 많이 쓰면 빚이 쌓이고, 빚을 갚으려고 또 빌리는 일이 반복되기도 해. 그래서 쓰기 전에 갚을 수 있는 만큼인지 따져 보는 습관이 필요해.
신용을 지키는 습관은 어릴 때부터 기를 수 있어. 친구에게 빌린 물건을 약속한 날에 돌려주고, 한 약속을 지키는 것이 바로 신용을 쌓는 연습이야. 작은 약속을 지키는 사람이 큰 믿음을 얻어. 신용은 하루아침에 쌓이지 않지만 무너지는 것은 한순간이라는 것을 기억하자.",연체료,갚을 날을 넘겼을 때 더 내는 돈,개통,새로 쓸 수 있게 열어 줌,신용,신용 카드,지금 내지 않고 정해진 날에 {{한꺼번에}} 갚음,,1,신용이 높으면,이자를 적게 내고 쉽게 {{빌릴}} 수 있음,,2,신용이 떨어지면,연체료와 낮은 신용 점수,,3,신용 쌓기,작은 {{약속}}을 지키는 습관,,5,신용 카드로 물건을 많이 산 뒤 갚을 날을 계속 넘긴 사람에게 생길 수 있는 일로 글에 나온 것은?,신용 점수가 높아진다,연체료를 내고 나중에 돈을 빌리기 어려워진다,이자를 내지 않아도 된다,카드 회사가 빚을 없애 준다,2,3,제때 갚지 않으면 연체료를 내고 신용이 떨어져 돈을 빌리기 어려워진다.,"친구 사이에서 신용을 쌓거나 잃었던 경험을 떠올려, 신용이 왜 중요한지 써 보세요."
생활심화-04,심화,생활,위험을 함께 나누는 보험,위험을 함께 나누는 보험,"살다 보면 갑작스러운 사고나 병처럼 예상하지 못한 일이 생겨. 이런 일이 생기면 병원비나 수리비처럼 큰돈이 한꺼번에 필요해지기도 해. 혼자서는 감당하기 어려운 이런 위험에 대비하기 위해 사람들이 만든 제도가 보험이야.
보험의 원리는 여러 사람이 위험을 함께 나누는 거야. 많은 사람이 매달 조금씩 보험료를 모아 두고, 그 가운데 사고를 당한 사람에게 모인 돈에서 보험금을 주는 방식이지. 모두가 동시에 사고를 당하는 일은 드물기 때문에, 적은 돈을 모아도 큰 도움을 줄 수 있어.
예를 들어 100명이 1년에 만 원씩 모으면 100만 원이 모여. 그해 그중 한 명의 집에 불이 나 큰 피해를 입었다면, 모인 돈으로 그 사람의 피해를 도울 수 있지. 각자는 적은 돈을 냈지만 서로에게 든든한 울타리가 되는 거야.
보험에는 여러 종류가 있어. 병원비를 돕는 건강 보험, 자동차 사고에 대비하는 자동차 보험, 불이 났을 때를 대비하는 화재 보험 등이 있지. 우리나라의 국민 건강 보험은 국민 대부분이 함께 가입해 병원비 부담을 덜어 주는 사회 보험이야. 덕분에 아플 때 큰 걱정 없이 병원에 갈 수 있어.
보험은 다른 사람의 어려움이 언젠가 나의 어려움이 될 수 있다는 생각에서 출발했어. 서로를 돕는 마음이 제도로 만들어진 것이라고 할 수 있지. 그래서 보험은 함께 살아가는 공동체의 지혜를 보여 줘.",감당,일을 맡아서 능히 해냄,울타리,어떤 것을 지키고 보호해 주는 것,보험,필요한 까닭,예상하지 못한 사고나 병에 {{대비}},,1,원리,여러 사람이 {{위험}}을 함께 나눔,,2,예,100명이 만 원씩 모아 한 사람의 {{피해}}를 도움,,3,종류,"건강 보험, 자동차 보험, 화재 보험",,4,보험이 적은 돈을 모아도 큰 도움을 줄 수 있는 까닭으로 글에 나온 것은?,모든 사람이 동시에 사고를 당하는 일은 드물어서,보험 회사가 돈을 새로 만들어서,사고가 절대 일어나지 않아서,보험료를 낸 사람만 사고를 당해서,1,2,모두가 동시에 사고를 당하는 일은 드물어서 모인 돈으로 사고를 당한 사람을 도울 수 있다.,우리 반에서 보험의 원리를 이용해 서로 도울 수 있는 방법을 상상해 써 보세요.
생활심화-05,심화,생활,소비자에게도 권리가 있어요,소비자에게도 권리가 있어요,"새로 산 장난감이 하루 만에 부서지거나, 광고에서 본 것과 전혀 다른 물건이 배달된 적이 있니? 이럴 때 소비자는 그냥 참아야만 할까? 그렇지 않아. 우리나라는 법으로 소비자가 누려야 할 권리를 정해 두었어.
소비자에게는 안전할 권리가 있어. 물건이나 서비스 때문에 몸이나 재산을 다치지 않을 권리야. 또 물건에 대해 정확한 정보를 알 권리, 여러 물건 가운데 자유롭게 고를 선택할 권리도 있어. 소비자의 의견이 정책과 기업 활동에 반영되도록 요구할 권리도 있지.
피해를 입었을 때 알맞게 보상받을 권리도 있어. 물건에 문제가 있으면 바꾸어 달라고 하거나 돈을 돌려 달라고 할 수 있지. 인터넷으로 산 물건은 받은 날로부터 7일 안에 마음이 바뀌었다며 주문을 취소할 수 있는 경우가 많아. 이때 영수증과 물건 포장을 잘 보관해 두는 것이 도움이 돼.
혼자 해결하기 어려울 때는 도움을 받을 수 있는 곳이 있어. 전국 어디서나 1372번으로 전화하면 소비자 상담을 받을 수 있어. 한국 소비자원 같은 기관은 피해를 조사하고 해결을 도와줘. 비슷한 피해를 입은 사람들의 사례를 찾아보는 것도 도움이 돼.
소비자의 권리에는 책임도 따라. 물건을 사기 전에 정보를 꼼꼼히 살피고, 산 물건을 바르게 사용해야 해. 권리를 알고 당당하게 요구하는 똑똑한 소비자가 많아지면, 기업도 더 좋은 물건을 만들려고 노력하게 돼.",보상,남에게 끼친 손해를 갚음,기관,일정한 일을 맡아 하는 조직,소비자의 권리,안전할 권리,몸이나 {{재산}}을 다치지 않을 권리,,2,알 권리와 선택할 권리,정확한 {{정보}}를 알고 자유롭게 고름,,2,보상받을 권리,"교환, 환불, 7일 안 취소",,3,도움 받기,1372번으로 소비자 {{상담}},,4,인터넷으로 산 운동화를 받았는데 마음이 바뀌었어. 받은 지 3일이 지났다면 글에 따라 할 수 있는 일은?,절대 취소할 수 없다,7일 안이므로 주문 취소를 요청해 볼 수 있다,포장을 모두 버린다,신발을 신고 다닌 뒤 돌려보낸다,2,3,인터넷으로 산 물건은 받은 날로부터 7일 안에 주문을 취소할 수 있는 경우가 많다.,물건을 살 때 소비자로서 내가 지킬 책임을 두 가지 써 보세요.
생활심화-06,심화,생활,그래프에 속지 않는 법,그래프에 속지 않는 법,"뉴스나 광고에는 숫자를 그림으로 나타낸 그래프가 자주 나와. 그래프는 많은 자료를 한눈에 보여 주어 이해를 도와. 그런데 같은 자료라도 그래프를 어떻게 그리느냐에 따라 전혀 다른 느낌을 줄 수 있어. 그래서 그래프를 읽을 때는 꼼꼼히 따져 보아야 해.
가장 먼저 살펴볼 것은 세로축의 눈금이야. 세로축이 0이 아니라 중간 숫자에서 시작하면 작은 차이도 아주 커 보여. 예를 들어 100점과 102점의 차이도 눈금을 98부터 시작하면 엄청난 차이처럼 보이지. 그래서 그래프의 모양보다 실제 숫자를 먼저 확인해야 해.
그래프가 보여 주는 기간도 확인해야 해. 오랫동안 꾸준히 오른 값도 내려간 며칠만 잘라서 보여 주면 크게 떨어진 것처럼 보일 수 있어. 전체 흐름을 보여 주는지, 일부만 골라 보여 주는지 살펴보는 거야.
자료를 모은 대상도 중요해. “조사한 사람의 90퍼센트가 만족했다”는 광고가 있어도, 조사한 사람이 10명뿐이거나 그 물건을 이미 좋아하는 사람만 골라 물었다면 믿기 어려워. 누구를, 몇 명이나 조사했는지 확인해야 해.
그래프를 만든 사람이 무엇을 말하고 싶어 하는지도 생각해 봐. 물건을 팔려는 회사나 어떤 주장을 펴려는 사람은 자기에게 유리하게 그래프를 그릴 수 있어. 눈금, 기간, 대상, 만든 사람을 따져 보는 습관이 우리를 똑똑한 독자로 만들어.",세로축,그래프에서 위아래로 그은 기준선,유리하게,이익이 있게,그래프 읽기,세로축,{{눈금}}이 0이 아닌 숫자에서 시작하면 차이가 커 보임,,2,기간,{{전체}} 흐름인지 일부만 골랐는지,,3,조사 대상,"누구를, 몇 {{명}}이나 조사했는지",,4,만든 사람,무엇을 말하고 싶어 하는지 생각하기,,5,한 광고 그래프에서 우리 회사 제품의 점수가 경쟁 제품보다 몇 배나 높아 보여. 그런데 세로축이 95점부터 시작했어. 글에 따라 판단한 것은?,정말 몇 배나 차이가 난다,실제 점수 차이는 작을 수 있다,그래프는 항상 정확하다,세로축은 상관없다,2,2,세로축이 0이 아닌 숫자에서 시작하면 작은 차이도 크게 보인다.,"신문이나 교과서에서 그래프를 하나 찾아 눈금, 기간, 대상을 확인하고 알게 된 점을 써 보세요."
생활심화-07,심화,생활,모두가 이기는 협상,모두가 이기는 협상,"형제가 귤 하나를 두고 다투고 있어. 결국 귤을 반으로 잘라 나누었지. 그런데 알고 보니 형은 귤 알맹이를 먹고 싶었고, 동생은 껍질로 차를 만들고 싶었어. 서로 바라는 것을 물어보았다면 둘 다 귤 하나를 온전히 얻을 수 있었을 거야.
이처럼 서로 원하는 것이 다를 때 대화를 통해 함께 받아들일 수 있는 결정을 찾는 과정을 협상이라고 해. 협상은 상대를 이겨서 내 것만 챙기는 싸움이 아니야. 서로의 필요를 채우는 방법을 함께 찾는 대화야. 나라와 나라, 회사와 회사 사이에서도 이런 협상이 날마다 이루어져.
협상을 잘하려면 겉으로 드러난 주장 뒤에 숨은 진짜 바람을 찾아야 해. “귤을 내가 가져야 해.”라는 주장 뒤에는 “알맹이를 먹고 싶어.” 같은 바람이 있어. 왜 그것을 원하는지 물어보면 생각지 못한 해결 방법이 보이기도 해.
상대의 이야기를 끝까지 듣는 것도 중요해. 상대가 말하는 동안 내 대답만 준비하면 상대의 진짜 바람을 놓치게 돼. 그리고 여러 가지 해결 방법을 함께 떠올려 보고, 양쪽 모두에게 공평한지 따져 보아야 해. 서로 조금씩 양보할 수 있는 부분을 찾는 것도 좋은 방법이야.
모두가 만족하는 결과를 얻으면 관계도 더 좋아져. 한쪽만 이기는 협상은 다음에 또 다툼을 낳기 쉽지만, 함께 이기는 협상은 믿음을 쌓아. 학급 회의나 친구 사이의 갈등에서도 협상의 지혜를 써 볼 수 있어.",온전히,본디 그대로 고스란히,공평한,어느 쪽으로도 치우치지 않고 고른,협상,뜻,함께 받아들일 수 있는 {{결정}}을 찾는 과정,,2,핵심,주장 뒤에 숨은 진짜 {{바람}} 찾기,,3,듣기,상대의 이야기를 끝까지 들음,,4,결과,함께 이기면 {{믿음}}이 쌓임,,5,"쉬는 시간에 공을 두고 다투는 두 친구 중 한 명은 축구를, 한 명은 공 차기 연습만 하고 싶다고 해. 글의 지혜로 가장 알맞은 해결은?",힘이 센 친구가 공을 가진다,왜 공이 필요한지 묻고 둘 다 만족할 방법을 찾는다,공을 버린다,선생님께 공을 빼앗아 달라고 한다,2,3,주장 뒤에 숨은 진짜 바람을 찾으면 모두 만족할 해결이 보인다.,"친구나 가족과 의견이 달랐던 일을 떠올려, 협상으로 해결한다면 어떻게 할지 써 보세요."
생활심화-08,심화,생활,"중요한 일부터, 시간 관리","중요한 일부터, 시간 관리","해야 할 일이 많은데 무엇부터 해야 할지 몰라 허둥댄 적이 있니? 숙제도 해야 하고, 준비물도 챙겨야 하고, 보고 싶은 영상도 있어. 하루는 누구에게나 24시간으로 똑같이 주어지지만, 어떻게 쓰느냐에 따라 결과는 크게 달라져.
시간을 잘 쓰려면 일의 순서를 정해야 해. 이때 도움이 되는 방법이 일을 중요한 일과 급한 일로 나누어 보는 거야. 종이에 네 칸을 그리고, 중요하면서 급한 일, 중요하지만 급하지 않은 일, 급하지만 중요하지 않은 일, 중요하지도 급하지도 않은 일로 나누어 적어 봐.
중요하면서 급한 일은 가장 먼저 해야 해. 내일까지 내야 하는 숙제가 그 예야. 그다음으로 신경 써야 할 일은 중요하지만 급하지 않은 일이야. 책 읽기나 운동처럼 당장은 티가 나지 않지만 꾸준히 하면 나를 크게 성장시키는 일들이지.
많은 사람이 급하기만 한 일에 시간을 빼앗겨. 계속 울리는 알림을 확인하는 일처럼 급해 보이지만 꼭 중요하지는 않은 일 말이야. 중요하지도 급하지도 않은 일은 줄이거나 남는 시간에 하는 것이 좋아. 알림을 꺼 두는 것만으로도 집중하는 시간을 크게 늘릴 수 있어.
계획을 세웠다면 작은 단위로 나누어 실천해 봐. 큰 숙제도 오늘 할 몫, 내일 할 몫으로 나누면 덜 부담스러워. 하루를 마칠 때 계획을 잘 지켰는지 돌아보는 습관을 기르면 시간을 다루는 힘이 점점 커져.",허둥댄,갈피를 못 잡고 다급하게 서두른,성장시키는,자라게 하는,시간 관리,방법,중요한 일과 {{급한}} 일로 나누기,네 칸 표,2,가장 먼저,중요하면서 급한 일,내일까지 낼 숙제,3,꼭 챙길 일,"중요하지만 급하지 않은 일: {{운동}}, 책 읽기",,3,실천,작은 {{단위}}로 나누고 돌아보기,,5,"내일까지 내야 하는 독서 감상문, 오늘 밤 친구의 메시지 확인, 다음 달 대회를 위한 꾸준한 줄넘기 연습이 있어. 글에 따라 가장 먼저 할 일은?",메시지 확인,독서 감상문,줄넘기 연습,아무것도 하지 않기,2,3,중요하면서 급한 일인 내일까지 낼 감상문을 가장 먼저 해야 한다.,"이번 주에 해야 할 일을 네 칸 표로 나누어 보고, 무엇부터 할지 계획을 써 보세요."
생활심화-09,심화,생활,습관은 어떻게 만들어질까,습관은 어떻게 만들어질까,"아침에 일어나 저절로 이를 닦는 것처럼, 우리는 하루의 많은 일을 생각하지 않고 해. 이렇게 여러 번 되풀이해서 몸에 밴 행동을 습관이라고 해. 습관 덕분에 뇌는 매번 고민하지 않아도 되어 에너지를 아낄 수 있어.
습관은 세 단계의 고리로 만들어진다고 해. 먼저 어떤 신호가 있고, 그 신호에 따라 행동을 하고, 행동을 마치면 보상을 얻어. 예를 들어 학교에서 돌아와 가방을 내려놓는 것이 신호라면, 간식을 먹는 것이 행동이고, 맛있다는 기분이 보상이야. 이 고리가 반복되면 신호만 있어도 행동이 저절로 따라와.
좋은 습관을 만들려면 이 고리를 거꾸로 이용하면 돼. 먼저 분명한 신호를 정해 봐. 저녁을 먹고 나면 바로 책을 펴는 것처럼 말이야. 그리고 처음에는 아주 작게 시작해. 하루 한 쪽 읽기처럼 쉬운 목표가 오래 이어지기 좋아.
새로운 습관이 자리 잡기까지는 생각보다 시간이 걸려. 연구에 따르면 평균 두 달쯤 걸린다고 하는데, 사람마다 차이가 커. 하루를 빼먹었다고 포기하지 말고 다음 날 다시 시작하면 돼. 달력에 표시하며 이어 온 날을 눈으로 보는 것도 큰 힘이 돼.
나쁜 습관을 고칠 때는 신호를 피하거나 행동을 바꾸는 것이 도움이 돼. 침대 옆에 휴대 전화를 두지 않으면 밤늦게 영상을 보는 습관을 줄일 수 있지. 작은 습관이 쌓여 결국 나를 만든다는 것을 기억해.",되풀이,같은 일을 자꾸 반복함,에너지,일을 할 수 있는 힘,습관,뜻,되풀이해서 몸에 밴 행동,,1,습관의 고리,신호 → {{행동}} → 보상,,2,좋은 습관 만들기,"분명한 신호, {{작게}} 시작하기",,3,걸리는 시간,"평균 두 {{달}}쯤, 사람마다 다름",,4,매일 줄넘기를 하기로 했지만 자꾸 잊어버리는 친구에게 글을 바탕으로 할 조언으로 알맞은 것은?,처음부터 하루 천 번씩 해,저녁을 먹은 뒤처럼 분명한 신호를 정하고 적은 횟수부터 시작해,하루 빼먹으면 포기해,줄넘기를 침대 밑에 숨겨,2,3,분명한 신호를 정하고 아주 작게 시작하면 좋은 습관을 만들기 쉽다.,"내가 만들고 싶은 좋은 습관을 하나 정해 신호, 행동, 보상을 계획해 써 보세요."
생활심화-10,심화,생활,사지 않고 함께 쓰는 공유 경제,사지 않고 함께 쓰는 공유 경제,"길거리에 세워진 자전거를 휴대 전화로 빌려 타고, 목적지에 도착하면 그곳에 반납하는 모습을 본 적 있니? 자전거를 사지 않고도 필요할 때 탈 수 있지. 이처럼 물건이나 공간, 서비스를 여럿이 함께 나누어 쓰는 경제 방식을 공유 경제라고 해.
공유 경제가 생겨난 데에는 까닭이 있어. 우리 주변에는 대부분의 시간 동안 쓰이지 않고 놀고 있는 물건이 많아. 일 년에 몇 번 쓰지 않는 공구나 하루 대부분 주차장에 서 있는 자동차가 그 예야. 이런 물건을 필요한 사람이 빌려 쓰면 자원을 훨씬 알뜰하게 쓸 수 있어.
인터넷과 스마트폰이 발달하면서 공유 경제는 빠르게 퍼졌어. 빌려줄 사람과 빌릴 사람이 앱으로 쉽게 연결되기 때문이야. 자전거와 자동차뿐 아니라 집, 사무실, 옷, 장난감까지 함께 쓰는 서비스가 생겨났어.
공유 경제에는 좋은 점이 많아. 사는 것보다 싸게 쓸 수 있고, 물건을 덜 만들어도 되니 환경에도 도움이 돼. 하지만 문제도 있어. 빌린 물건을 함부로 쓰거나 아무 데나 버려 두면 다른 사람이 불편을 겪어. 안전 문제나 세금 문제처럼 기존의 규칙과 부딪히는 일도 생기지.
공유 경제가 잘 돌아가려면 사람들 사이의 믿음이 무엇보다 중요해. 내 것처럼 아껴 쓰고, 정해진 곳에 돌려놓는 작은 배려가 모여야 해. 함께 쓰는 물건을 소중히 여기는 마음이 공유 경제를 지탱하는 힘이야.",반납,빌린 것을 도로 돌려줌,지탱,오래 버티거나 배겨 냄,공유 경제,뜻,물건이나 공간을 여럿이 {{함께}} 나누어 씀,,1,생겨난 까닭,쓰이지 않고 {{놀고}} 있는 물건이 많음,,2,좋은 점과 문제,싸고 환경에 도움 · 함부로 쓰면 불편,,4,필요한 것,사람들 사이의 {{믿음}},,5,공유 자전거를 탄 뒤 길 한가운데에 아무렇게나 세워 두었어. 글의 내용으로 이 행동의 문제를 가장 잘 말한 것은?,자전거가 더 빨리 낡는다,다른 사람이 불편을 겪고 공유 경제를 지탱하는 믿음을 해친다,자전거가 더 많이 팔린다,아무 문제가 없다,2,5,정해진 곳에 돌려놓는 배려와 믿음이 공유 경제를 지탱한다.,"우리 학교에서 함께 쓰면 좋을 물건을 정하고, 공유할 때 지킬 규칙을 만들어 보세요."
생활심화-11,심화,생활,"진짜일까 가짜일까, 딥페이크","진짜일까 가짜일까, 딥페이크","유명한 사람이 실제로 한 적 없는 말을 하는 영상이 퍼져 사람들이 깜짝 놀란 일이 있어. 그 영상은 인공지능으로 만든 가짜였어. 인공지능을 이용해 사람의 얼굴이나 목소리를 다른 영상에 감쪽같이 합성하는 기술을 딥페이크라고 해.
딥페이크는 인공지능이 한 사람의 사진과 영상을 많이 학습해서 그 사람의 표정과 말투를 흉내 내는 방식으로 만들어. 기술이 발달하면서 진짜와 가짜를 눈으로 구별하기가 점점 어려워지고 있어.
이 기술은 좋은 곳에 쓰이기도 해. 영화에서 위험한 장면을 대신 만들거나, 목소리를 잃은 사람이 자기 목소리로 말할 수 있게 돕기도 하지. 하지만 나쁜 목적으로 쓰이면 큰 피해를 줘. 남의 얼굴을 허락 없이 합성해 놀리거나, 가족의 목소리를 흉내 내 돈을 보내라고 속이는 범죄에 쓰이기도 해.
다른 사람의 얼굴이나 목소리로 가짜 영상을 만들어 퍼뜨리는 것은 장난이 아니라 심각한 범죄가 될 수 있어. 합성된 사람은 큰 상처를 받고, 한번 퍼진 영상은 지우기도 어려워. 그래서 친구의 사진을 함부로 합성하거나 퍼뜨려서는 안 돼.
딥페이크에 속지 않으려면 의심하고 확인하는 습관이 필요해. 믿기 어려운 내용일수록 처음 올린 곳이 어디인지, 믿을 만한 언론에서도 같은 내용을 전하는지 살펴봐. 가족이 급하게 돈을 보내 달라는 연락이 오면 직접 전화를 걸어 확인해야 해.",합성,둘 이상의 것을 합쳐서 하나를 만듦,범죄,법을 어기는 나쁜 짓,딥페이크,뜻,인공지능으로 얼굴이나 {{목소리}}를 합성,,1,만드는 방법,많은 사진과 영상을 {{학습}}해 흉내 냄,,2,쓰임,좋은 쓰임과 나쁜 쓰임,,3,속지 않기,"처음 올린 곳과 언론 확인, {{직접}} 전화",,5,엄마 목소리로 “급하니 이 계좌로 돈을 보내 줘.”라는 음성 메시지가 왔어. 글에 따른 바른 행동은?,바로 돈을 보낸다,엄마에게 직접 전화를 걸어 확인한다,친구들에게 메시지를 퍼뜨린다,메시지에 적힌 번호로만 연락한다,2,5,급한 돈 요청은 직접 전화를 걸어 확인해야 한다.,딥페이크로부터 나와 친구를 지키기 위해 우리가 지킬 약속을 세 가지 만들어 보세요.
생활심화-12,심화,생활,동물도 행복할 권리가 있을까,동물도 행복할 권리가 있을까,"우리는 반려동물과 함께 살고, 동물에게서 고기와 우유, 달걀을 얻어. 동물원에서 동물을 구경하기도 하지. 그렇다면 동물에게도 고통 없이 살 권리가 있을까? 동물이 사람과 함께 살면서 누려야 할 좋은 상태를 지켜 주자는 생각을 동물 복지라고 해.
동물 복지에서는 동물이 누려야 할 다섯 가지 자유를 이야기해. 배고픔과 목마름에서 벗어날 자유, 불편함에서 벗어날 자유, 아픔과 질병에서 벗어날 자유, 자연스러운 행동을 할 자유, 두려움과 괴로움에서 벗어날 자유야.
이 기준으로 보면 고민할 점이 많아. 좁은 철창에 갇혀 날개도 펴지 못하는 닭은 자연스러운 행동을 할 자유를 잃은 셈이야. 그래서 넓은 공간에서 닭을 기르는 농장도 늘고 있어. 이런 농장에서 나온 달걀에는 동물 복지 인증 표시가 붙기도 해.
반려동물을 기르는 사람의 책임도 커. 반려동물은 장난감이 아니라 생명이기 때문이야. 끝까지 책임지고 돌볼 수 있는지 충분히 생각한 뒤에 데려와야 해. 아프면 치료해 주고, 산책과 놀이로 자연스러운 행동을 할 수 있게 해 주어야 하지. 버려지는 동물이 줄어들도록 하는 것도 우리 모두의 책임이야.
동물 복지는 동물만을 위한 것이 아니야. 건강하게 자란 동물은 사람에게도 더 안전한 먹거리가 되고, 생명을 존중하는 마음은 사람을 대하는 태도로도 이어져. 동물과 사람이 함께 행복할 방법을 찾는 것이 우리의 숙제야.",반려동물,가족처럼 함께 사는 동물,인증,일정한 기준에 맞는다고 공식적으로 확인함,동물 복지,뜻,동물이 누려야 할 좋은 상태를 지켜 줌,,1,다섯 가지 자유,자연스러운 {{행동}}을 할 자유 등,,2,농장의 변화,좁은 {{철창}} 대신 넓은 공간,,3,반려동물,끝까지 책임지는 {{생명}},,4,좁은 상자 속에서 몸을 돌리기도 어려운 동물이 있어. 글에 나온 다섯 가지 자유 가운데 가장 크게 잃은 것은?,배고픔에서 벗어날 자유,자연스러운 행동을 할 자유,질병에서 벗어날 자유,목마름에서 벗어날 자유,2,3,좁은 공간에 갇혀 움직이지 못하면 자연스러운 행동을 할 자유를 잃는다.,반려동물을 기르기 전에 꼭 생각해 보아야 할 점을 세 가지 써 보세요.
생활심화-13,심화,생활,똑같이 나누는 것이 늘 공정할까,똑같이 나누는 것이 늘 공정할까,"키가 다른 세 사람이 담장 너머로 축구 경기를 보려고 해. 모두에게 같은 높이의 받침대를 하나씩 주었더니, 키 큰 사람은 받침대가 없어도 잘 보이고, 키 작은 사람은 받침대를 딛고도 보이지 않았어. 모두에게 똑같이 주었는데 결과는 달랐지.
모든 사람을 차별 없이 똑같이 대하는 것을 평등이라고 해. 평등은 매우 중요한 가치야. 피부색이나 성별, 가진 재산 때문에 기회를 빼앗기지 않아야 하니까. 투표할 때 모두가 한 표씩 갖는 것이 대표적인 평등이야.
그런데 사람마다 처한 상황이 다르기 때문에, 똑같이 나누는 것만으로는 부족할 때가 있어. 앞의 이야기에서 키 작은 사람에게 받침대를 하나 더 주면 세 사람 모두 경기를 볼 수 있어. 이처럼 각자의 필요와 상황을 고려해 모두가 함께 누릴 수 있도록 하는 것을 공정이라고 해.
우리 사회에는 공정을 위한 제도가 많아. 휠체어를 탄 사람을 위한 경사로, 시력이 약한 학생을 위한 큰 글씨 시험지, 형편이 어려운 학생을 위한 장학금이 그 예야. 이런 배려는 특별 대우가 아니라 출발선을 맞추어 주는 일이야.
하지만 무엇이 공정한지는 사람마다 생각이 다를 수 있어. 그래서 서로의 상황을 이해하려고 노력하고, 함께 대화하며 기준을 정하는 것이 중요해. 평등과 공정을 함께 생각할 때 모두가 존중받는 사회가 될 수 있어.",처한,어떤 형편이나 사정에 놓인,장학금,공부를 돕기 위해 주는 돈,평등과 공정,평등,모든 사람을 차별 없이 {{똑같이}} 대함,모두 한 표,2,공정,각자의 {{필요}}와 상황을 고려함,,3,공정을 위한 제도,"경사로, 큰 글씨 시험지, 장학금",,4,정하는 방법,함께 {{대화}}하며 기준 정하기,,5,시력이 약한 친구에게만 큰 글씨 시험지를 준 것에 대해 한 학생이 불공평하다고 말했어. 글의 내용으로 대답한 것은?,"맞아, 모두 똑같은 시험지만 받아야 해",출발선을 맞추어 주는 공정한 배려야,시력이 약한 친구는 시험을 보지 않아야 해,모두 큰 글씨 시험지를 받으면 안 돼,2,4,각자의 상황을 고려한 배려는 출발선을 맞추어 주는 공정한 일이다.,우리 반에서 평등과 공정 가운데 무엇이 더 필요한 상황인지 예를 들어 써 보세요.
생활심화-14,심화,생활,"믿고 싶은 것만 보는 마음, 확증 편향","믿고 싶은 것만 보는 마음, 확증 편향","내가 응원하는 팀이 경기에서 졌을 때, 심판이 불공평했다는 글은 쉽게 믿고 우리 팀이 못했다는 글은 무시한 적이 있니? 사람은 자기가 이미 믿고 있는 생각을 뒷받침하는 정보는 잘 받아들이고, 반대되는 정보는 무시하는 경향이 있어. 이것을 확증 편향이라고 해.
확증 편향은 누구에게나 있는 마음의 습관이야. 뇌는 이미 알고 있는 것과 맞는 정보를 받아들일 때 편안함을 느끼기 때문이야. 내 생각이 틀렸다는 것을 인정하는 일은 불편하고 힘이 들지.
문제는 확증 편향 때문에 잘못된 판단을 내리기 쉽다는 거야. 처음에 잘못 알게 된 사실도 그것을 뒷받침하는 정보만 모으다 보면 더욱 굳게 믿게 돼. 친구에 대해 한번 나쁜 생각을 품으면 그 친구의 좋은 행동은 눈에 들어오지 않기도 하지. 이렇게 되면 오해가 쌓여 관계까지 나빠질 수 있어.
인터넷은 확증 편향을 더 강하게 만들 수 있어. 추천 알고리즘은 내가 좋아하는 내용과 비슷한 것을 계속 보여 주고, 같은 생각을 가진 사람들끼리 모여 이야기하다 보면 반대 의견을 들을 기회가 줄어들어.
확증 편향에서 벗어나려면 일부러 반대되는 의견도 찾아 들어 보아야 해. 내 생각이 틀렸을 수도 있다는 열린 마음을 갖고, 근거가 충분한지 스스로 따져 보는 거야. 생각을 바꿀 줄 아는 용기는 부끄러운 것이 아니라 성장의 증거야.",경향,생각이나 행동이 어떤 방향으로 쏠림,근거,어떤 생각의 바탕이 되는 까닭,확증 편향,뜻,믿는 생각을 뒷받침하는 정보만 받아들임,,1,까닭,맞는 정보를 받아들일 때 {{편안함}}을 느낌,,2,문제,잘못된 {{판단}}을 더 굳게 믿음,,3,벗어나기,일부러 {{반대}} 의견을 찾아 듣기,,5,어떤 음식이 몸에 좋다고 믿는 사람이 그 음식의 좋은 점을 말하는 글만 찾아 읽고 있어. 글에 따른 조언으로 알맞은 것은?,좋은 점만 계속 찾아 읽어,반대되는 의견과 근거도 찾아보고 따져 봐,글은 읽지 말고 소문만 믿어,처음 생각은 절대 바꾸면 안 돼,2,5,확증 편향에서 벗어나려면 반대되는 의견도 찾아 근거를 따져 보아야 한다.,"내가 확증 편향에 빠졌던 경험을 떠올리고, 그때 어떻게 하면 좋았을지 써 보세요."
생활심화-15,심화,생활,"몸속에 있는 시계, 생체 리듬","몸속에 있는 시계, 생체 리듬","알람이 없어도 비슷한 시간에 눈이 떠지거나, 밤이 되면 저절로 졸음이 오는 경험을 해 본 적이 있지? 우리 몸 안에는 약 24시간을 주기로 돌아가는 시계가 있어. 이 몸속 시계에 따라 잠과 깨어남, 체온, 배고픔 같은 몸의 상태가 하루 동안 규칙적으로 바뀌어. 이것을 생체 리듬이라고 해.
몸속 시계를 맞추어 주는 가장 중요한 신호는 빛이야. 아침에 햇빛을 받으면 몸은 하루가 시작되었다고 알아차리고 잠을 깨워. 저녁이 되어 어두워지면 잠을 오게 하는 물질이 나와 우리를 잠자리로 이끌어.
생체 리듬이 흐트러지면 몸과 마음이 힘들어져. 비행기를 타고 시간대가 다른 먼 나라에 가면 낮에 졸리고 밤에 잠이 안 오는 시차 피로를 겪어. 몸속 시계와 바깥 시계가 맞지 않기 때문이야. 주말에 늦게까지 자고 늦게 일어나면 월요일 아침이 유난히 힘든 것도 비슷한 까닭이야.
나이에 따라 생체 리듬이 달라지기도 해. 청소년이 되면 몸속 시계가 조금 늦춰져서 밤늦게 잠이 오고 아침에 일어나기 힘들어지는 경우가 많아. 그래서 잠자기 전 밝은 화면을 멀리하는 등 리듬을 지키려는 노력이 더 필요해.
생체 리듬을 건강하게 지키려면 매일 같은 시간에 자고 일어나는 것이 좋아. 아침에 일어나면 커튼을 열어 햇빛을 받고, 밤에는 불빛을 줄여 봐. 몸속 시계와 사이좋게 지내면 하루를 더 활기차게 보낼 수 있어.",주기,같은 일이 되풀이되는 일정한 간격,시차,지역에 따라 시각이 다른 것,생체 리듬,뜻,약 24시간 주기의 몸속 {{시계}},,1,맞추는 신호,아침 {{햇빛}}과 저녁 어둠,,2,흐트러지면,"시차 피로, 월요일 아침의 피곤",,3,지키는 법,매일 같은 {{시간}}에 자고 일어나기,,5,주말마다 새벽까지 깨어 있다가 낮 12시에 일어나는 친구가 월요일 아침마다 몹시 피곤하대. 글의 내용으로 가장 알맞은 조언은?,주말에는 더 늦게 자,주말에도 평소와 비슷한 시간에 자고 일어나,월요일에는 커튼을 닫고 계속 자,밤에 밝은 화면을 더 많이 봐,2,5,매일 같은 시간에 자고 일어나야 생체 리듬을 지킬 수 있다.,내 생체 리듬을 건강하게 지키기 위한 하루 계획표를 만들어 보세요.
과학34-01,3~4학년,과학,물체는 무엇으로 만들까,물체는 무엇으로 만들까,"우리 주변의 컵, 의자, 장난감은 모두 무언가로 만들어져 있어. 물체를 만드는 재료를 물질이라고 해. 나무, 금속, 플라스틱, 고무, 유리가 모두 물질이야. 같은 컵이라도 어떤 물질로 만들었느냐에 따라 성질이 달라.
물질마다 성질이 달라. 금속은 단단하고 광택이 있으며 열을 잘 전해. 나무는 금속보다 가볍고 따뜻한 느낌이 들어. 플라스틱은 가볍고 여러 가지 모양으로 만들기 쉬워. 고무는 잡아당기면 늘어났다가 놓으면 다시 원래대로 돌아오지.
그래서 사람들은 쓰임에 맞는 물질을 골라 물체를 만들어. 냄비는 열을 잘 전하는 금속으로 만들고, 손잡이는 열이 잘 전해지지 않는 플라스틱이나 나무로 만들어. 자전거 바퀴에는 충격을 줄여 주는 고무를 쓰지.
한 물체를 여러 물질로 만들기도 해. 연필은 나무와 흑연으로, 운동화는 고무와 천으로 만들어. 각 물질의 좋은 점을 함께 살리는 거야. 우리 교실의 물체는 어떤 물질로 만들어졌는지 찾아볼까?",광택,빛을 받아 반짝이는 윤기,흑연,연필심을 만드는 검은 물질,물질의 성질,뜻,물체를 만드는 재료,"나무, 금속, 플라스틱",1,성질,{{금속}}은 단단하고 열을 잘 전함,고무는 늘어났다 돌아옴,2,쓰임에 맞게,냄비 손잡이는 열이 잘 안 전해지는 {{나무}}나 플라스틱,,3,여러 물질,"연필은 나무와 흑연, 운동화는 {{고무}}와 천",,4,"비가 올 때 신는 장화를 만든다면, 글의 내용으로 볼 때 어떤 물질이 가장 알맞을까?",물이 잘 스미는 종이,잘 늘어나고 물이 스미지 않는 고무,쉽게 깨지는 유리,무거운 돌,2,2,고무는 잘 늘어나고 물이 스미지 않아 장화에 알맞다.,"우리 교실의 물체 하나를 골라 어떤 물질로 만들었는지, 그 까닭은 무엇인지 써 보세요."
과학34-02,3~4학년,과학,철을 끌어당기는 자석,철을 끌어당기는 자석,"냉장고 문에 메모지를 붙여 두는 자석을 본 적 있지? 자석은 철로 된 물체를 끌어당기는 성질이 있어. 클립이나 못, 철 가위는 자석에 붙지만 나무, 플라스틱, 유리는 붙지 않아.
자석에서 철을 가장 세게 끌어당기는 부분을 극이라고 해. 막대자석은 양쪽 끝이 극이라서 클립이 끝부분에 많이 붙어. 자석에는 N극과 S극이 있어.
두 자석을 가까이 하면 재미있는 일이 일어나. 서로 다른 극끼리는 끌어당기고, 같은 극끼리는 서로 밀어 내. 그래서 N극과 S극은 철컥 붙지만, N극과 N극은 서로 밀어 내지.
자석은 우리 생활 곳곳에 쓰여. 필통 뚜껑이나 가방 여밈 장치에 자석을 넣어 잘 닫히게 하고, 나침반의 바늘도 자석이야. 나침반 바늘의 N극은 늘 북쪽을 가리켜서 방향을 찾는 데 쓰여.",여밈,옷이나 가방을 닫아 맞추는 부분,나침반,방향을 알려 주는 도구,자석,성질,{{철}}로 된 물체를 끌어당김,"나무, 유리는 붙지 않음",1,극,철을 가장 세게 끌어당기는 {{끝}}부분,N극과 S극,2,자석끼리,다른 극은 끌어당기고 같은 극은 {{밀어}} 냄,,3,쓰임,"필통, 가방, 나침반",,4,두 막대자석의 끝을 가까이 댔더니 서로 밀어 냈어. 맞댄 두 극으로 알맞은 것은?,N극과 S극,N극과 N극,S극과 N극,극이 없는 가운데,2,3,같은 극끼리는 서로 밀어 낸다.,자석을 이용해 생활을 편리하게 만드는 물건을 하나 발명한다면 어떤 것을 만들지 써 보세요.
과학34-03,3~4학년,과학,배추흰나비의 한살이,배추흰나비의 한살이,"배추흰나비는 배추나 케일 같은 잎에 알을 낳아. 알은 1밀리미터쯤 되는 아주 작은 크기로, 길쭉한 옥수수 모양이야. 며칠이 지나면 알에서 작은 애벌레가 나와.
애벌레는 처음에 자기가 나온 알껍데기를 먹고, 그다음 잎을 갉아 먹으며 자라. 애벌레는 자라면서 몸을 감싸던 껍질을 벗는 허물벗기를 네 번 해. 허물을 벗을 때마다 몸이 점점 커지지.
다 자란 애벌레는 실을 내어 몸을 고정한 뒤 번데기가 돼. 번데기는 움직이지 않고 아무것도 먹지 않아. 겉으로는 조용해 보이지만, 그 안에서는 날개를 가진 나비가 될 준비를 하고 있어.
얼마 뒤 번데기를 뚫고 어른벌레인 나비가 나와. 나비는 날개를 말린 뒤 꽃의 꿀을 빨아 먹으며 날아다녀. 그리고 다시 알을 낳지. 이렇게 알에서 어른벌레까지 자라는 과정을 한살이라고 해.",허물벗기,곤충 등이 자라면서 겉껍질을 벗는 일,고정한,한곳에 붙어 움직이지 않게 한,배추흰나비의 한살이,알,배추나 {{케일}} 잎에 낳음,옥수수 모양,1,애벌레,잎을 먹으며 허물을 {{네}} 번 벗음,,2,번데기,움직이지 않고 {{먹지}} 않음,,3,어른벌레,꽃의 꿀을 빨아 먹음,,4,관찰 상자 속 애벌레가 실을 내어 몸을 붙이더니 움직이지 않게 되었어. 글에 따르면 이 애벌레는 다음에 무엇이 될까?,알,번데기,다시 작은 애벌레,꽃,2,3,다 자란 애벌레는 실을 내어 몸을 고정한 뒤 번데기가 된다.,배추흰나비의 한살이 가운데 가장 신기한 단계를 고르고 그 까닭을 써 보세요.
과학34-04,3~4학년,과학,달은 어떤 곳일까,달은 어떤 곳일까,"밤하늘에 떠 있는 달은 지구 둘레를 도는 가장 가까운 천체야. 망원경으로 달을 보면 밝은 곳과 어두운 곳이 보여. 어두운 곳은 평평한 땅이고, 밝은 곳은 높은 산지야.
달 표면에는 둥글게 움푹 파인 곳이 아주 많아. 이것은 우주에서 날아온 돌덩이가 부딪혀 생긴 구덩이야. 달에는 공기가 없어서 돌덩이가 타서 없어지지 않고 그대로 떨어지기 때문이야.
달에는 공기와 물이 없어서 생물이 살 수 없어. 공기가 없으니 바람도 불지 않고 소리도 전해지지 않아. 그래서 달에 간 우주 비행사들은 무전기로 이야기를 나누었어. 달에 남은 발자국은 바람에 지워지지 않아 오랫동안 남아 있어.
달은 낮과 밤의 온도 차이도 매우 커. 해가 비추는 곳은 아주 뜨겁고 그늘진 곳은 몹시 차가워. 공기가 담요처럼 열을 붙잡아 주는 지구와는 무척 다른 곳이지.",천체,"해, 달, 별처럼 우주에 있는 물체",무전기,전파로 소리를 주고받는 기계,달,모습,"어두운 곳은 평평한 땅, 밝은 곳은 {{산지}}",,1,구덩이,우주의 돌덩이가 부딪혀 생김,,2,공기가 없어서,소리가 {{전해지지}} 않음,발자국이 오래 남음,3,온도,낮과 밤의 온도 {{차이}}가 매우 큼,,4,달에서 두 우주 비행사가 무전기 없이 큰 소리로 불렀는데 서로 들리지 않았어. 글에서 그 까닭을 찾으면?,달에는 공기가 없어 소리가 전해지지 않아서,달이 너무 밝아서,달의 땅이 평평해서,돌덩이가 부딪혀서,1,3,공기가 없어서 소리가 전해지지 않는다.,달에 여행을 간다면 무엇을 꼭 챙겨야 할지 달의 특징과 연결해 써 보세요.
과학34-05,3~4학년,과학,소리는 어떻게 날까,소리는 어떻게 날까,"북을 치거나 기타 줄을 튕기면 소리가 나. 이때 북의 가죽과 기타 줄을 손으로 살짝 만져 보면 떨리는 것을 느낄 수 있어. 소리는 물체가 떨리면서 생겨. 떨림이 멈추면 소리도 멈추지.
떨림이 크면 큰 소리가 나고, 떨림이 작으면 작은 소리가 나. 북을 세게 치면 가죽이 크게 떨려 큰 소리가 나는 거야. 소리의 크고 작은 정도를 소리의 세기라고 해.
소리에는 높고 낮음도 있어. 이를 소리의 높낮이라고 해. 물체가 빠르게 떨리면 높은 소리가 나고, 느리게 떨리면 낮은 소리가 나. 실로폰의 짧은 막대는 높은 소리를, 긴 막대는 낮은 소리를 내.
물체에서 생긴 떨림은 공기를 타고 우리 귀까지 전해져. 소리는 공기뿐 아니라 물이나 철 같은 물체를 통해서도 전해져. 실 전화기에서 친구 목소리가 들리는 것도 실이 떨림을 전해 주기 때문이야.",세기,힘이나 크기의 정도,실로폰,막대를 두드려 소리를 내는 악기,소리,생기는 까닭,물체가 {{떨리면서}} 생김,,1,세기,떨림이 크면 {{큰}} 소리,,2,높낮이,빠르게 떨리면 {{높은}} 소리,짧은 막대는 높은 소리,3,전달,"공기, 물, 철을 통해 전해짐",실 전화기는 실이 전함,4,같은 실로폰에서 가장 낮은 소리를 내려면 어떤 막대를 쳐야 할까?,가장 짧은 막대,가장 긴 막대,가운데 막대,막대를 치지 않는다,2,3,긴 막대는 느리게 떨려 낮은 소리를 낸다.,우리 주변에서 나는 소리 하나를 골라 그 소리가 어떻게 생겨 귀까지 전해지는지 써 보세요.
과학34-06,3~4학년,과학,강낭콩이 자라는 과정,강낭콩이 자라는 과정,"식물도 동물처럼 한살이를 거쳐. 강낭콩 씨를 심고 물을 주면, 며칠 뒤 땅을 뚫고 싹이 올라와. 씨가 싹 트려면 알맞은 양의 물과 따뜻한 온도가 필요해.
싹이 트면 먼저 두 장의 떡잎이 나와. 떡잎에는 씨앗 속에 저장된 양분이 있어서 어린 강낭콩이 자라는 것을 도와. 그다음 떡잎 사이에서 본잎이 나오고, 줄기는 점점 길어지며 잎이 늘어나.
강낭콩이 자라려면 물과 햇빛, 알맞은 온도가 필요해. 잎은 햇빛을 받아 식물이 자라는 데 필요한 양분을 만들어. 그래서 햇빛이 잘 드는 곳에서 기른 강낭콩이 더 튼튼하게 자라.
시간이 지나면 강낭콩에 꽃이 피고, 꽃이 진 자리에 꼬투리가 생겨. 꼬투리 안에는 새로운 강낭콩 씨가 여러 개 들어 있어. 이 씨를 다시 심으면 한살이가 처음부터 되풀이돼.",떡잎,씨앗에서 처음 나오는 잎,본잎,떡잎 다음에 나오는 잎,강낭콩의 한살이,싹 트기,알맞은 {{물}}과 따뜻한 온도,,1,떡잎,씨앗 속 {{양분}}으로 어린 콩을 도움,,2,자라기,"햇빛, 물, 알맞은 온도",,3,열매,꽃이 진 자리에 생긴 {{꼬투리}} 속 새 씨,,4,"강낭콩 두 화분 중 하나는 햇빛이 잘 드는 창가에, 하나는 어두운 창고에 두었어. 글의 내용으로 볼 때 더 튼튼하게 자랄 화분은?",창가 화분,창고 화분,두 화분이 똑같다,둘 다 자라지 않는다,1,3,잎은 햇빛을 받아 양분을 만들기 때문에 햇빛이 잘 드는 곳에서 더 튼튼하게 자란다.,강낭콩을 기른다면 날마다 무엇을 관찰하고 기록할지 계획을 써 보세요.
과학34-07,3~4학년,과학,"얼음, 물, 수증기","얼음, 물, 수증기","물은 모습을 바꾸는 재주가 있어. 차가운 냉동실에 넣으면 단단한 얼음이 되고, 따뜻한 곳에 두면 다시 물이 돼. 물을 끓이면 눈에 보이지 않는 수증기가 되어 공기 중으로 날아가. 얼음, 물, 수증기는 모습만 다를 뿐 모두 같은 물이야.
물이 얼어 얼음이 되면 부피가 늘어나. 그래서 물을 가득 채운 유리병을 냉동실에 넣으면 병이 깨질 수 있어. 겨울에 수도관이 터지는 것도 관 속의 물이 얼면서 부피가 커지기 때문이야.
물은 끓지 않아도 조금씩 수증기가 되어 날아가. 젖은 빨래가 마르는 것, 어항의 물이 조금씩 줄어드는 것이 그 예야. 이렇게 물의 표면에서 물이 수증기로 변하는 것을 증발이라고 해.
반대로 수증기가 차가운 것에 닿으면 다시 물방울이 돼. 차가운 음료수 병의 겉에 물방울이 맺히는 것도, 이른 아침 풀잎에 이슬이 맺히는 것도 공기 중의 수증기가 물로 바뀌었기 때문이야.",수도관,수돗물이 흐르는 관,이슬,공기 중 수증기가 엉겨 맺힌 물방울,물의 상태 변화,세 가지 모습,"얼음, 물, {{수증기}}",,1,얼 때,{{부피}}가 늘어남,수도관이 터짐,2,증발,물의 {{표면}}에서 수증기로 변함,빨래가 마름,3,물방울,수증기가 차가운 것에 닿아 다시 물이 됨,,4,냉동실에 물을 가득 채운 유리병을 넣으면 안 되는 까닭으로 알맞은 것은?,물이 얼면 부피가 늘어나 병이 깨질 수 있어서,물이 얼면 부피가 줄어서,물이 수증기가 되어서,유리병이 녹아서,1,2,물이 얼면 부피가 늘어나 병이 깨질 수 있다.,오늘 하루 동안 물의 모습이 바뀌는 장면을 찾아 세 가지 써 보세요.
과학34-08,3~4학년,과학,그림자와 거울,그림자와 거울,"맑은 날 운동장에 서면 내 몸 뒤로 그림자가 생겨. 그림자는 빛이 물체에 막혀 생기는 어두운 부분이야. 빛은 곧게 나아가는 성질이 있어서, 물체가 빛을 가리면 그 뒤쪽에 빛이 닿지 않아 그림자가 생겨.
빛을 통과시키지 못하는 물체일수록 진한 그림자가 생겨. 나무나 책처럼 빛이 통과하지 못하는 물체는 진한 그림자를 만들어. 유리처럼 빛이 대부분 통과하는 물체는 아주 연한 그림자가 생기지.
손전등과 물체 사이의 거리를 바꾸면 그림자의 크기가 달라져. 물체를 손전등에 가까이 가져가면 그림자가 커지고, 멀리 떨어뜨리면 그림자가 작아져. 그림자 놀이를 할 때 이 원리를 이용하면 재미있는 모양을 만들 수 있어.
빛은 거울에 부딪히면 방향을 바꾸어 되돌아와. 이를 빛의 반사라고 해. 거울에 비친 모습은 왼쪽과 오른쪽이 바뀌어 보여. 구급차 앞에 글자를 거꾸로 써 놓은 것은 앞차의 거울에 바르게 보이게 하려는 거야.",손전등,손에 들고 다니며 비추는 작은 전등,구급차,아픈 사람을 병원으로 옮기는 차,빛과 그림자,그림자,빛은 {{곧게}} 나아가 물체에 막히면 생김,,1,진하기,빛이 {{통과}}하지 못하면 진한 그림자,,2,크기,손전등에 가까우면 그림자가 커짐,,3,반사,거울에서 왼쪽과 {{오른쪽}}이 바뀌어 보임,,4,그림자 놀이에서 토끼 그림자를 더 크게 만들고 싶어. 글에 따른 방법은?,손을 손전등에서 멀리 떨어뜨린다,손을 손전등에 가까이 가져간다,손전등을 끈다,유리판을 앞에 둔다,2,3,물체를 손전등에 가까이 가져가면 그림자가 커진다.,구급차에 글자를 거꾸로 쓰는 까닭을 친구에게 설명하듯 써 보세요.
과학34-09,3~4학년,과학,땅속에서 솟아오르는 화산,땅속에서 솟아오르는 화산,"땅속 깊은 곳은 아주 뜨거워서 암석이 녹아 있기도 해. 이렇게 땅속에서 암석이 녹아 있는 것을 마그마라고 해. 마그마가 땅의 약한 틈을 뚫고 밖으로 나와 생긴 산을 화산이라고 해.
화산이 폭발하면 여러 가지 물질이 나와. 마그마가 땅 위로 흘러나온 것을 용암이라고 하고, 잘게 부서진 돌가루는 화산재라고 해. 화산 가스도 함께 뿜어져 나와.
용암이 식어서 굳으면 암석이 돼. 땅 위에서 빨리 식은 현무암은 색이 어둡고 구멍이 송송 뚫려 있어. 용암 속 가스가 빠져나가며 구멍이 생긴 거야. 땅속에서 천천히 식은 화강암은 밝은색이고 알갱이가 커.
화산은 피해를 주기도 하지만 이로운 점도 있어. 화산재가 쌓인 땅은 기름져 농사가 잘되고, 땅속의 열로 온천을 즐기거나 전기를 만들기도 해. 우리나라의 제주도와 백두산도 화산 활동으로 만들어졌어.",암석,단단한 돌,폭발,갑자기 터짐,화산,뜻,{{마그마}}가 밖으로 나와 생긴 산,,1,나오는 것,"흘러나온 {{용암}}, 화산재, 가스",,2,암석,구멍이 송송 뚫린 {{현무암}},화강암은 밝고 알갱이가 큼,3,이로운 점,"기름진 땅, 온천, 전기",,4,제주도 돌담의 검은 돌에 구멍이 많이 뚫려 있어. 글의 내용으로 이 돌에 대해 짐작한 것으로 알맞은 것은?,땅속에서 천천히 식은 화강암이다,용암이 빨리 식으며 가스가 빠져 구멍이 생긴 현무암이다,바다에서 만들어진 조개껍데기다,사람이 구멍을 뚫었다,2,3,땅 위에서 빨리 식은 현무암은 가스가 빠져나가며 구멍이 생긴다.,화산이 주는 피해와 이로운 점을 비교해 내 생각을 써 보세요.
과학34-10,3~4학년,과학,섞인 것을 나누는 방법,섞인 것을 나누는 방법,"콩과 팥과 좁쌀이 한데 섞여 있다면 어떻게 나눌 수 있을까? 두 가지 이상의 물질이 섞여 있는 것을 혼합물이라고 해. 혼합물은 물질마다 다른 성질을 이용하면 나눌 수 있어.
알갱이의 크기가 다르면 체를 이용해. 구멍 크기가 다른 체로 차례대로 걸러 내면, 구멍보다 작은 알갱이는 빠져나가고 큰 알갱이는 체에 남아. 콩, 팥, 좁쌀을 이렇게 나눌 수 있지.
철 가루와 모래가 섞여 있다면 자석을 써. 자석에 철 가루만 붙기 때문에 쉽게 골라낼 수 있어. 고물상에서 철로 된 물건을 골라낼 때도 커다란 자석을 이용해.
소금물에서 소금을 얻고 싶다면 물을 증발시키면 돼. 소금물을 가열하거나 햇볕에 두면 물은 날아가고 소금만 남아. 바닷가 염전에서는 이 방법으로 바닷물에서 소금을 얻어.",혼합물,두 가지 이상의 물질이 섞여 있는 것,염전,바닷물로 소금을 만드는 곳,혼합물 분리,크기가 다를 때,구멍 크기가 다른 {{체}}로 거름,"콩, 팥, 좁쌀",2,철이 섞였을 때,{{자석}}으로 철 가루만 골라냄,,3,녹아 있을 때,물을 {{증발}}시켜 소금을 얻음,,4,원리,물질마다 다른 성질을 이용,,1,모래와 작은 쇠못이 섞인 통에서 쇠못만 빠르게 골라내려면 글에 나온 어떤 방법이 알맞을까?,체로 거른다,자석을 가까이 댄다,물을 증발시킨다,손으로 하나씩 센다,2,3,자석은 철로 된 물체만 끌어당긴다.,우리 생활에서 섞여 있는 것을 나누는 일을 하나 찾아 어떤 성질을 이용하는지 써 보세요.
과학34-11,3~4학년,과학,환경에 맞춰 사는 동물,환경에 맞춰 사는 동물,"동물은 사는 곳의 환경에 알맞은 생김새와 생활 방식을 가지고 있어. 이렇게 환경에 맞추어 살아가기 좋게 몸과 생활이 변해 온 것을 적응이라고 해. 덥고 메마른 사막과 몹시 추운 극지방의 동물을 비교하면 적응을 잘 알 수 있어.
사막여우는 몸에 비해 귀가 아주 커. 큰 귀로 몸의 열을 밖으로 내보내 더위를 견뎌. 낙타는 등의 혹에 지방을 저장해 먹을 것이 없을 때 쓰고, 긴 속눈썹으로 모래바람을 막아.
북극곰은 두꺼운 털과 털 아래의 두꺼운 지방층으로 추위를 막아. 발바닥에도 털이 나 있어서 얼음 위에서 미끄러지지 않아. 펭귄은 여럿이 촘촘히 모여 서서 서로의 체온으로 추위를 견디기도 해.
이렇게 동물의 생김새에는 살아남기 위한 지혜가 담겨 있어. 동물의 몸을 자세히 살펴보면 그 동물이 어떤 곳에서 사는지 짐작할 수 있어.",극지방,남극과 북극 둘레의 몹시 추운 지역,체온,몸의 온도,동물의 적응,뜻,환경에 맞추어 몸과 생활이 변해 온 것,,1,사막여우,큰 {{귀}}로 몸의 열을 내보냄,,2,낙타,혹에 {{지방}}을 저장,긴 속눈썹,2,북극곰,두꺼운 {{털}}과 지방층,,3,어떤 동물이 귀가 작고 털이 아주 두꺼우며 발바닥에도 털이 나 있어. 글의 내용으로 이 동물이 사는 곳을 짐작하면?,덥고 메마른 사막,몹시 추운 극지방,따뜻한 바닷속,더운 열대 숲,2,3,두꺼운 털과 발바닥의 털은 추운 곳에 적응한 모습이다.,"상상의 동물을 하나 만들고, 그 동물이 사는 환경과 적응한 생김새를 써 보세요."
과학34-12,3~4학년,과학,지층과 화석이 들려주는 이야기,지층과 화석이 들려주는 이야기,"바닷가 절벽이나 깎인 산비탈을 보면 줄무늬처럼 층이 진 곳이 있어. 이것을 지층이라고 해. 지층은 자갈, 모래, 진흙 같은 알갱이가 물에 실려 와 오랜 세월 차곡차곡 쌓이고 단단하게 굳어서 만들어져.
지층은 아래에서 위로 쌓이기 때문에 보통 아래에 있는 층이 먼저 쌓인 오래된 층이야. 층마다 색깔과 두께, 알갱이의 크기가 다른 까닭은 쌓일 때의 환경이 달랐기 때문이야.
지층 속에서는 화석이 발견되기도 해. 화석은 아주 오래전에 살았던 생물의 몸이나 흔적이 돌 속에 남은 것이야. 조개껍데기, 나뭇잎, 공룡의 뼈뿐 아니라 공룡의 발자국도 화석이 될 수 있어.
화석을 보면 옛날의 환경을 짐작할 수 있어. 높은 산의 지층에서 조개 화석이 나왔다면 그곳이 옛날에는 바다였다는 것을 알 수 있지. 우리나라 경상남도 고성에는 공룡 발자국 화석이 많이 남아 있어.",절벽,바위가 깎아 세운 듯이 높이 솟은 낭떠러지,흔적,어떤 것이 지나가거나 남긴 자국,지층과 화석,지층,알갱이가 차곡차곡 {{쌓이고}} 굳어 만들어짐,,1,순서,보통 {{아래}}층이 먼저 쌓인 오래된 층,,2,화석,"오래전 생물의 몸이나 흔적, 공룡 {{발자국}}도 화석",,3,알 수 있는 것,옛날의 환경,,4,높은 산꼭대기 지층에서 물고기 화석이 발견되었어. 글의 내용으로 짐작할 수 있는 것은?,이곳은 옛날에 바다나 물속이었다,물고기가 산을 올라왔다,이 지층은 어제 만들어졌다,화석은 사람이 만든 것이다,1,4,화석을 보면 옛날의 환경을 짐작할 수 있다.,화석이 되어 먼 미래 사람들에게 발견된다면 어떤 물건이 오늘날의 모습을 잘 알려 줄지 써 보세요.
과학34-13,3~4학년,과학,물은 어디로 여행할까,물은 어디로 여행할까,"오늘 우리가 마신 물은 어쩌면 아주 먼 곳을 여행하고 온 물일지도 몰라. 지구의 물은 한곳에 머물지 않고 모습을 바꾸며 끊임없이 돌고 돌아. 이것을 물의 순환이라고 해.
바다와 강, 호수의 물은 햇볕을 받아 증발해 수증기가 돼. 식물의 잎에서도 수증기가 빠져나가. 수증기는 공기를 타고 하늘 높이 올라가.
하늘 높은 곳은 기온이 낮아서 수증기가 차가워지면 작은 물방울이나 얼음 알갱이가 돼. 이것들이 모여 구름을 만들어. 구름 속 물방울이 점점 커져 무거워지면 비나 눈이 되어 땅으로 내려와.
땅에 내린 비는 강을 따라 흐르거나 땅속으로 스며들었다가 다시 바다로 가. 그리고 또 증발해 하늘로 올라가지. 물의 순환 덕분에 지구의 생물은 늘 물을 얻으며 살아갈 수 있어. 그러니 물을 더럽히지 않고 아껴 써야 해.",순환,주기적으로 되풀이하여 도는 것,기온,공기의 온도,물의 순환,하늘로,바다와 강의 물이 {{증발}}해 수증기가 됨,,2,구름,수증기가 차가워져 물방울과 얼음 알갱이로,,3,땅으로,무거워진 물방울이 {{비}}나 눈으로 내림,,3,다시 바다로,강을 따라 흐르거나 땅속으로 {{스며들었다가}} 바다로,,4,물의 순환에서 수증기가 구름이 되는 까닭으로 글에 나온 것은?,하늘 높은 곳은 기온이 낮아 수증기가 차가워지기 때문이다,햇볕이 더 뜨거워서,바다가 얼어서,바람이 멈춰서,1,3,하늘 높은 곳은 기온이 낮아 수증기가 물방울이 되어 구름을 만든다.,빗방울 한 방울이 되어 물의 순환을 여행한다고 상상해 짧은 이야기를 써 보세요.
과학34-14,3~4학년,과학,사막과 물에서 사는 식물,사막과 물에서 사는 식물,"식물도 사는 곳에 맞추어 살아가는 방법이 달라. 비가 거의 오지 않는 사막과 물이 가득한 연못에서 사는 식물을 비교해 보면 그 차이를 잘 알 수 있어.
사막에 사는 선인장은 잎이 가시로 변했어. 넓은 잎은 물이 빠져나가기 쉽기 때문에, 가시로 바뀌어 물이 덜 빠져나가게 된 거야. 가시는 동물이 선인장을 먹지 못하게 막아 주기도 해.
선인장의 줄기는 통통하고 두꺼워. 줄기 속에 물을 많이 저장해 두었다가 비가 오지 않는 오랜 기간 동안 조금씩 써. 겉은 매끈한 막으로 덮여 있어서 물이 쉽게 증발하지 않아.
물에 사는 부레옥잠은 물 위에 떠서 살아. 잎자루가 공기주머니처럼 부풀어 있고 그 속에 공기가 가득 차 있어서 물에 잘 떠. 뿌리는 물속으로 늘어뜨려 물에 녹아 있는 양분을 흡수해. 이처럼 식물의 모습에는 사는 곳에서 살아남기 위한 비밀이 숨어 있어.",잎자루,잎과 줄기를 이어 주는 자루,흡수,빨아서 거두어들임,식물의 적응,선인장의 잎,잎이 {{가시}}로 변해 물이 덜 빠져나감,,2,선인장의 줄기,통통한 줄기 속에 {{물}}을 저장,,3,부레옥잠,부푼 잎자루 속 {{공기}}로 물에 뜸,,4,뿌리,물속으로 늘어뜨려 양분 흡수,,4,잎이 넓고 얇은 식물을 사막에 옮겨 심으면 어떻게 될까? 글의 내용으로 알맞게 짐작한 것은?,물이 잘 빠져나가 살기 어렵다,더 튼튼하게 자란다,잎이 공기주머니로 변한다,물 위에 뜬다,1,2,넓은 잎은 물이 빠져나가기 쉬워 사막에서 살기 어렵다.,선인장과 부레옥잠의 사는 곳을 서로 바꾼다면 어떤 일이 생길지 상상해 써 보세요.
과학34-15,3~4학년,과학,무게를 재는 용수철저울,무게를 재는 용수철저울,"물체의 무거운 정도를 무게라고 해. 무게는 지구가 물체를 끌어당기는 힘의 크기야. 사과를 손에 들면 아래로 당기는 느낌이 드는 것도 지구가 사과를 끌어당기기 때문이야.
무게를 재는 도구 가운데 하나가 용수철저울이야. 용수철저울은 용수철에 물체를 걸면 용수철이 늘어나는 성질을 이용해. 무거운 물체를 걸수록 용수철이 더 많이 늘어나.
용수철은 걸어 준 물체의 무게에 따라 일정하게 늘어나. 무게가 두 배가 되면 늘어난 길이도 두 배가 되지. 그래서 늘어난 길이를 재면 물체의 무게를 알 수 있어. 용수철저울의 눈금은 이 원리로 만들어졌어.
하지만 용수철에 너무 무거운 물체를 걸면 용수철이 늘어난 채로 원래대로 돌아오지 않아. 그래서 용수철저울에는 잴 수 있는 무게가 정해져 있어. 우리가 쓰는 체중계나 가게의 저울도 무게를 재는 원리를 이용해 만든 도구야.",용수철,나선 모양으로 감아 늘어나고 줄어드는 쇠줄,일정하게,어떤 것의 양이나 성질이 달라지지 않게,용수철저울,무게,지구가 물체를 {{끌어당기는}} 힘의 크기,,1,원리,무거울수록 더 많이 {{늘어나는}} 성질,,2,일정한 관계,무게가 두 배면 늘어난 길이도 {{두}} 배,,3,주의,너무 무거우면 원래대로 돌아오지 않음,,4,용수철에 100그램짜리 추를 걸었더니 2센티미터 늘어났어. 같은 추를 두 개 걸면 몇 센티미터 늘어날까?,1센티미터,2센티미터,4센티미터,8센티미터,3,3,무게가 두 배가 되면 늘어난 길이도 두 배가 된다.,용수철저울로 교실 물건의 무게를 잰다면 어떤 순서로 실험할지 써 보세요.
과학56-01,5~6학년,과학,"열은 어떻게 이동할까, 전도와 대류","열은 어떻게 이동할까, 전도와 대류","뜨거운 국에 숟가락을 넣어 두면 잠시 뒤 손잡이까지 뜨거워져. 열이 숟가락을 따라 이동했기 때문이야. 열은 언제나 온도가 높은 곳에서 낮은 곳으로 이동해. 열이 이동하는 방법에는 여러 가지가 있는데, 오늘은 전도와 대류를 알아보자.
고체에서 열이 물체를 따라 이웃한 부분으로 차례차례 전해지는 것을 전도라고 해. 숟가락이나 프라이팬처럼 금속으로 된 물체는 열이 빠르게 전도돼. 나무나 플라스틱은 열이 느리게 전도되지. 그래서 냄비 손잡이는 나무나 플라스틱으로 만드는 경우가 많아.
액체와 기체에서는 열이 조금 다르게 이동해. 물을 끓이면 아래쪽의 데워진 물이 위로 올라가고, 위쪽의 차가운 물이 아래로 내려와. 이렇게 물질이 직접 움직이며 열을 옮기는 것을 대류라고 해. 데워진 물질은 가벼워져서 위로 올라가는 거야.
대류는 공기에서도 일어나. 난로를 켜면 난로 근처의 데워진 공기가 위로 올라가고 차가운 공기가 아래로 내려오면서 방 전체가 따뜻해져. 그래서 난로는 방의 낮은 곳에 두는 것이 좋아. 반대로 에어컨은 차가운 공기가 아래로 내려오도록 높은 곳에 달지.
열의 이동을 알면 생활이 편리해져. 겨울옷이나 보온병은 열이 잘 이동하지 않게 만들어 따뜻함을 오래 지켜 줘. 우리 주변의 물건이 열의 이동을 어떻게 이용하는지 살펴보면 재미있을 거야.",고체,돌이나 나무처럼 모양과 부피가 일정한 물질,보온병,안에 담긴 것의 온도를 오래 지켜 주는 병,열의 이동,방향,온도가 높은 곳에서 {{낮은}} 곳으로,,1,전도,고체에서 이웃한 부분으로 차례차례 전해짐,금속은 빠르게 전도,2,대류,물질이 직접 {{움직이며}} 열을 옮김,데워진 물질은 위로,3,생활 속 대류,"난로는 낮은 곳, 에어컨은 {{높은}} 곳",,4,욕조에 받아 둔 물의 위쪽은 따뜻한데 아래쪽은 차가웠어. 글의 내용으로 볼 때 그 까닭으로 알맞은 것은?,데워진 물이 가벼워져 위로 올라갔기 때문에,차가운 물이 위로 올라갔기 때문에,물에서는 열이 이동하지 않기 때문에,욕조가 금속으로 되어 있기 때문에,1,3,데워진 물질은 가벼워져서 위로 올라가는 대류가 일어난다.,우리 집에서 전도나 대류를 이용하는 물건을 하나 찾아 어떻게 이용하는지 써 보세요.
과학56-02,5~6학년,과학,"태양을 도는 가족, 태양계","태양을 도는 가족, 태양계","밤하늘의 별들 가운데 스스로 빛을 내는 별이 우리와 가장 가까이 있는데, 그것이 바로 태양이야. 태양과 태양의 영향을 받는 천체들, 그리고 그들이 차지하는 공간을 모두 합쳐 태양계라고 해. 태양계의 가장 큰 주인공은 단연 태양이지.
태양 둘레를 도는 큰 천체를 행성이라고 해. 태양계에는 수성, 금성, 지구, 화성, 목성, 토성, 천왕성, 해왕성의 여덟 행성이 있어. 태양에서 가까운 순서대로 부른 거야. 행성은 스스로 빛을 내지 못하고 태양 빛을 반사해서 밝게 보여.
행성은 크기와 표면이 저마다 달라. 수성, 금성, 지구, 화성은 표면이 단단한 암석으로 되어 있고 크기가 비교적 작아. 목성, 토성, 천왕성, 해왕성은 주로 기체로 되어 있고 크기가 아주 커. 가장 큰 행성은 목성이고, 토성은 아름다운 고리로 유명하지.
행성 둘레를 도는 천체도 있어. 이것을 위성이라고 하는데, 달은 지구의 위성이야. 목성과 토성처럼 위성을 아주 많이 가진 행성도 있어. 이 밖에도 태양계에는 작은 암석 덩어리와 꼬리를 끄는 혜성 같은 천체들이 함께 돌고 있어.
태양계에서 생명이 사는 것으로 알려진 곳은 지구뿐이야. 지구는 태양과 알맞은 거리에 있어 물이 액체로 있을 수 있고, 공기가 생물을 지켜 주기 때문이지. 넓은 우주에서 우리 지구가 얼마나 소중한 곳인지 다시 생각하게 돼.",반사,빛이 물체에 부딪혀 되돌아 나옴,혜성,태양에 가까워지면 꼬리가 생기는 천체,태양계,중심,스스로 빛을 내는 {{태양}},,1,행성,태양 둘레를 도는 여덟 개의 큰 천체,태양 빛을 반사해 보임,2,행성의 차이,가장 큰 행성은 {{목성}},토성은 고리로 유명,3,위성,"행성 둘레를 도는 천체로, 달은 {{지구}}의 위성",,4,"어떤 천체가 스스로 빛을 내지 못하고 목성 둘레를 돌고 있다면, 글의 내용으로 볼 때 이 천체는 무엇일까?",별,행성,위성,태양,3,4,행성 둘레를 도는 천체를 위성이라고 한다.,"태양계 행성 가운데 한 곳을 여행할 수 있다면 어디로 가고 싶은지, 그 행성의 특징과 함께 써 보세요."
과학56-03,5~6학년,과학,"물에 녹아 사라진 설탕, 용해와 용액","물에 녹아 사라진 설탕, 용해와 용액","물에 설탕을 넣고 저으면 설탕 알갱이가 점점 작아지다가 보이지 않게 돼. 설탕이 사라진 걸까? 물을 맛보면 달콤하니 설탕은 그대로 물속에 있어. 이렇게 어떤 물질이 다른 물질에 녹아 고르게 섞이는 현상을 용해라고 해.
이때 설탕처럼 녹는 물질을 용질, 물처럼 녹이는 물질을 용매라고 해. 그리고 용질이 용매에 녹아 고르게 섞인 물질을 용액이라고 불러. 설탕물, 소금물이 모두 용액이야. 용액은 오래 두어도 가라앉는 것이 없고, 어느 부분이나 맛과 진하기가 같아.
설탕이 물에 녹아도 무게는 사라지지 않아. 물의 무게와 설탕의 무게를 더한 값은 설탕물의 무게와 같아. 알갱이가 매우 작게 나뉘어 물 사이사이에 퍼져 있어서 눈에 보이지 않을 뿐이야.
물질마다 물에 녹는 양이 달라. 같은 양의 물에 소금과 설탕, 베이킹 소다를 넣어 보면 녹는 양이 서로 달라. 또 같은 물질이라도 물의 온도가 높을수록 더 많이 녹는 경우가 많아. 그래서 따뜻한 물에 코코아 가루가 더 잘 녹지.
모든 물질이 물에 녹는 것은 아니야. 모래나 밀가루를 물에 넣으면 시간이 지나 바닥에 가라앉아. 이런 것은 용액이 아니야. 생활 속에서 녹는 것과 녹지 않는 것을 구별해 보면 용해를 더 잘 이해할 수 있어.",진하기,용액 속에 녹아 있는 물질이 많고 적은 정도,베이킹 소다,빵을 부풀게 할 때 쓰는 흰 가루,용해와 용액,용해,물질이 다른 물질에 녹아 {{고르게}} 섞임,,1,용질과 용매,녹는 물질과 {{녹이는}} 물질,"설탕물, 소금물은 용액",2,무게,녹아도 {{무게}}는 사라지지 않음,,3,녹는 양,물질마다 다르고 물이 따뜻할수록 많이 녹음,,4,물 100그램에 소금 10그램을 모두 녹였어. 글의 내용으로 볼 때 소금물의 무게는 얼마일까?,90그램,100그램,110그램,10그램,3,3,물의 무게와 녹인 물질의 무게를 더한 값이 용액의 무게와 같다.,생활 속에서 본 용액 하나를 골라 용질과 용매가 무엇인지 써 보세요.
과학56-04,5~6학년,과학,"눈에 보이지 않는 생물, 곰팡이와 세균","눈에 보이지 않는 생물, 곰팡이와 세균","오래 둔 빵에 푸르거나 검은 얼룩이 생긴 것을 본 적 있지? 그것은 곰팡이야. 곰팡이처럼 우리 주변에는 아주 작은 생물들이 많이 살고 있어. 곰팡이와 버섯은 균류에 속하고, 세균은 너무 작아서 현미경으로만 볼 수 있어.
곰팡이는 가는 실 같은 균사로 이루어져 있어. 곰팡이와 버섯은 식물처럼 보이지만 광합성을 하지 못해. 그래서 죽은 생물이나 음식물에 붙어 양분을 얻으며 살아. 곰팡이는 포자를 퍼뜨려 번식하는데, 따뜻하고 축축한 곳에서 잘 자라.
세균은 곰팡이보다 훨씬 작고 생김새가 공 모양, 막대 모양, 나선 모양 등으로 다양해. 세균은 땅, 물, 공기, 우리 몸속 등 거의 모든 곳에 살아. 조건이 알맞으면 아주 빠르게 수를 늘리지.
곰팡이와 세균은 우리에게 해를 끼치기도 해. 음식을 상하게 하고 병을 일으키기도 하지. 그래서 음식은 냉장고에 보관하고 손을 깨끗이 씻어야 해. 하지만 이로운 일도 많이 해. 죽은 생물을 분해해 흙으로 돌려보내고, 된장과 요구르트 같은 음식을 만드는 데도 쓰여.
과학자들은 곰팡이에서 세균을 물리치는 약을 찾아내기도 했어. 눈에 잘 보이지 않는 작은 생물들이 이렇게 우리 생활과 자연에 깊이 관련되어 있다니 놀랍지?",포자,곰팡이나 버섯이 번식할 때 퍼뜨리는 아주 작은 알갱이,분해,여러 성분이 섞인 것을 작게 나누어 풀어냄,곰팡이와 세균,곰팡이,실 같은 {{균사}}로 이루어짐,따뜻하고 축축한 곳에서 잘 자람,2,세균,"공, 막대, {{나선}} 모양 등 다양함",거의 모든 곳에 삶,3,해로운 점,음식을 상하게 하고 병을 일으킴,,4,이로운 점,죽은 생물을 분해하고 {{된장}} 같은 음식을 만듦,,4,"식빵을 오래 보관하려고 할 때, 글의 내용으로 볼 때 가장 알맞은 방법은?",따뜻하고 축축한 곳에 둔다,물을 뿌려 둔다,냉장고처럼 차가운 곳에 보관한다,햇빛이 드는 창가의 젖은 그릇에 둔다,3,4,곰팡이는 따뜻하고 축축한 곳에서 잘 자라므로 음식은 냉장고에 보관한다.,곰팡이나 세균이 없다면 우리 생활과 자연은 어떻게 될지 상상해서 써 보세요.
과학56-05,5~6학년,과학,"차가운 컵에 맺힌 물방울, 습도와 이슬","차가운 컵에 맺힌 물방울, 습도와 이슬","얼음물이 담긴 컵을 식탁에 두면 컵 바깥쪽에 물방울이 송골송골 맺혀. 컵에 구멍이 난 것도 아닌데 이 물은 어디에서 왔을까? 정답은 공기 속이야. 공기 속에는 눈에 보이지 않는 수증기가 섞여 있거든.
공기 속에 수증기가 얼마나 많이 들어 있는지를 나타낸 것을 습도라고 해. 비가 오는 날에는 습도가 높아서 빨래가 잘 마르지 않고 끈적끈적한 느낌이 들어. 반대로 겨울에는 습도가 낮아 피부가 건조해지고 정전기가 잘 일어나.
수증기를 품은 공기가 차가워지면 수증기가 물방울로 변해. 이것을 응결이라고 해. 차가운 컵 둘레의 공기가 식으면서 수증기가 응결해 컵 표면에 물방울이 맺힌 거야. 겨울에 따뜻한 방의 창문 안쪽이 뿌옇게 흐려지는 것도 같은 까닭이야.
자연에서도 응결은 자주 일어나. 맑은 날 새벽에 풀잎에 맺히는 물방울이 이슬이야. 밤사이 땅과 풀잎이 차가워지면서 그 근처의 수증기가 응결한 거지. 땅 가까이의 공기 속 수증기가 응결해 작은 물방울로 떠 있으면 그것을 안개라고 해.
습도는 우리 생활과 건강에 큰 영향을 줘. 습도가 너무 높으면 곰팡이가 잘 생기고, 너무 낮으면 목이 아프기 쉬워. 그래서 사람들은 제습기나 가습기를 써서 알맞은 습도를 맞추기도 해.",제습기,공기 속의 물기를 빨아들여 없애는 기계,가습기,공기 속에 물기를 더해 주는 기계,습도와 응결,습도,공기 속 {{수증기}}의 많고 적음,,2,응결,수증기가 {{물방울}}로 변함,공기가 차가워질 때,3,이슬,새벽 풀잎에 맺히는 물방울,,4,생활,습도가 높으면 {{곰팡이}}가 잘 생김,,5,추운 날 밖에 있다가 따뜻한 교실에 들어왔더니 안경이 뿌옇게 흐려졌어. 글의 내용으로 볼 때 그 까닭은?,안경알이 녹아서,교실 공기 속 수증기가 차가운 안경에 닿아 응결해서,안경에 먼지가 쌓여서,교실의 습도가 0이어서,2,3,수증기를 품은 공기가 차가워지면 수증기가 물방울로 변하는 응결이 일어난다.,생활에서 응결 현상을 본 경험을 떠올려 어떤 일이 있었는지 써 보세요.
과학56-06,5~6학년,과학,"누가 더 빠를까, 속력","누가 더 빠를까, 속력","달리기 시합에서 누가 더 빠른지 알아보는 방법은 무엇일까? 가장 쉬운 방법은 같은 거리를 달리게 하고 걸린 시간을 재는 거야. 같은 거리를 더 짧은 시간에 달린 사람이 더 빠르지. 또 같은 시간 동안 더 먼 거리를 간 사람이 더 빠르다고 할 수도 있어.
그런데 달린 거리도 다르고 걸린 시간도 다르면 어떻게 비교할까? 이럴 때 쓰는 것이 속력이야. 속력은 물체가 일정한 시간 동안 이동한 거리를 말해. 속력은 이동한 거리를 걸린 시간으로 나누어 구해.
속력을 나타낼 때는 단위를 함께 써. 1초 동안 몇 미터를 갔는지 나타내는 미터 매 초, 1시간 동안 몇 킬로미터를 갔는지 나타내는 킬로미터 매 시가 자주 쓰여. 자동차 계기판에 나오는 숫자는 대개 시간마다 몇 킬로미터를 가는지 보여 주는 거야.
속력을 알면 안전을 지키는 데 도움이 돼. 속력이 빠른 자동차는 갑자기 멈추려 해도 한참을 더 나아가. 그래서 학교 앞 어린이 보호 구역에서는 자동차가 천천히 달리도록 정해 두었어. 과속 방지 턱도 자동차의 속력을 줄이려고 만든 시설이야.
우리도 길을 걸을 때 자동차의 속력을 생각해야 해. 멀리 있는 것처럼 보여도 빠른 자동차는 금세 가까이 와. 길을 건너기 전에는 좌우를 잘 살피고, 차가 완전히 멈춘 것을 확인한 뒤 건너자.",계기판,자동차의 빠르기나 연료 상태 등을 보여 주는 판,과속,정해진 빠르기보다 더 빨리 달림,속력,빠르기 비교,같은 거리를 더 {{짧은}} 시간에 가면 빠름,,1,속력,이동한 거리를 걸린 {{시간}}으로 나눔,,2,단위,"미터 매 초, 킬로미터 매 시",,3,안전,어린이 보호 구역에서는 {{천천히}} 달림,과속 방지 턱,4,"민지는 100미터를 20초에, 준호는 60미터를 10초에 달렸어. 글의 방법으로 속력을 비교하면 어떻게 될까?",민지가 더 빠르다,준호가 더 빠르다,두 사람의 속력이 같다,거리가 달라서 비교할 수 없다,2,2,"속력은 거리를 시간으로 나누어 구한다. 민지는 1초에 5미터, 준호는 1초에 6미터를 갔다.",학교 앞에서 자동차의 속력을 줄이기 위한 방법을 하나 생각해 그 까닭과 함께 써 보세요.
과학56-07,5~6학년,과학,우리 주변의 산과 염기,우리 주변의 산과 염기,"레몬을 먹으면 시큼한 맛이 나고, 비누를 만지면 미끌미끌한 느낌이 들어. 이 둘은 성질이 서로 반대인 용액이야. 레몬즙이나 식초처럼 신맛이 나는 용액은 산성이고, 비눗물이나 유리 세정제처럼 미끈거리는 용액은 염기성이야.
용액이 산성인지 염기성인지 알아볼 때는 지시약을 써. 지시약은 용액의 성질에 따라 색깔이 변하는 물질이야. 리트머스 종이를 쓰면 산성 용액에서는 푸른색 종이가 붉게 변하고, 염기성 용액에서는 붉은색 종이가 푸르게 변해.
집에서도 지시약을 만들 수 있어. 붉은 양배추를 잘게 썰어 뜨거운 물에 우리면 보라색 물이 나와. 여기에 식초를 넣으면 붉은 계열로, 비눗물을 넣으면 푸른색이나 노란색 계열로 변해. 그래서 이 물로 여러 용액의 성질을 비교할 수 있어.
산성 용액과 염기성 용액을 섞으면 서로의 성질이 약해져. 이것을 이용한 예가 생활에 많아. 생선 비린내는 염기성 물질 때문인데 레몬즙을 뿌리면 냄새가 줄어. 또 벌레에 물려 가려울 때 바르는 약에는 염기성 물질이 들어 있기도 해.
산과 염기는 위험할 수도 있어서 함부로 맛보거나 만지면 안 돼. 강한 산성이나 염기성 용액은 피부를 다치게 할 수 있거든. 실험할 때는 보안경과 장갑을 끼고 선생님의 안내를 꼭 따르자.",지시약,용액의 성질에 따라 색깔이 변하는 물질,세정제,더러운 것을 씻어 내는 데 쓰는 물질,산과 염기,산성,"레몬즙, {{식초}}처럼 신맛",,1,염기성,비눗물처럼 {{미끈거리는}} 용액,,1,지시약,"리트머스 종이, 붉은 {{양배추}} 물",성질에 따라 색이 변함,3,섞으면,서로의 성질이 약해짐,생선에 레몬즙,4,어떤 용액에 붉은색 리트머스 종이를 넣었더니 푸르게 변했어. 글의 내용으로 볼 때 이 용액은 무엇일 가능성이 가장 높을까?,식초,레몬즙,비눗물,오렌지 주스,3,2,"염기성 용액에서는 붉은색 리트머스 종이가 푸르게 변하고, 비눗물은 염기성이다.","붉은 양배추 지시약으로 알아보고 싶은 우리 집 용액 두 가지를 고르고, 어떤 색으로 변할지 예상해 써 보세요."
과학56-08,5~6학년,과학,낮과 밤은 왜 생길까,낮과 밤은 왜 생길까,"아침이면 해가 동쪽에서 떠오르고 저녁이면 서쪽으로 져. 그래서 옛날 사람들은 해가 지구 둘레를 돈다고 생각했어. 하지만 실제로 움직이는 것은 지구야. 지구가 스스로 돌기 때문에 해가 움직이는 것처럼 보이는 거지.
지구는 북극과 남극을 잇는 가상의 선을 축으로 하루에 한 바퀴씩 돌아. 이것을 지구의 자전이라고 해. 지구는 서쪽에서 동쪽으로 자전해. 그래서 지구에 있는 우리 눈에는 해와 달과 별이 동쪽에서 서쪽으로 움직이는 것처럼 보여.
지구는 공 모양이라서 태양 빛은 한 번에 지구의 절반만 비춰. 태양 빛을 받는 쪽은 낮이 되고, 받지 못하는 쪽은 밤이 돼. 지구가 자전하면서 우리가 사는 곳이 태양 빛을 받는 쪽과 받지 않는 쪽을 번갈아 지나가기 때문에 낮과 밤이 생기는 거야.
이것은 손전등과 지구본으로 쉽게 확인할 수 있어. 어두운 방에서 손전등을 지구본에 비추고 지구본을 천천히 돌려 봐. 우리나라 자리가 빛을 받는 쪽으로 오면 낮, 빛이 닿지 않는 쪽으로 가면 밤이 되는 것을 볼 수 있어.
같은 시각에도 나라마다 낮과 밤이 달라. 우리나라가 낮일 때 지구 반대편의 나라는 밤이야. 그래서 다른 나라에 사는 친척에게 전화할 때는 그곳의 시각을 먼저 생각해야 해.",가상,실제로 있지 않지만 있다고 생각함,지구본,지구를 작게 본떠 만든 둥근 모형,낮과 밤,보이는 모습,해가 동쪽에서 떠서 {{서쪽}}으로 짐,,1,자전,지구가 하루에 한 바퀴 스스로 돎,서쪽에서 동쪽으로,2,까닭,"태양 빛을 받는 쪽은 낮, 받지 못하는 쪽은 {{밤}}",,3,확인,{{손전등}}과 지구본으로 실험,,4,지구가 자전을 멈추고 한쪽 면만 계속 태양을 향한다고 상상해 보자. 글의 내용으로 볼 때 어떤 일이 생길까?,모든 곳이 하루에 두 번 낮이 된다,"한쪽은 계속 낮, 다른 쪽은 계속 밤이 된다",모든 곳이 계속 밤이 된다,해가 서쪽에서 떠오른다,2,3,지구가 자전하기 때문에 낮과 밤이 번갈아 생긴다. 자전하지 않으면 빛을 받는 쪽만 계속 낮이 된다.,지구가 자전하지 않는다면 우리 생활이 어떻게 달라질지 상상해 써 보세요.
과학56-09,5~6학년,과학,"불을 붙이는 산소, 불을 끄는 이산화탄소","불을 붙이는 산소, 불을 끄는 이산화탄소","우리가 숨 쉬는 공기는 여러 가지 기체가 섞여 있어. 그 가운데 생물이 살아가는 데 꼭 필요한 기체가 산소야. 또 우리가 내쉬는 숨에는 이산화탄소가 많이 들어 있어. 두 기체는 모두 색깔과 냄새가 없지만 성질은 아주 달라.
산소는 다른 물질이 타는 것을 도와. 산소가 든 병에 불씨만 남은 향을 넣으면 향이 다시 활활 타올라. 산소는 금속을 녹슬게 하는 성질도 있어. 병원에서는 숨쉬기 어려운 환자에게 산소를 넣어 주고, 잠수부는 산소통을 메고 물속에 들어가.
이산화탄소는 물질이 타는 것을 막아. 이산화탄소가 든 병에 불붙은 향을 넣으면 불이 꺼져. 그래서 이산화탄소를 이용한 소화기도 있어. 또 이산화탄소를 석회수에 통과시키면 투명하던 석회수가 뿌옇게 흐려지는데, 이것으로 이산화탄소가 있는지 알 수 있어.
이산화탄소는 생활 곳곳에서 쓰여. 탄산음료의 톡 쏘는 맛은 물에 녹은 이산화탄소 덕분이야. 드라이아이스는 이산화탄소를 아주 차갑게 해서 고체로 만든 것인데, 아이스크림을 차갑게 보관할 때 써. 식물은 광합성을 할 때 이산화탄소를 사용해.
두 기체는 자연 속에서 서로 이어져 있어. 동물과 사람은 산소를 들이마시고 이산화탄소를 내쉬고, 식물은 이산화탄소를 받아들여 산소를 내놓아. 이렇게 생물들은 기체를 주고받으며 함께 살아가.",석회수,이산화탄소를 만나면 뿌옇게 흐려지는 투명한 액체,드라이아이스,이산화탄소를 얼려 만든 하얀 고체,산소와 이산화탄소,산소,물질이 {{타는}} 것을 도움,금속을 녹슬게 함,2,이산화탄소,물질이 타는 것을 막음,석회수를 뿌옇게 함,3,쓰임,"탄산음료, 드라이아이스, {{소화기}}",,4,주고받기,식물은 이산화탄소를 받아 {{산소}}를 내놓음,,5,투명한 액체가 든 병에 어떤 기체를 넣었더니 액체가 뿌옇게 흐려졌어. 글의 내용으로 볼 때 이 기체는 무엇일 가능성이 가장 높을까?,산소,이산화탄소,수증기,아무 기체나 다 그렇다,2,3,이산화탄소를 석회수에 통과시키면 석회수가 뿌옇게 흐려진다.,산소나 이산화탄소가 쓰이는 물건을 하나 골라 어떤 성질을 이용했는지 써 보세요.
과학56-10,5~6학년,과학,"잎에서 만드는 양분, 광합성","잎에서 만드는 양분, 광합성","사람과 동물은 음식을 먹어서 살아가는 데 필요한 양분을 얻어. 그렇다면 먹이를 먹지 않는 식물은 양분을 어떻게 얻을까? 식물은 스스로 양분을 만들어. 식물이 빛을 이용해 양분을 만드는 과정을 광합성이라고 해.
광합성에는 세 가지 재료가 필요해. 하나는 햇빛이고, 또 하나는 뿌리에서 빨아올린 물이야. 마지막은 잎의 작은 구멍인 기공으로 들어온 이산화탄소야. 식물은 이 재료들로 녹말 같은 양분을 만들고, 그 과정에서 산소를 내보내.
광합성은 주로 잎에서 일어나. 잎이 초록색으로 보이는 것은 잎 속에 엽록체라는 초록색 알갱이가 많기 때문이야. 엽록체가 햇빛을 받아들여 광합성이 일어나도록 도와. 그래서 넓은 잎을 가진 식물은 햇빛을 더 많이 받을 수 있어.
잎에서 녹말이 만들어졌는지 확인하는 실험도 있어. 하루 동안 빛을 받은 잎과 은박지로 가려 빛을 받지 못한 잎을 준비해. 두 잎에 아이오딘 용액을 떨어뜨리면 빛을 받은 잎만 청람색으로 변해. 아이오딘 용액은 녹말을 만나면 색이 변하거든.
광합성은 식물만을 위한 일이 아니야. 동물은 식물을 먹어 양분을 얻고, 식물이 내보낸 산소로 숨을 쉬어. 결국 지구의 거의 모든 생물이 광합성 덕분에 살아가는 셈이야.",기공,잎의 뒷면에 많이 있는 작은 구멍,녹말,식물이 만들어 저장하는 양분의 한 가지,광합성,뜻,식물이 빛을 이용해 {{양분}}을 만듦,,1,재료,"햇빛, 물, {{이산화탄소}}",산소를 내보냄,2,일어나는 곳,잎 속의 초록색 엽록체,,3,확인 실험,빛을 받은 잎만 {{청람색}}으로 변함,아이오딘 용액,4,화분 하나를 빛이 전혀 들지 않는 상자 속에 오래 두었어. 글의 내용으로 볼 때 이 식물에 생길 일로 가장 알맞은 것은?,광합성을 더 많이 한다,빛이 없어 양분을 잘 만들지 못한다,물이 없어도 잘 자란다,산소를 더 많이 내보낸다,2,2,광합성에는 햇빛이 꼭 필요하므로 빛이 없으면 양분을 만들기 어렵다.,광합성이 사라진다면 지구의 생물들에게 어떤 일이 생길지 써 보세요.
과학56-11,5~6학년,과학,빛을 모으는 볼록렌즈,빛을 모으는 볼록렌즈,"돋보기로 작은 글씨를 보면 글씨가 크게 보여. 돋보기의 유리는 가운데가 가장자리보다 두꺼운데, 이런 렌즈를 볼록렌즈라고 해. 반대로 가운데가 가장자리보다 얇은 렌즈는 오목렌즈라고 불러.
빛은 공기에서 유리로 들어갈 때 나아가는 방향이 꺾여. 이것을 빛의 굴절이라고 해. 볼록렌즈를 통과한 빛은 굴절되어 렌즈의 두꺼운 가운데 쪽으로 모여. 그래서 볼록렌즈로 햇빛을 모으면 한 점이 아주 밝고 뜨거워져.
볼록렌즈로 물체를 보면 크기와 모습이 달라져. 물체를 렌즈 가까이에 두면 실제보다 크게 보이고, 멀리 두면 작고 거꾸로 보이기도 해. 볼록렌즈로 만든 상은 렌즈와 물체 사이의 거리에 따라 다르게 나타나.
볼록렌즈는 생활 곳곳에 쓰여. 돋보기, 현미경, 망원경, 사진기에 볼록렌즈가 들어 있어. 가까운 것이 잘 안 보이는 사람이 쓰는 안경에도 볼록렌즈를 써. 우리 눈 속의 수정체도 볼록렌즈와 같은 모양이라서 빛을 모아 물체를 볼 수 있게 해 줘.
볼록렌즈는 빛을 모아 열을 내기 때문에 조심해야 해. 햇빛이 드는 곳에 돋보기를 두면 빛이 모인 곳에 불이 날 수도 있어. 또 볼록렌즈로 해를 직접 보면 눈을 크게 다칠 수 있으니 절대 하면 안 돼.",상,렌즈나 거울을 통해 보이는 물체의 모습,수정체,눈 속에서 빛을 모으는 투명한 부분,볼록렌즈,모양,가운데가 가장자리보다 {{두꺼운}} 렌즈,,1,굴절,빛이 꺾여 한 점으로 {{모여}},,2,보이는 모습,가까이 두면 크게 보임,멀리 두면 거꾸로 보이기도,3,쓰임,"돋보기, {{현미경}}, 망원경, 사진기",,4,볼록렌즈가 들어 있는 돋보기를 햇빛이 드는 창가의 종이 위에 그대로 두었어. 글의 내용으로 볼 때 가장 걱정되는 일은?,돋보기가 오목렌즈로 바뀐다,빛이 모인 곳의 종이에 불이 날 수 있다,햇빛이 흩어져 방이 어두워진다,종이의 글씨가 사라진다,2,5,볼록렌즈는 빛을 모아 열을 내기 때문에 빛이 모인 곳에 불이 날 수 있다.,볼록렌즈를 이용한 새로운 물건을 발명한다면 무엇을 만들고 싶은지 써 보세요.
과학56-12,5~6학년,과학,"전구를 잇는 두 가지 방법, 직렬과 병렬","전구를 잇는 두 가지 방법, 직렬과 병렬","전구에 불이 켜지려면 전지, 전선, 전구가 끊어진 곳 없이 하나로 이어져야 해. 전기가 흐르는 길을 전기 회로라고 해. 스위치는 이 길을 끊거나 잇는 역할을 하지. 스위치를 닫으면 전기가 흘러 전구에 불이 켜져.
전구 두 개를 연결하는 방법은 크게 두 가지야. 첫째는 전구를 한 줄로 길게 잇는 직렬연결이야. 직렬연결에서는 전기가 지나가는 길이 하나뿐이야. 그래서 전구 하나를 빼면 길이 끊어져 나머지 전구도 꺼져.
둘째는 전구를 여러 갈래의 길에 나누어 잇는 병렬연결이야. 병렬연결에서는 전기가 지나가는 길이 여러 개야. 그래서 전구 하나를 빼도 다른 길로 전기가 흘러 나머지 전구는 계속 켜져 있어. 또 같은 전지를 쓸 때 병렬연결한 전구가 직렬연결한 전구보다 더 밝아.
우리 집의 전기 기구는 대부분 병렬로 연결되어 있어. 그래서 거실 전등을 꺼도 냉장고와 텔레비전은 계속 작동하지. 만약 집 안 전기 기구가 모두 직렬로 연결되어 있다면, 하나만 꺼도 집 안 전체가 멈춰 버릴 거야.
전기는 편리하지만 위험할 수도 있어. 젖은 손으로 콘센트를 만지면 감전될 수 있고, 한 콘센트에 많은 전기 기구를 꽂으면 불이 날 수 있어. 전기를 안전하게 쓰는 습관을 꼭 기르자.",콘센트,전기 기구의 플러그를 꽂는 곳,감전,몸에 전기가 통해 다치는 일,전기 회로,회로,전기가 흐르는 길을 {{스위치}}로 끊거나 이음,,1,직렬연결,전구를 {{한 줄}}로 이음,하나를 빼면 모두 꺼짐,2,병렬연결,여러 갈래 길에 나누어 이음,하나를 빼도 나머지는 켜짐,3,우리 집,전기 기구는 대부분 {{병렬}}로 연결,하나를 꺼도 다른 것은 작동,4,크리스마스 장식 전구 하나가 고장 났는데 나머지 전구들은 모두 켜져 있었어. 글의 내용으로 볼 때 이 장식 전구는 어떻게 연결되었을까?,직렬연결,병렬연결,전지 없이 연결,스위치 없이 연결,2,3,병렬연결에서는 전구 하나를 빼도 다른 길로 전기가 흘러 나머지 전구가 켜져 있다.,집 안 전기 기구가 모두 직렬로 연결되어 있다면 어떤 불편이 생길지 써 보세요.
과학56-13,5~6학년,과학,여름은 덥고 겨울은 추운 까닭,여름은 덥고 겨울은 추운 까닭,"여름에는 햇볕이 따갑고 겨울에는 바람이 차가워. 계절마다 기온이 달라지는 까닭은 무엇일까? 그 비밀은 태양이 하늘에 얼마나 높이 떠 있느냐에 있어. 태양이 땅과 이루는 각을 태양의 남중 고도라고 하는데, 하루 중 태양이 가장 높이 떴을 때의 높이를 말해.
우리나라에서 태양의 남중 고도는 여름에 높고 겨울에 낮아. 여름 한낮에는 태양이 거의 머리 위에서 비추지만, 겨울 한낮에는 태양이 낮게 비춰. 그래서 겨울에는 한낮에도 그림자가 길게 생기고, 여름에는 그림자가 짧아.
태양의 남중 고도가 높으면 같은 넓이의 땅이 받는 태양 에너지가 많아져. 손전등을 바닥에 똑바로 비추면 좁은 곳이 밝게 비치지만, 비스듬히 비추면 넓은 곳이 흐리게 비치는 것과 같아. 또 여름에는 낮의 길이가 길어서 태양 빛을 받는 시간도 길지.
그렇다면 계절에 따라 태양의 남중 고도는 왜 달라질까? 지구의 자전축이 기울어진 채로 태양 둘레를 돌기 때문이야. 지구가 태양 둘레를 도는 동안 우리나라 쪽이 태양을 향해 기울어지면 여름이 되고, 반대쪽으로 기울어지면 겨울이 돼.
이 원리를 생활에 이용하기도 해. 집을 남쪽으로 향하게 짓고 처마를 알맞게 내면, 여름에는 높은 햇빛을 처마가 가려 주고 겨울에는 낮은 햇빛이 방 안 깊숙이 들어와. 옛사람들의 지혜가 담긴 방법이지.",자전축,지구가 스스로 돌 때 중심이 되는 가상의 선,처마,지붕이 벽 밖으로 내민 부분,계절의 변화,남중 고도,하루 중 태양이 가장 {{높이}} 떴을 때의 높이,,1,계절별 차이,여름에 높고 겨울에 낮아 겨울에는 {{그림자}}가 긺,,2,기온이 다른 까닭,남중 고도가 높으면 받는 태양 {{에너지}}가 많음,여름은 낮도 긺,3,원인,자전축이 기울어진 채 태양 둘레를 돎,,4,어느 날 학교 운동장에서 한낮에 잰 막대 그림자가 일 년 중 가장 짧았어. 글의 내용으로 볼 때 이날은 어느 계절일 가능성이 가장 높을까?,여름,겨울,계절과 상관없다,밤,1,2,여름에는 태양의 남중 고도가 높아 그림자가 짧다.,지구의 자전축이 기울어져 있지 않다면 계절이 어떻게 될지 상상해 써 보세요.
과학56-14,5~6학년,과학,불이 타는 조건과 끄는 방법,불이 타는 조건과 끄는 방법,"캠핑장에서 모닥불을 피울 때 장작을 쌓고 성냥으로 불을 붙여. 물질이 산소와 만나 빛과 열을 내며 타는 현상을 연소라고 해. 연소가 일어나려면 세 가지 조건이 모두 갖추어져야 해. 탈 물질, 산소, 그리고 발화점 이상의 온도야.
탈 물질은 나무, 종이, 기름처럼 불에 탈 수 있는 것을 말해. 산소는 공기 속에 들어 있어. 발화점은 물질이 불에 닿지 않아도 스스로 타기 시작하는 가장 낮은 온도야. 성냥 머리를 마찰시키면 온도가 올라가 발화점에 이르러 불이 붙어.
물질이 연소하면 다른 물질이 생겨. 초가 탈 때 초 위에 차가운 유리컵을 대면 안쪽에 물방울이 맺혀. 연소 뒤 컵에 석회수를 넣고 흔들면 석회수가 뿌옇게 흐려지지. 초가 타면서 물과 이산화탄소가 생긴 거야.
불을 끄는 것을 소화라고 해. 소화는 연소의 세 가지 조건 가운데 하나 이상을 없애는 거야. 촛불을 입으로 불어 끄는 것은 탈 물질을 날려 보내는 거고, 모래를 덮는 것은 산소를 막는 거야. 물을 뿌리는 것은 온도를 발화점 아래로 낮추는 방법이지.
하지만 모든 불을 물로 끄면 안 돼. 기름에 붙은 불에 물을 부으면 불이 더 크게 번질 수 있어. 이럴 때는 뚜껑을 덮어 산소를 막아야 해. 불의 종류에 맞는 소화 방법을 미리 알아 두자.",발화점,물질이 불에 닿지 않아도 스스로 타기 시작하는 온도,마찰,두 물체가 맞닿아 서로 문질러짐,연소와 소화,연소의 조건,"탈 물질, {{산소}}, 발화점 이상의 온도",,1,연소 뒤,물과 이산화탄소가 생김,석회수가 뿌옇게,3,소화,조건 가운데 하나 이상을 {{없애는}} 것,,4,기름 불,물 대신 {{뚜껑}}을 덮어 산소를 막음,,5,알코올램프의 불을 끌 때 뚜껑을 덮는 까닭을 글의 내용으로 가장 알맞게 설명한 것은?,탈 물질을 늘리려고,산소가 들어가지 못하게 막으려고,온도를 발화점 위로 높이려고,이산화탄소를 없애려고,2,4,뚜껑을 덮으면 산소가 공급되지 않아 연소가 멈춘다.,우리 집에서 불이 나지 않도록 하기 위해 지킬 수 있는 일을 연소의 조건과 연결해 써 보세요.
과학56-15,5~6학년,과학,"음식이 몸속을 여행하는 길, 소화와 순환","음식이 몸속을 여행하는 길, 소화와 순환","우리가 먹은 음식은 몸속에서 아주 긴 여행을 해. 음식이 잘게 쪼개져 몸에 흡수되기 쉬운 상태로 바뀌는 과정을 소화라고 해. 소화를 돕는 기관을 소화 기관이라고 하는데, 입, 식도, 위, 작은창자, 큰창자, 항문이 차례로 이어져 있어.
음식은 먼저 입에서 이에 의해 잘게 부서지고 침과 섞여. 그다음 식도를 지나 위로 내려가. 위에서는 위액이 나와 음식을 더 잘게 녹여. 작은창자에서는 음식물이 더욱 잘게 분해되고, 양분이 흡수돼. 큰창자에서는 남은 물이 흡수되고, 찌꺼기는 항문을 통해 몸 밖으로 나가.
작은창자에서 흡수된 양분은 혈액을 타고 온몸으로 전달돼. 혈액을 온몸으로 보내는 기관이 심장이야. 심장은 주먹만 한 크기로 쉬지 않고 펌프처럼 오므라들었다 부풀었다 하면서 혈액을 내보내. 혈액이 이동하는 길을 혈관이라고 해.
혈액이 심장에서 나와 온몸을 돌고 다시 심장으로 돌아오는 것을 순환이라고 해. 혈액은 온몸을 돌면서 양분과 산소를 세포에 전해 주고, 몸에서 생긴 필요 없는 물질을 받아 와. 심장, 혈관처럼 순환을 맡은 기관을 순환 기관이라고 하지.
소화 기관과 순환 기관은 서로 도우며 일해. 소화 기관이 양분을 얻으면 순환 기관이 그것을 온몸에 나눠 줘. 음식을 꼭꼭 씹어 먹고 꾸준히 운동하면 두 기관을 건강하게 지킬 수 있어.",위액,위에서 나와 음식물을 잘게 녹이는 액체,펌프,액체를 밀어 올리거나 보내는 기계,소화와 순환,소화,음식이 잘게 쪼개져 흡수되기 쉽게 바뀜,"입, 식도, 위, 작은창자, 큰창자",1,양분 흡수,{{작은창자}}에서 흡수됨,큰창자는 물을 흡수,2,심장,펌프처럼 {{혈액}}을 내보냄,,3,순환,양분과 {{산소}}를 온몸에 전함,,4,"어떤 사람의 작은창자가 제대로 일하지 못한다면, 글의 내용으로 볼 때 가장 먼저 생길 문제는 무엇일까?",혈액이 만들어지지 않는다,음식의 양분이 잘 흡수되지 않는다,숨을 쉴 수 없다,이가 부서진다,2,2,작은창자에서 음식물이 분해되고 양분이 흡수된다.,소화 기관과 순환 기관을 건강하게 지키기 위해 내가 실천할 수 있는 일을 써 보세요.
과학심화-01,심화,과학,"멈추려는 성질, 움직이려는 성질, 관성","멈추려는 성질, 움직이려는 성질, 관성","버스가 갑자기 출발하면 서 있던 사람들의 몸이 뒤로 쏠려. 반대로 달리던 버스가 갑자기 멈추면 몸이 앞으로 쏠리지. 버스는 움직였는데 왜 우리 몸은 따라가지 않은 걸까? 그 까닭은 모든 물체가 가진 관성이라는 성질 때문이야. 관성은 물체가 원래의 운동 상태를 그대로 유지하려는 성질을 말해.
관성에는 두 가지 모습이 있어. 멈춰 있는 물체는 계속 멈춰 있으려 하고, 움직이는 물체는 같은 빠르기와 방향으로 계속 움직이려 해. 버스가 출발할 때 몸이 뒤로 쏠리는 것은 멈춰 있던 몸이 계속 멈춰 있으려 하기 때문이야. 버스가 멈출 때 앞으로 쏠리는 것은 움직이던 몸이 계속 움직이려 하기 때문이지. 결국 두 경우 모두 같은 성질이 다르게 나타난 거야.
관성의 크기는 물체의 질량과 관계가 있어. 질량이 큰 물체일수록 관성이 커서 운동 상태를 바꾸기가 어려워. 빈 수레는 쉽게 밀리지만 짐을 가득 실은 수레는 처음 밀기도 어렵고 멈추기도 어려워. 무거운 트럭이 승용차보다 멈추는 데 더 긴 거리가 필요한 것도 이 때문이야. 그래서 큰 차일수록 앞차와의 거리를 더 넉넉히 두어야 해.
우리는 생활 속에서 관성을 이용하기도 해. 망치 자루를 바닥에 탁탁 내리치면 헐거워진 망치 머리가 자루에 단단히 박혀. 자루는 바닥에 부딪혀 멈추지만 머리는 계속 아래로 움직이려 하기 때문이야. 옷에 묻은 먼지를 털 때도 옷은 움직이고 먼지는 그 자리에 있으려 해서 떨어져 나가. 이불을 두드려 먼지를 터는 것도 같은 원리야.
관성 때문에 생기는 사고를 막는 장치도 있어. 자동차의 안전띠는 차가 갑자기 멈출 때 앞으로 튀어 나가려는 몸을 붙잡아 줘. 머리 받침은 뒤에서 차가 부딪쳤을 때 머리가 뒤로 꺾이지 않게 막아 줘. 그래서 차를 탈 때는 짧은 거리라도 반드시 안전띠를 매야 해. 관성을 이해하면 안전 수칙이 왜 필요한지도 알 수 있어.",질량,물체가 가진 물질의 양,헐거워진,꽉 끼어 있지 않고 느슨해진,관성,뜻,원래의 운동 상태를 그대로 {{유지}}하려는 성질,,1,두 모습,멈춘 물체는 계속 멈추고 움직이는 물체는 계속 움직임,,2,크기,질량이 클수록 관성이 커서 {{멈추기}}도 어려움,,3,안전 장치,안전띠와 머리 {{받침}},,5,식탁보 위에 컵을 올려 두고 식탁보를 아주 빠르게 잡아당겼더니 컵은 거의 그 자리에 남았어. 글의 내용으로 이 현상을 가장 잘 설명한 것은?,컵이 계속 멈춰 있으려 하는 관성 때문이다,컵의 질량이 없기 때문이다,식탁보가 컵을 밀어냈기 때문이다,공기가 컵을 붙잡았기 때문이다,1,2,멈춰 있는 물체는 계속 멈춰 있으려 하는 관성이 있다.,생활에서 관성 때문에 일어난 일을 하나 떠올려 어떤 관성이 작용했는지 설명해 보세요.
과학심화-02,심화,과학,"미끄러지지 않게 붙잡는 힘, 마찰력","미끄러지지 않게 붙잡는 힘, 마찰력","얼음판 위에서는 걷기가 무척 어려워. 발을 내디뎌도 쭉 미끄러지기 때문이야. 그런데 운동장 흙길에서는 미끄러지지 않고 잘 걸을 수 있지. 이 차이를 만드는 것이 마찰력이야. 마찰력은 두 물체가 맞닿은 면에서 물체의 움직임을 방해하는 힘을 말해.
마찰력은 맞닿은 면의 상태에 따라 크기가 달라져. 거칠거칠한 면일수록 마찰력이 크고, 매끄러운 면일수록 마찰력이 작아. 또 물체가 무거워 면을 세게 누를수록 마찰력이 커져. 그래서 빈 상자보다 책이 가득 든 상자를 밀기가 더 힘들어. 마찰력은 물체가 움직이는 방향과 반대 방향으로 작용해.
마찰력이 없다면 우리 생활은 어떻게 될까? 걸을 때 발이 땅을 밀 수 없어서 앞으로 나아가지 못할 거야. 연필로 글씨를 쓸 수도 없고, 손으로 컵을 잡을 수도 없어. 자동차 바퀴는 헛돌기만 하고, 브레이크를 밟아도 멈추지 않을 거야. 마찰력은 귀찮은 힘처럼 보이지만 사실 우리 생활을 받쳐 주는 고마운 힘이야.
그래서 사람들은 필요할 때 마찰력을 크게 만들어. 운동화 바닥과 자동차 타이어에는 울퉁불퉁한 무늬를 새겨. 눈 오는 날에는 길에 모래를 뿌리거나 타이어에 체인을 감아. 계단 끝에 미끄럼 방지 띠를 붙이는 것도 마찰력을 키우는 방법이야. 장갑의 손바닥 쪽에 고무를 덧대는 것도 같은 까닭이지.
반대로 마찰력을 줄여야 할 때도 있어. 자전거 체인에 기름을 칠하면 바퀴가 부드럽게 돌아. 무거운 물건 밑에 바퀴를 달면 마찰력이 줄어 쉽게 옮길 수 있어. 스케이트 날은 얼음과 닿는 면이 매끄러워 잘 미끄러져. 이렇게 사람들은 상황에 맞게 마찰력을 크게도 작게도 조절하며 살아가.",브레이크,바퀴의 회전을 멈추거나 느리게 하는 장치,체인,쇠고리를 여러 개 이어 만든 줄,마찰력,뜻,맞닿은 면에서 움직임을 {{방해}}하는 힘,,1,크기,"거친 면일수록, 무거울수록 커짐",움직임과 반대 방향,2,키우기,"타이어 무늬, 모래 뿌리기, 미끄럼 {{방지}} 띠",,4,줄이기,체인에 {{기름}}을 칠하고 바퀴를 담,,5,"비 오는 날 미끄러운 경사로를 휠체어가 안전하게 오르도록 하려면, 글의 내용으로 볼 때 어떤 방법이 가장 알맞을까?",경사로에 기름을 칠한다,경사로 표면을 더 매끄럽게 닦는다,경사로에 거칠거칠한 미끄럼 방지 판을 붙인다,휠체어 바퀴의 무늬를 모두 없앤다,3,4,거친 면일수록 마찰력이 커지므로 미끄럼 방지 판을 붙이면 미끄러지지 않는다.,마찰력이 하루 동안 사라진다면 어떤 일이 벌어질지 상상해 세 가지 장면을 써 보세요.
과학심화-03,심화,과학,"작은 힘으로 무거운 것을, 지레","작은 힘으로 무거운 것을, 지레","놀이터의 시소에서 몸무게가 가벼운 동생이 무거운 형을 들어 올리는 장면을 본 적 있니? 동생이 시소 끝에 멀리 앉고 형이 가운데 가까이 앉으면 가능해. 이처럼 막대와 받침점을 이용해 작은 힘으로 무거운 물체를 움직이는 도구를 지레라고 해. 지레는 사람이 아주 오래전부터 써 온 도구야. 무거운 돌을 옮기거나 들어 올릴 때 큰 도움이 되었지.
지레에는 세 개의 중요한 점이 있어. 막대를 받쳐 주는 받침점, 사람이 힘을 주는 힘점, 그리고 물체에 힘이 작용하는 작용점이야. 받침점에서 힘점까지의 거리가 받침점에서 작용점까지의 거리보다 길수록 작은 힘으로 물체를 들 수 있어. 그래서 긴 막대일수록 더 쉽게 무거운 돌을 들어 올릴 수 있지. 하지만 그만큼 힘점은 더 먼 거리를 움직여야 해.
지레는 세 점이 놓인 순서에 따라 나눌 수 있어. 받침점이 가운데 있는 것이 가위와 장도리야. 작용점이 가운데 있는 것은 병따개와 손수레야. 힘점이 가운데 있는 것은 핀셋과 집게처럼 힘보다는 섬세한 움직임이 필요한 도구야. 모양은 다르지만 모두 지레의 원리를 이용하고 있어.
지레는 힘을 줄여 주는 대신 대가가 있어. 작은 힘으로 무거운 물체를 들려면 힘점을 더 길게 움직여야 해. 결국 들인 힘과 움직인 거리를 곱한 일의 양은 지레가 있어도 줄지 않아. 지레는 힘의 크기를 바꿔 줄 뿐 일 자체를 없애 주지는 않는 거야. 과학자들은 이것을 일의 원리라고 불러.
우리 몸에도 지레가 숨어 있어. 팔을 굽혀 물건을 들 때 팔꿈치는 받침점, 근육이 붙은 곳은 힘점, 손은 작용점 역할을 해. 발꿈치를 들 때도 발이 지레처럼 움직여. 주변의 도구와 우리 몸을 살펴보면 지레가 얼마나 많이 쓰이는지 알게 될 거야. 오래된 원리가 지금도 우리 곁에서 일하고 있는 셈이야.",장도리,못을 박거나 뽑는 데 쓰는 망치의 한 가지,섬세한,아주 작은 부분까지 꼼꼼하고 세밀한,지레,세 점,"받침점, {{힘점}}, 작용점",,2,힘을 줄이려면,받침점에서 힘점까지를 {{길게}},,2,종류,"가위, 병따개, {{핀셋}}",세 점의 순서로 나눔,3,대가,힘은 줄지만 움직일 거리가 늘어남,일의 원리,4,무거운 바위를 막대로 들어 올리려는데 힘이 모자라. 글의 내용으로 볼 때 가장 알맞은 방법은?,받침점을 힘점 쪽으로 옮긴다,받침점을 바위 쪽으로 옮겨 힘점까지의 거리를 늘린다,막대를 더 짧게 자른다,바위 위에 돌을 더 올린다,2,2,받침점에서 힘점까지의 거리가 작용점까지의 거리보다 길수록 작은 힘으로 들 수 있다.,"우리 집이나 교실에서 지레의 원리를 이용한 도구를 찾아 받침점, 힘점, 작용점이 어디인지 설명해 보세요."
과학심화-04,심화,과학,"쇠로 만든 배가 뜨는 비밀, 부력","쇠로 만든 배가 뜨는 비밀, 부력","쇠못 하나는 물에 넣자마자 가라앉아. 그런데 쇠로 만든 거대한 배는 어떻게 물 위에 뜰 수 있을까? 그 비밀은 부력이라는 힘에 있어. 부력은 물이나 공기 속에 있는 물체를 위로 밀어 올리는 힘이야. 물속에서 몸이 가볍게 느껴지는 것도 부력 때문이지.
부력의 크기는 물체가 밀어낸 물의 양과 관계가 있어. 물체가 물에 잠기면 잠긴 부피만큼 물을 밀어내고, 그 밀어낸 물의 무게만큼 부력을 받아. 이 원리는 옛날 그리스의 과학자 아르키메데스가 목욕을 하다가 알아냈다고 전해져. 욕조에 몸을 담그자 물이 넘치는 것을 보고 깨달았다는 이야기야. 그래서 이 원리를 아르키메데스의 원리라고 불러.
물체가 뜨는지 가라앉는지는 무게와 부력을 비교하면 알 수 있어. 물체의 무게보다 부력이 크면 물체는 떠오르고, 무게가 부력보다 크면 가라앉아. 쇠못은 부피가 작아 밀어내는 물이 적으니 부력도 작아서 가라앉아. 하지만 배는 속이 비어 있는 큰 모양이라 아주 많은 물을 밀어내. 그래서 무게만큼의 부력을 받아 물 위에 뜰 수 있어.
같은 물체라도 어떤 액체에 넣느냐에 따라 뜨는 정도가 달라. 달걀을 맹물에 넣으면 가라앉지만 소금을 많이 녹인 물에 넣으면 떠올라. 소금물은 같은 부피의 맹물보다 무거워서 더 큰 부력을 주기 때문이야. 염분이 아주 높은 바다에서는 사람이 누워서 책을 읽을 수 있을 만큼 몸이 잘 떠. 이것도 같은 원리로 설명할 수 있어.
부력은 생활 곳곳에서 쓰여. 구명조끼는 공기를 품어 부피를 늘려 우리 몸이 물에 뜨게 도와. 잠수함은 몸속 탱크에 물을 넣었다 빼면서 무게를 바꿔 가라앉거나 떠올라. 하늘을 나는 열기구도 공기의 부력을 이용해. 부력을 알면 물과 하늘을 누비는 여러 탈것의 원리를 이해할 수 있어.",부피,물체가 공간에서 차지하는 크기,염분,바닷물 따위에 녹아 있는 소금의 양,부력,뜻,물체를 {{위로}} 밀어 올리는 힘,,1,크기,밀어낸 물의 {{무게}}만큼 받음,아르키메데스의 원리,2,뜨는 조건,무게보다 부력이 크면 떠오름,배는 속이 비어 많은 물을 밀어냄,3,액체에 따라,{{소금물}}에서는 달걀이 떠오름,,4,"똑같은 찰흙 덩어리를 공 모양으로 뭉치면 가라앉았는데, 넓고 오목한 그릇 모양으로 펴니 물에 떴어. 글의 내용으로 가장 알맞은 설명은?",그릇 모양이 되면서 찰흙의 무게가 사라졌다,그릇 모양이 더 많은 물을 밀어내 부력이 커졌다,공 모양일 때 부력이 더 컸다,물의 양이 줄어들었다,2,3,속이 빈 넓은 모양은 더 많은 물을 밀어내 무게만큼의 부력을 받을 수 있다.,부력을 이용해 물 위에서 쓸 수 있는 새로운 물건을 설계한다면 어떤 모양으로 만들지 설명해 보세요.
과학심화-05,심화,과학,"떨어지는 것을 늦추는 힘, 공기 저항","떨어지는 것을 늦추는 힘, 공기 저항","종이 한 장과 같은 종이를 꼭꼭 뭉친 공을 같은 높이에서 동시에 떨어뜨려 보자. 두 종이의 무게는 같은데 뭉친 공이 훨씬 빨리 떨어져. 펼친 종이는 팔랑팔랑 흔들리며 천천히 내려오지. 이 차이를 만드는 것이 공기 저항이야. 공기 저항은 공기 속에서 움직이는 물체의 운동을 방해하는 힘을 말해.
공기 저항의 크기는 여러 가지에 따라 달라져. 공기와 부딪치는 면이 넓을수록 공기 저항이 커져. 또 물체가 빠르게 움직일수록 공기 저항도 커지지. 달리는 자전거에서 손을 펴서 내밀면 손바닥에 바람이 세게 느껴지는 것도 이 때문이야. 펼친 종이가 천천히 떨어진 것은 공기와 닿는 면이 넓었기 때문이야.
만약 공기가 없다면 어떻게 될까? 공기가 없는 곳에서는 깃털과 쇠공을 동시에 떨어뜨려도 둘이 똑같이 떨어져. 실제로 공기가 거의 없는 달에서 우주 비행사가 망치와 깃털을 함께 떨어뜨렸더니 두 물체가 동시에 땅에 닿았어. 지구에서 깃털이 천천히 떨어지는 것은 무게가 가벼워서라기보다 공기 저항 때문인 거야. 이 실험은 공기 저항의 존재를 잘 보여 줘.
사람들은 공기 저항을 이용하기도 해. 낙하산은 크게 펼쳐져 공기와 닿는 면을 넓혀 떨어지는 빠르기를 크게 줄여 줘. 그래서 높은 곳에서 뛰어내려도 안전하게 땅에 내릴 수 있어. 민들레 씨앗의 솜털도 공기 저항을 받아 바람을 타고 멀리 날아가. 자연과 사람 모두 공기 저항을 쓸모 있게 이용하는 거야.
반대로 공기 저항을 줄여야 할 때도 있어. 고속 열차와 비행기의 앞부분은 뾰족하고 매끄럽게 만들어 공기를 잘 가르게 해. 자전거 선수가 몸을 낮게 숙이는 것도 공기와 부딪치는 면을 줄이기 위해서야. 공기 저항을 줄이면 더 빠르게 달릴 수 있고 연료도 아낄 수 있어. 이렇게 공기 저항을 늘리고 줄이는 기술이 우리 생활을 바꾸고 있어.",낙하산,높은 곳에서 천천히 내려오도록 펼치는 큰 천 장치,연료,태워서 열이나 힘을 얻는 물질,공기 저항,뜻,공기 속에서 움직이는 물체를 {{방해}}하는 힘,,1,크기,"닿는 면이 {{넓을수록}}, 빠를수록 커짐",,2,공기가 없다면,깃털과 망치가 동시에 떨어짐,달에서의 실험,3,줄이기,앞부분을 {{뾰족하고}} 매끄럽게,"고속 열차, 비행기",5,같은 무게의 비닐봉지 두 개 가운데 하나는 넓게 펴고 하나는 작게 접어 떨어뜨렸어. 글의 내용으로 볼 때 어떤 결과가 나올까?,넓게 편 봉지가 더 빨리 떨어진다,작게 접은 봉지가 더 빨리 떨어진다,두 봉지가 반드시 동시에 떨어진다,두 봉지 모두 떨어지지 않는다,2,2,공기와 닿는 면이 넓을수록 공기 저항이 커져 천천히 떨어진다.,공기 저항을 이용하거나 줄이는 물건을 하나씩 찾아 각각 어떻게 작동하는지 설명해 보세요.
과학심화-06,심화,과학,"켰다 껐다 하는 자석, 전자석","켰다 껐다 하는 자석, 전자석","고물상에서 커다란 기계가 자동차를 번쩍 들어 옮기는 모습을 본 적 있니? 그 기계의 끝에는 아주 센 자석이 달려 있어. 그런데 그 자석은 옮긴 뒤 자동차를 내려놓을 수 있어. 보통 자석은 늘 철을 끌어당기는데 어떻게 내려놓는 걸까? 그 기계의 자석은 전기로 만든 전자석이기 때문이야.
전자석은 쇠못 같은 철심에 전선을 여러 번 감고 전기를 흘려 만든 자석이야. 전선에 전기가 흐르면 그 둘레에 자석의 성질이 생겨. 철심은 이 성질을 더 세게 만들어 주는 역할을 해. 전기를 끊으면 자석의 성질도 사라져. 그래서 전자석은 필요할 때만 자석으로 쓸 수 있어.
전자석은 영구 자석과 다른 점이 많아. 첫째, 전기가 흐를 때만 자석이 돼. 둘째, 전선을 많이 감거나 전지를 여러 개 연결해 전기를 세게 흘리면 자석의 세기가 강해져. 셋째, 전기가 흐르는 방향을 바꾸면 N극과 S극의 위치도 바뀌어. 이런 성질 덕분에 전자석은 쓰임새가 아주 넓어.
우리 주변에는 전자석을 이용한 물건이 많아. 선풍기와 세탁기를 돌리는 전동기 속에는 전자석이 들어 있어. 스피커는 전자석이 떨리면서 소리를 만들어. 아파트 현관의 자동문 잠금장치나 병원의 자기 공명 영상 장치도 전자석을 이용해. 자기 부상 열차는 전자석의 힘으로 선로 위에 떠서 달리기도 해.
전자석을 처음 발견한 것은 전기가 흐르는 전선 옆에서 나침반 바늘이 움직이는 것을 본 과학자였어. 전기와 자석이 서로 관계가 있다는 이 발견은 과학의 역사를 크게 바꾸었어. 이 발견을 바탕으로 발전기와 전동기가 만들어졌거든. 오늘날 우리가 쓰는 전기 기구 대부분이 이 발견에서 시작된 셈이야. 작은 관찰 하나가 세상을 바꾼 좋은 예라고 할 수 있어.",철심,전선을 감는 데 쓰는 쇠막대,전동기,"전기의 힘으로 회전하는 장치, 모터",전자석,만드는 법,철심에 전선을 감고 {{전기}}를 흘림,,2,특징,전기를 끊으면 자석의 성질이 {{사라져}},,2,세기와 극,"전선을 많이 감으면 강해지고, 방향을 바꾸면 극이 바뀜",,3,쓰임,"전동기, {{스피커}}, 자기 부상 열차",,4,전자석으로 쇠 클립을 들어 올리는데 더 많은 클립을 한꺼번에 들고 싶어. 글의 내용으로 볼 때 가장 알맞은 방법은?,전선을 감은 횟수를 늘린다,전지를 빼낸다,철심을 나무 막대로 바꾼다,전기가 흐르는 방향을 바꾼다,1,3,전선을 많이 감거나 전기를 세게 흘리면 전자석의 세기가 강해진다.,"전자석의 성질을 이용해 생활을 편리하게 만드는 물건을 상상해 설계하고, 어떤 성질을 이용했는지 써 보세요."
과학심화-07,심화,과학,"머리카락이 쭈뼛, 정전기","머리카락이 쭈뼛, 정전기","건조한 겨울날 스웨터를 벗으면 타닥타닥 소리가 나고 머리카락이 쭈뼛 서기도 해. 문손잡이를 잡을 때 손끝이 따끔한 적도 있을 거야. 이런 현상은 정전기 때문에 생겨. 정전기는 물체에 쌓여 머물러 있는 전기를 말해. 흐르는 전기와 달리 한곳에 고여 있다가 한꺼번에 움직이는 특징이 있어.
모든 물체는 아주 작은 알갱이로 이루어져 있고, 그 속에는 플러스 전기와 마이너스 전기가 함께 들어 있어. 보통은 두 전기의 양이 같아서 물체가 전기를 띠지 않아. 그런데 두 물체를 문지르면 마이너스 전기를 띤 아주 작은 알갱이가 한 물체에서 다른 물체로 옮겨 가. 그러면 한쪽은 마이너스 전기가 많아지고 다른 쪽은 플러스 전기가 많아져. 이렇게 물체가 전기를 띠는 것을 대전이라고 해.
전기를 띤 물체끼리는 서로 힘을 주고받아. 같은 종류의 전기를 띤 물체끼리는 서로 밀어 내고, 다른 종류의 전기를 띤 물체끼리는 서로 끌어당겨. 머리카락이 쭈뼛 서는 것은 머리카락이 모두 같은 전기를 띠어 서로 밀어 내기 때문이야. 풍선을 머리에 문지르면 풍선이 벽에 붙는 것은 끌어당기는 힘 때문이지. 이 원리는 자석의 극이 서로 끌고 미는 모습과 닮았어.
정전기는 습도와 관계가 깊어. 공기가 축축하면 쌓인 전기가 공기 속 물기를 따라 조금씩 빠져나가. 하지만 겨울처럼 공기가 건조하면 전기가 빠져나가지 못하고 물체에 계속 쌓여. 그러다가 손이 문손잡이 같은 금속에 닿는 순간 한꺼번에 이동하면서 따끔함을 느끼는 거야. 그래서 정전기는 여름보다 겨울에 훨씬 자주 일어나.
정전기는 불편하기도 하지만 쓸모도 있어. 복사기는 정전기로 토너 가루를 종이에 붙여 글자를 찍어. 공기 청정기 가운데에는 정전기로 먼지를 끌어당겨 모으는 것도 있어. 정전기를 줄이려면 가습기로 습도를 높이고 손에 로션을 바르면 도움이 돼. 금속을 만지기 전에 벽을 먼저 손바닥으로 짚는 것도 좋은 방법이야.",대전,물체가 전기를 띠게 되는 것,토너,복사기나 프린터에서 글자를 찍는 검은 가루,정전기,뜻,물체에 쌓여 {{머물러}} 있는 전기,,1,생기는 까닭,문지르면 마이너스 전기가 다른 물체로 옮겨 감,,2,힘,같은 전기끼리는 밀어 내고 다른 전기끼리는 {{끌어당겨}},,3,습도와 관계,공기가 {{건조하면}} 전기가 쌓여 자주 생김,,4,플라스틱 자를 털옷에 문지른 뒤 잘게 자른 종잇조각에 가까이 댔더니 종잇조각이 자에 달라붙었어. 글의 내용으로 가장 알맞은 설명은?,자가 자석으로 바뀌었기 때문이다,문지른 자가 전기를 띠어 종잇조각을 끌어당겼기 때문이다,종잇조각이 젖어 있었기 때문이다,공기 저항 때문이다,2,3,"두 물체를 문지르면 전기를 띠게 되고, 전기를 띤 물체는 다른 물체를 끌어당길 수 있다.",겨울철 정전기를 줄이기 위해 교실에서 실천할 수 있는 방법을 까닭과 함께 써 보세요.
과학심화-08,심화,과학,"햇빛 속에 숨은 일곱 빛깔, 무지개","햇빛 속에 숨은 일곱 빛깔, 무지개","비가 그친 뒤 해를 등지고 하늘을 보면 무지개가 걸려 있을 때가 있어. 빨강, 주황, 노랑, 초록, 파랑, 남색, 보라의 빛깔이 차례로 늘어서 있지. 이 아름다운 색깔들은 어디에서 왔을까? 놀랍게도 무지개의 색은 모두 햇빛 속에 원래 들어 있던 거야. 우리 눈에 하얗게 보이는 햇빛은 사실 여러 색의 빛이 섞인 것이거든.
빛은 공기에서 물이나 유리로 들어갈 때 나아가는 방향이 꺾여. 이것을 빛의 굴절이라고 해. 물이 든 컵에 빨대를 꽂으면 빨대가 꺾여 보이는 것도 굴절 때문이야. 그런데 빛은 색깔마다 꺾이는 정도가 조금씩 달라. 빨간빛은 조금 꺾이고 보랏빛은 많이 꺾여.
이 성질을 처음 실험으로 밝힌 사람은 과학자 뉴턴이야. 뉴턴은 어두운 방에서 햇빛을 삼각형 유리 기둥인 프리즘에 통과시켰어. 그러자 햇빛이 여러 색의 띠로 나뉘어 벽에 비쳤어. 색깔마다 꺾이는 정도가 달라서 서로 다른 곳으로 퍼져 나간 거야. 이렇게 햇빛이 여러 색으로 나뉘는 것을 빛의 분산이라고 해.
무지개는 하늘에 떠 있는 수많은 물방울이 프리즘 역할을 해서 생겨. 햇빛이 물방울 속으로 들어갈 때 한 번 꺾이고, 물방울 안쪽 면에서 반사된 뒤, 밖으로 나올 때 다시 꺾여. 이 과정에서 색깔별로 나뉜 빛이 우리 눈에 들어와 무지개로 보여. 그래서 무지개는 해의 반대쪽 하늘에서 볼 수 있어. 해를 등지고 서야 무지개를 만날 수 있는 까닭이 여기에 있어.
무지개는 직접 만들어 볼 수도 있어. 맑은 날 해를 등지고 서서 분무기로 물을 뿌리면 작은 무지개가 나타나. 분수대나 폭포 근처에서도 무지개를 자주 볼 수 있지. 물방울과 햇빛, 그리고 알맞은 방향만 있으면 언제든 만날 수 있는 거야. 과학을 알면 하늘의 무지개가 더욱 특별하게 느껴질 거야.",프리즘,빛을 굴절시키거나 나누는 삼각형 유리 기둥,분무기,물을 안개처럼 뿜어 주는 도구,무지개,햇빛,여러 색의 빛이 {{섞인}} 것,,1,굴절,색깔마다 꺾이는 정도가 달라 {{보랏빛}}은 많이 꺾임,,2,분산,뉴턴이 햇빛을 여러 색의 띠로 나눔,,3,생기는 원리,수많은 {{물방울}}이 프리즘 역할을 함,해의 반대쪽 하늘,4,오후 늦게 해가 서쪽 하늘에 있을 때 소나기가 그쳤어. 글의 내용으로 볼 때 무지개를 보려면 어느 쪽 하늘을 바라봐야 할까?,서쪽 하늘,동쪽 하늘,바로 머리 위,해를 정면으로 바라본다,2,4,무지개는 해의 반대쪽 하늘에 생기므로 해가 서쪽에 있으면 동쪽을 봐야 한다.,"무지개를 직접 만들어 보는 실험을 계획하고, 준비물과 방법, 주의할 점을 써 보세요."
과학심화-09,심화,과학,모습을 바꾸며 이어지는 에너지,모습을 바꾸며 이어지는 에너지,"우리는 하루 종일 에너지를 쓰며 살아. 밥을 먹고 뛰어놀고, 전등을 켜고 휴대 전화를 충전하지. 에너지는 일을 할 수 있는 능력을 말해. 에너지에는 여러 형태가 있어. 움직이는 물체가 가진 운동 에너지, 높은 곳에 있는 물체가 가진 위치 에너지, 그리고 열에너지, 빛에너지, 전기 에너지, 화학 에너지 등이 있지.
에너지의 놀라운 점은 한 형태에서 다른 형태로 바뀔 수 있다는 거야. 이것을 에너지 전환이라고 해. 전등은 전기 에너지를 빛에너지로 바꾸고, 선풍기는 전기 에너지를 운동 에너지로 바꿔. 우리 몸은 음식의 화학 에너지를 운동 에너지와 열에너지로 바꾸지. 휴대 전화 배터리는 충전할 때 전기 에너지를 화학 에너지로 저장했다가 쓸 때 다시 전기 에너지로 바꿔.
놀이공원의 롤러코스터는 에너지 전환을 잘 보여 줘. 처음에 높은 곳까지 끌어 올려진 열차는 큰 위치 에너지를 가져. 열차가 아래로 내려오면 위치 에너지가 운동 에너지로 바뀌어 점점 빨라져. 다시 높은 곳으로 올라가면 운동 에너지가 위치 에너지로 바뀌며 느려져. 그래서 롤러코스터의 첫 언덕이 가장 높게 만들어져 있어.
에너지는 모습을 바꿀 뿐 갑자기 생겨나거나 없어지지 않아. 바뀌기 전과 뒤의 에너지를 모두 더하면 그 양이 늘 같아. 이것을 에너지 보존이라고 해. 그런데 에너지가 바뀔 때는 우리가 원하지 않는 열에너지나 소리 에너지로 일부가 빠져나가. 전등을 오래 켜 두면 뜨거워지는 것도 전기 에너지의 일부가 열로 바뀌었기 때문이야.
그래서 같은 일을 하면서도 낭비되는 에너지를 줄이는 것이 중요해. 발광 다이오드 전등은 예전 백열전등보다 열로 빠져나가는 에너지가 적어서 같은 밝기를 내면서 전기를 덜 써. 에너지 효율이 높은 제품을 고르는 것도 지혜로운 방법이야. 우리가 쓰는 에너지가 어디에서 와서 어디로 가는지 생각해 보면 아껴 쓰는 습관도 저절로 생길 거야. 에너지의 흐름을 아는 것이 에너지를 아끼는 첫걸음이야.",배터리,전기를 저장해 두었다가 필요할 때 쓰는 장치,효율,들인 힘에 비해 얻는 결과의 정도,에너지 전환,뜻,일을 할 수 있는 능력,"운동, 위치, 열, 빛, 전기, 화학 에너지",1,전환,전등은 전기 에너지를 {{빛에너지}}로,,2,롤러코스터,위치 에너지가 {{운동}} 에너지로 바뀜,,3,보존,에너지의 전체 {{양}}은 늘 같음,일부는 열로 빠져나감,4,미끄럼틀 꼭대기에서 출발한 아이가 내려올수록 점점 빨라졌어. 글의 내용으로 볼 때 이때 일어난 에너지 전환은?,운동 에너지가 위치 에너지로 바뀌었다,위치 에너지가 운동 에너지로 바뀌었다,빛에너지가 전기 에너지로 바뀌었다,에너지가 새로 생겨났다,2,3,높은 곳에서 아래로 내려오면 위치 에너지가 운동 에너지로 바뀌어 빨라진다.,아침에 일어나서 학교에 오기까지 내가 만난 에너지 전환을 세 가지 찾아 써 보세요.
과학심화-10,심화,과학,날마다 모양이 바뀌는 달,날마다 모양이 바뀌는 달,"밤하늘의 달은 날마다 모양이 달라. 가는 눈썹 모양의 초승달이었다가 반달이 되고, 둥근 보름달이 되었다가 다시 가늘어지지. 달의 모양이 바뀌는 것을 달의 위상 변화라고 해. 그런데 달이 정말로 모양을 바꾸는 걸까? 사실 달은 언제나 둥근 공 모양이야.
달은 스스로 빛을 내지 못하고 햇빛을 반사해서 밝게 보여. 그래서 달은 언제나 태양을 향한 절반만 밝고, 나머지 절반은 어두워. 달은 지구 둘레를 약 한 달에 한 바퀴씩 돌아. 달이 지구 둘레를 도는 동안 태양, 지구, 달의 위치가 계속 바뀌어. 그에 따라 지구에서 보이는 달의 밝은 부분의 크기가 달라지는 거야.
달이 태양과 같은 방향에 있으면 밝은 면이 지구 반대쪽을 향해 우리 눈에 거의 보이지 않아. 이때를 삭이라고 해. 며칠 지나면 오른쪽이 가늘게 빛나는 초승달이 보이고, 일주일쯤 뒤에는 오른쪽 절반이 밝은 상현달이 돼. 달이 지구를 사이에 두고 태양의 반대쪽에 오면 밝은 면이 모두 보이는 보름달이 돼. 그 뒤로는 왼쪽 절반이 밝은 하현달을 거쳐 그믐달이 되었다가 다시 삭으로 돌아가.
달의 위상은 약 29.5일을 주기로 되풀이돼. 옛날 사람들은 이 규칙을 이용해 날짜를 셌어. 달의 모양을 기준으로 만든 달력을 음력이라고 해. 우리나라의 설날과 추석도 음력으로 정한 명절이야. 그래서 추석날 밤에는 늘 둥근 보름달이 떠.
달의 위상 변화는 공과 전등으로 확인할 수 있어. 어두운 방에서 전등을 태양으로, 내 머리를 지구로, 막대에 꽂은 흰 공을 달로 정해. 공을 들고 제자리에서 천천히 돌면 공의 밝은 부분이 초승달에서 보름달로 바뀌어 보여. 직접 해 보면 달이 모양을 바꾸는 것이 아니라 보이는 부분이 바뀐다는 것을 확실히 알 수 있어.",위상,달처럼 보이는 모양이 주기적으로 바뀌는 상태,주기,같은 일이 되풀이되는 시간의 간격,달의 위상 변화,까닭,달은 햇빛을 {{반사}}해 태양을 향한 절반만 밝음,,2,차례,"삭, 초승달, 상현달, 보름달, 하현달, 그믐달",,3,보름달,달이 태양의 {{반대쪽}}에 올 때,,3,음력,달의 모양을 기준으로 만든 {{달력}},,4,오늘 밤 오른쪽 절반이 밝은 반달이 떴어. 글의 내용으로 볼 때 일주일쯤 뒤에 보일 달의 모양은 무엇일까?,초승달,보름달,그믐달,삭,2,3,오른쪽 절반이 밝은 상현달 다음에는 보름달이 된다.,달의 위상 변화를 친구에게 설명하는 짧은 안내문을 공과 전등 실험을 넣어 써 보세요.
과학심화-11,심화,과학,"움직이는 땅, 판 구조와 지진","움직이는 땅, 판 구조와 지진","우리가 딛고 서 있는 땅은 늘 가만히 있는 것처럼 보여. 하지만 지구의 겉부분은 커다란 조각 여러 개로 나뉘어 아주 천천히 움직이고 있어. 이 조각들을 판이라고 해. 판은 지각과 그 아래의 단단한 맨틀 윗부분으로 이루어져 있어. 판이 움직이는 빠르기는 일 년에 몇 센티미터로, 손톱이 자라는 빠르기와 비슷해.
판은 그 아래에 있는 뜨겁고 천천히 움직이는 맨틀 위에 떠 있는 것처럼 움직여. 판과 판이 만나는 경계에서는 여러 일이 일어나. 두 판이 서로 부딪치면 땅이 밀려 올라가 높은 산맥이 만들어져. 세계에서 가장 높은 히말라야 산맥도 두 판이 부딪쳐 생겼어. 판이 서로 멀어지는 곳에서는 땅이 갈라지고 새로운 바닥이 생기지.
판이 움직이면서 경계 부분에는 엄청난 힘이 쌓여. 땅속의 바위가 이 힘을 견디다가 끝내 부서지거나 어긋나면, 쌓였던 에너지가 한꺼번에 풀려나면서 땅이 흔들려. 이것이 지진이야. 지진이 처음 일어난 땅속의 지점을 진원이라 하고, 그 바로 위의 땅 표면을 진앙이라고 해. 지진의 세기는 규모라는 숫자로 나타내.
그래서 지진과 화산은 판의 경계를 따라 많이 일어나. 태평양을 빙 둘러싼 지역은 지진과 화산이 특히 많아서 불의 고리라고 불려. 일본은 여러 판이 만나는 곳에 있어서 지진이 자주 일어나. 우리나라는 판의 경계에서 조금 떨어져 있어 큰 지진이 비교적 적어. 하지만 우리나라에서도 지진이 일어난 적이 있으니 안심할 수만은 없어.
지진을 막을 수는 없지만 피해는 줄일 수 있어. 건물을 지을 때 흔들림을 견디도록 내진 설계를 하면 무너질 위험이 줄어. 평소에 대피 훈련을 하고 비상용품을 준비해 두는 것도 중요해. 땅이 흔들리면 탁자 아래로 들어가 몸을 보호하고, 흔들림이 멈추면 넓은 곳으로 대피해야 해. 지구가 살아 움직이는 행성이라는 것을 알면 대비의 중요성도 깨닫게 돼.",맨틀,지각 아래에 있는 두꺼운 층,내진 설계,지진에 견디도록 건물을 설계하는 것,판 구조와 지진,판,지구 겉부분을 이루는 커다란 {{조각}},일 년에 몇 센티미터 움직임,1,판의 경계,부딪치면 {{산맥}}이 생김,히말라야 산맥,2,지진,쌓인 에너지가 풀리며 땅이 흔들림,진원과 진앙,3,피해 줄이기,대피 훈련과 {{비상용품}} 준비,,5,어떤 지역에 지진과 화산이 유난히 자주 일어난다는 기록을 보았어. 글의 내용으로 볼 때 이 지역에 대해 가장 알맞게 짐작한 것은?,판의 한가운데에 있을 것이다,판과 판의 경계 가까이에 있을 것이다,맨틀이 전혀 없는 곳일 것이다,바다에서 아주 먼 사막일 것이다,2,4,지진과 화산은 판의 경계를 따라 많이 일어난다.,지진이 일어났을 때 학교에서 해야 할 행동을 순서대로 정리해 써 보세요.
과학심화-12,심화,과학,"생물을 이루는 작은 방, 세포","생물을 이루는 작은 방, 세포","집이 벽돌 하나하나로 지어지듯, 생물의 몸은 아주 작은 단위로 이루어져 있어. 이 단위를 세포라고 해. 세포는 너무 작아서 맨눈으로는 볼 수 없고 현미경으로 봐야 해. 우리 몸은 수십조 개가 넘는 세포로 이루어져 있다고 알려져 있어. 반면 세균처럼 세포 하나로 된 생물도 있지.
세포를 처음 관찰한 사람은 영국의 과학자 로버트 훅이야. 훅은 직접 만든 현미경으로 얇게 자른 코르크를 관찰했어. 그러자 작은 방 같은 칸들이 벌집처럼 빼곡히 보였어. 훅은 이것을 작은 방이라는 뜻의 이름으로 불렀는데, 이것이 세포라는 말의 시작이야. 그 뒤 과학자들은 모든 생물이 세포로 이루어져 있다는 것을 밝혀냈어.
세포 속에는 저마다 하는 일이 다른 부분들이 있어. 세포 한가운데 있는 핵은 세포의 생김새와 활동을 조절하는 지휘 본부야. 세포막은 세포를 둘러싸서 필요한 물질은 들이고 필요 없는 물질은 내보내. 세포막 안쪽을 채우고 있는 부분에서는 여러 가지 생명 활동이 일어나. 작은 세포 하나 안에서도 많은 일이 쉬지 않고 이루어지는 거야.
식물 세포와 동물 세포는 닮은 점도 있고 다른 점도 있어. 둘 다 핵과 세포막을 가지고 있어. 하지만 식물 세포에는 세포막 바깥에 단단한 세포벽이 있어서 모양이 네모반듯해. 또 식물 세포에는 광합성을 하는 엽록체가 있어 초록색을 띠어. 동물 세포에는 세포벽이 없어 모양이 둥글거나 다양해.
우리 몸의 세포는 하는 일에 따라 모양도 달라. 신경 세포는 신호를 멀리 전하기 위해 길게 뻗어 있어. 적혈구는 가운데가 오목한 원반 모양이라 좁은 혈관도 잘 지나가. 근육 세포는 길쭉해서 늘었다 줄었다 하며 몸을 움직이게 해. 이렇게 작은 세포들이 각자 맡은 일을 해내기 때문에 우리가 건강하게 살아갈 수 있어.",코르크,나무껍질로 만든 가볍고 폭신한 물질,적혈구,혈액 속에서 산소를 나르는 세포,세포,뜻,생물의 몸을 이루는 아주 작은 {{단위}},,1,발견,로버트 훅이 {{현미경}}으로 코르크를 관찰,작은 방 같은 칸,2,세포 속,"핵은 지휘 본부, 세포막은 물질 출입",,3,식물 세포,단단한 {{세포벽}}과 엽록체가 있음,,4,현미경으로 어떤 세포를 보았더니 네모반듯한 모양에 단단한 벽이 있고 초록색 알갱이가 보였어. 글의 내용으로 볼 때 이 세포는 무엇일 가능성이 가장 높을까?,사람의 근육 세포,사람의 신경 세포,식물의 잎 세포,적혈구,3,4,"식물 세포에는 세포벽이 있어 네모반듯하고, 엽록체가 있어 초록색을 띤다.","세포를 하나의 마을에 비유한다면 핵, 세포막, 세포벽은 각각 무엇에 비유할 수 있을지 까닭과 함께 써 보세요."
과학심화-13,심화,과학,"몸을 지키는 군대, 면역과 백신","몸을 지키는 군대, 면역과 백신","우리 주변에는 눈에 보이지 않는 세균과 바이러스가 가득해. 그런데도 우리가 늘 아프지 않은 것은 몸을 지키는 방어 체계가 있기 때문이야. 몸이 병을 일으키는 균을 막아 내는 힘을 면역이라고 해. 면역은 마치 몸을 지키는 군대처럼 여러 단계로 움직여. 침입자를 막고, 알아보고, 물리치는 일을 차례로 해내지.
첫 번째 방어선은 몸의 바깥을 막는 벽이야. 피부는 균이 몸속으로 들어오지 못하게 막아. 코털과 콧물은 공기 속 먼지와 균을 걸러 내고, 눈물과 침에도 균을 약하게 만드는 물질이 들어 있어. 위에서 나오는 강한 산성의 위액은 음식과 함께 들어온 균을 없애. 이렇게 몸의 입구마다 지키는 장치가 있는 셈이야.
균이 이 벽을 뚫고 들어오면 혈액 속의 백혈구가 나서. 어떤 백혈구는 균을 직접 잡아먹어. 또 어떤 백혈구는 침입한 균을 알아보고 그 균에만 딱 맞는 항체라는 물질을 만들어. 항체는 균에 달라붙어 균이 힘을 쓰지 못하게 해. 몸에 열이 나는 것도 백혈구가 균과 싸우기 좋게 몸이 반응하는 과정일 때가 많아.
면역의 놀라운 점은 한 번 싸운 균을 기억한다는 거야. 같은 균이 다시 들어오면 몸은 그 균을 금방 알아보고 빠르게 항체를 만들어. 그래서 어떤 병은 한 번 앓고 나면 다시 잘 걸리지 않아. 백신은 이 기억하는 힘을 이용한 거야. 힘을 아주 약하게 만들거나 없앤 균, 또는 균의 일부를 몸에 넣어 미리 기억하게 만드는 거지.
백신을 맞으면 실제로 병에 걸리지 않고도 그 병과 싸울 준비를 할 수 있어. 많은 사람이 백신을 맞으면 병이 퍼지기 어려워져, 백신을 맞기 어려운 아기나 아픈 사람도 함께 보호받아. 백신 덕분에 천연두라는 무서운 병은 지구에서 사라졌어. 면역력을 기르려면 골고루 먹고, 충분히 자고, 손을 깨끗이 씻는 습관도 중요해. 우리 몸의 군대가 잘 싸울 수 있도록 평소에 돌보는 거야.",백혈구,혈액 속에서 균과 싸우는 세포,천연두,예전에 많은 사람이 앓던 무서운 전염병,면역,첫 방어선,"{{피부}}, 콧물, 눈물, 위액",,2,백혈구,균을 잡아먹거나 {{항체}}를 만듦,,3,기억,한 번 싸운 균을 {{기억}}해 빠르게 대응,,4,백신,약하게 만든 균으로 미리 기억하게 함,천연두가 사라짐,5,수두를 한 번 앓았던 형은 동생이 수두에 걸렸을 때 옆에 있었는데도 다시 걸리지 않았어. 글의 내용으로 가장 알맞은 설명은?,형의 몸이 수두 균을 기억해 빠르게 항체를 만들었기 때문이다,형의 피부가 동생보다 두껍기 때문이다,수두 균은 한 번만 활동하기 때문이다,형이 백혈구를 가지고 있지 않기 때문이다,1,4,면역은 한 번 싸운 균을 기억해 다시 들어오면 빠르게 항체를 만든다.,"우리 몸의 면역을 군대에 비유해 피부, 백혈구, 항체가 각각 어떤 역할을 하는지 이야기로 써 보세요."
과학심화-14,심화,과학,"미생물이 만드는 맛, 발효","미생물이 만드는 맛, 발효","김치는 처음 담갔을 때와 며칠 지났을 때 맛이 달라. 시간이 지나면 새콤한 맛이 나고 향도 깊어지지. 이 변화는 김치 속에 사는 아주 작은 생물들이 만든 거야. 눈에 보이지 않는 작은 생물을 미생물이라고 해. 미생물이 음식 속의 물질을 분해해 우리에게 이로운 물질을 만드는 과정을 발효라고 불러.
발효와 부패는 비슷해 보이지만 결과가 달라. 둘 다 미생물이 물질을 분해하는 과정이야. 그 결과 우리에게 이롭고 맛있는 물질이 생기면 발효라고 하고, 냄새가 고약하고 해로운 물질이 생기면 부패라고 해. 같은 우유라도 유산균이 자라면 요구르트가 되지만, 해로운 균이 자라면 상해서 먹을 수 없게 돼. 어떤 미생물이 자라느냐가 결과를 가르는 거야.
발효에는 여러 미생물이 참여해. 김치와 요구르트를 새콤하게 만드는 것은 젖산균이야. 빵을 부풀게 하는 것은 효모인데, 효모는 반죽 속의 당분을 먹고 이산화탄소를 내뿜어. 이 기체가 반죽 속에 갇혀 빵이 폭신하게 부풀어. 된장과 간장은 메주에 핀 곰팡이와 세균이 콩을 분해해 깊은 맛을 내는 거야.
우리 조상들은 발효를 아주 지혜롭게 이용했어. 냉장고가 없던 시절, 발효 음식은 오래 두고 먹을 수 있는 귀한 저장 음식이었어. 젖산균이 만든 신맛이 다른 해로운 균이 자라는 것을 막아 주었거든. 겨울을 나기 위해 김장을 하고 장독대에 장을 담가 두었지. 그래서 우리나라에는 김치, 된장, 젓갈 같은 발효 음식이 유난히 많아.
발효 음식은 맛뿐 아니라 건강에도 도움이 될 수 있어. 장 속에 이로운 균이 많아지면 소화가 잘되는 데 도움을 받을 수 있어. 오늘날에는 발효 기술이 음식뿐 아니라 약과 연료를 만드는 데에도 쓰여. 작은 미생물이 사람과 오랫동안 함께 일해 온 동료인 셈이야. 다음에 김치를 먹을 때 그 속의 작은 일꾼들을 떠올려 봐.",효모,빵이나 술을 만들 때 쓰는 작은 균,메주,콩을 삶아 찧어 덩이로 만들어 띄운 것,발효,뜻,미생물이 물질을 분해해 {{이로운}} 물질을 만듦,,1,부패와 차이,해로운 물질이 생기면 부패,같은 우유도 요구르트가 되거나 상함,2,참여하는 미생물,김치와 요구르트는 {{젖산균}},빵은 효모,3,조상의 지혜,오래 두고 먹는 {{저장}} 음식,"김장, 장 담그기",4,빵 반죽에 효모를 넣고 따뜻한 곳에 두었더니 반죽이 두 배로 부풀었어. 글의 내용으로 볼 때 반죽이 부푼 까닭은?,효모가 당분을 먹고 이산화탄소를 내뿜었기 때문이다,반죽이 상해서 썩었기 때문이다,반죽 속의 물이 얼었기 때문이다,젖산균이 신맛을 냈기 때문이다,1,3,"효모는 반죽 속의 당분을 먹고 이산화탄소를 내뿜고, 이 기체가 갇혀 빵이 부푼다.","우리 집 식탁에 오르는 발효 음식을 하나 골라, 어떤 미생물이 어떤 일을 하는지 조사하고 싶은 점을 써 보세요."
과학심화-15,심화,과학,"생각보다 빠른 몸, 뇌와 반사 신경","생각보다 빠른 몸, 뇌와 반사 신경","뜨거운 냄비에 손이 닿으면 나도 모르게 손을 확 떼게 돼. 뜨겁다고 생각하기도 전에 손이 먼저 움직이지. 반대로 친구가 던진 공을 받을 때는 공이 어디로 오는지 보고 판단해서 손을 내밀어. 두 행동은 모두 우리 몸의 신경계가 만든 거야. 하지만 신호가 지나가는 길이 서로 달라.
신경계는 몸 곳곳의 정보를 받아들이고 명령을 내리는 전달 체계야. 눈, 귀, 피부 같은 감각 기관이 자극을 받아들이면 그 정보가 신경을 따라 뇌로 전달돼. 뇌는 받은 정보를 해석하고 어떻게 행동할지 판단해. 그리고 그 명령을 다시 신경을 따라 근육으로 보내. 공을 받는 것처럼 생각을 거쳐 하는 행동은 모두 이 길을 따라 일어나.
그런데 위험한 순간에 뇌까지 갔다 오면 시간이 너무 걸릴 수 있어. 그래서 우리 몸에는 뇌를 거치지 않고 척수에서 바로 명령을 내리는 지름길이 있어. 이렇게 의식하지 않고 자극에 빠르게 일어나는 반응을 반사라고 해. 뜨거운 것에 손을 떼는 것, 눈앞으로 무언가 날아올 때 눈을 감는 것이 반사야. 무릎 아래를 가볍게 치면 다리가 저절로 올라가는 것도 반사지.
반사는 우리 몸을 지키는 중요한 장치야. 생각할 틈 없이 순식간에 위험을 피하게 해 주거든. 반사로 손을 뗀 다음에야 뇌가 뜨거움을 느끼고 아프다는 것을 알아차려. 재채기와 기침도 코와 목에 들어온 이물질을 내보내는 반사야. 이런 반사가 없다면 우리는 훨씬 더 자주 다칠 거야.
뇌는 몸의 모든 활동을 조절하는 지휘 본부야. 생각하고, 기억하고, 감정을 느끼는 일도 모두 뇌가 해. 그래서 머리를 다치지 않도록 자전거를 탈 때는 꼭 안전모를 써야 해. 충분한 잠은 뇌가 하루 동안 배운 것을 정리하는 데 도움을 줘. 뇌와 신경을 아끼는 습관이 건강한 몸과 마음을 지켜 줄 거야.",척수,등뼈 속에 있으며 뇌와 몸을 잇는 신경 다발,이물질,몸속에 들어온 다른 물질,신경계와 반사,신경계,정보를 받아들이고 {{명령}}을 내리는 전달 체계,,2,생각하는 행동,"감각 기관에서 뇌로, 뇌에서 {{근육}}으로",,2,반사,뇌를 거치지 않는 빠른 반응,뜨거운 것에 손을 뗌,3,반사의 역할,순식간에 {{위험}}을 피하게 해 줌,"재채기, 기침",4,다음 가운데 글에서 말한 반사에 해당하는 행동으로 가장 알맞은 것은?,시험 문제를 읽고 답을 고른다,신호등이 초록색으로 바뀐 것을 보고 길을 건넌다,갑자기 눈앞에 벌레가 날아와 나도 모르게 눈을 감는다,친구의 말을 듣고 대답한다,3,3,"반사는 의식하지 않고 자극에 빠르게 일어나는 반응으로, 눈앞에 무언가 날아올 때 눈을 감는 것이 예다.",반사가 없다면 생활에서 어떤 위험이 생길지 두 가지 예를 들어 써 보세요.
환경34-01,3~4학년,환경,"쓰레기도 제자리가 있어요, 분리배출","쓰레기도 제자리가 있어요, 분리배출","우리가 하루 동안 버리는 쓰레기에는 종이, 플라스틱, 유리병, 캔처럼 여러 종류가 섞여 있어. 이것을 한꺼번에 버리면 모두 땅에 묻거나 태워야 해. 하지만 종류별로 나누어 버리면 다시 쓸 수 있는 자원이 돼. 쓰레기를 종류에 따라 나누어 버리는 것을 분리배출이라고 해.
분리배출을 잘하려면 몇 가지 약속을 지켜야 해. 먼저 안에 든 내용물을 비우고 물로 헹궈야 해. 페트병은 붙어 있는 비닐 상표를 떼고 납작하게 눌러 버려. 종이 상자는 테이프를 떼고 접어서 내놓아.
이렇게 하는 까닭은 깨끗해야 재활용이 잘되기 때문이야. 음식물이 묻은 플라스틱이나 다른 재료가 섞인 쓰레기는 재활용 공장에서 골라내 버려야 해. 한 사람이 대충 버리면 함께 모은 쓰레기까지 재활용하기 어려워질 수 있어.
분리배출은 어렵지 않아. 비우고, 헹구고, 떼고, 나누는 네 가지만 기억하면 돼. 오늘 우리 집 쓰레기통을 살펴보고 가족과 함께 분리배출을 해 보자. 작은 손길이 지구를 깨끗하게 만들어.",자원,사람이 살아가는 데 쓰이는 재료,상표,물건에 붙여 이름을 알리는 표,분리배출,뜻,쓰레기를 {{종류}}에 따라 나누어 버림,,1,약속,내용물을 비우고 물로 {{헹궈}} 버림,페트병 상표 떼기,2,까닭,깨끗해야 재활용이 잘됨,,3,기억할 것,"비우고, 헹구고, 떼고, {{나누는}} 네 가지",,4,다 먹은 요구르트 병을 버리려고 해. 글의 내용으로 볼 때 가장 알맞게 버리는 방법은?,남은 요구르트를 그대로 둔 채 버린다,내용물을 비우고 헹군 뒤 플라스틱으로 버린다,음식물 쓰레기와 함께 버린다,종이 상자 안에 넣어 버린다,2,2,분리배출할 때는 내용물을 비우고 물로 헹궈 종류에 맞게 버린다.,우리 집에서 분리배출을 더 잘하기 위해 바꾸고 싶은 점을 한 가지 써 보세요.
환경34-02,3~4학년,환경,한 방울도 소중한 물,한 방울도 소중한 물,"수도꼭지를 틀면 물이 콸콸 나와서 물이 끝없이 있는 것처럼 느껴져. 하지만 지구의 물 가운데 대부분은 짠 바닷물이야. 사람이 바로 마실 수 있는 깨끗한 물은 아주 적어. 그래서 물은 아껴 써야 하는 소중한 자원이야.
우리가 쓰는 수돗물은 그냥 오는 것이 아니야. 강이나 호수의 물을 정수장으로 보내 더러운 것을 걸러 내고 소독을 해. 그런 다음 긴 수도관을 따라 집까지 보내 주지. 이 과정에는 많은 노력과 전기가 들어.
생활 속에서 물을 아끼는 방법은 많아. 이를 닦을 때는 컵에 물을 받아 쓰고, 샤워 시간을 조금 줄여 봐. 설거지할 때는 물을 받아 놓고 씻으면 좋아. 수도꼭지가 똑똑 새면 어른께 알려 고치는 것도 중요해.
아껴 쓴 물은 다시 쓸 수도 있어. 쌀을 씻은 물로 화분에 물을 주거나, 세수한 물로 걸레를 빨 수 있어. 작은 실천이 모이면 많은 물을 아낄 수 있어. 오늘부터 물 한 방울의 소중함을 생각해 보자.",정수장,물을 깨끗하게 걸러 수돗물을 만드는 곳,소독,균을 죽여 깨끗하게 하는 일,물 아껴 쓰기,까닭,마실 수 있는 깨끗한 물은 아주 {{적어}},,1,수돗물,강물을 걸러 내고 소독해 {{수도관}}으로 보냄,,2,아끼는 방법,이를 닦을 때 {{컵}}에 물을 받아 씀,,3,다시 쓰기,쌀 씻은 물로 화분에 물 주기,,4,수업이 끝난 뒤 화장실 세면대 수도꼭지에서 물이 계속 똑똑 떨어지고 있었어. 글의 내용으로 볼 때 가장 알맞은 행동은?,그냥 두고 집에 간다,물을 더 세게 틀어 둔다,선생님께 알려 고칠 수 있게 한다,친구에게 장난으로 물을 뿌린다,3,3,수도꼭지가 새면 어른께 알려 고치는 것이 물을 아끼는 방법이다.,우리 집에서 물을 아낄 수 있는 방법을 두 가지 생각해 써 보세요.
환경34-03,3~4학년,환경,"불 끄고 플러그 뽑고, 에너지 절약","불 끄고 플러그 뽑고, 에너지 절약","우리는 전등을 켜고, 텔레비전을 보고, 냉장고에 음식을 넣어 두며 매일 전기를 써. 그런데 전기는 어떻게 만들어질까? 많은 전기가 석탄이나 가스를 태워 만들어져. 이때 공기를 더럽히고 지구를 뜨겁게 하는 기체가 나와.
그래서 전기를 아끼면 지구를 지키는 데 도움이 돼. 전기를 아끼는 가장 쉬운 방법은 쓰지 않는 전등을 끄는 거야. 방을 나올 때 불을 끄는 습관을 들여 봐. 텔레비전이나 컴퓨터도 보지 않을 때는 꺼 두어야 해.
전기 기구를 껐는데도 전기가 조금씩 새어 나가기도 해. 플러그를 콘센트에 꽂아만 두어도 전기가 쓰이는 경우가 있거든. 이렇게 새는 전기를 대기 전력이라고 해. 쓰지 않는 기구의 플러그를 뽑거나 스위치가 달린 멀티탭을 쓰면 줄일 수 있어.
냉장고 문을 오래 열어 두지 않는 것도 에너지를 아끼는 방법이야. 여름에는 에어컨 온도를 너무 낮추지 말고, 겨울에는 옷을 따뜻하게 입어 난방을 줄여 보자. 우리 가족이 함께 전기 아끼기 약속을 정해 보는 건 어떨까?",멀티탭,여러 개의 플러그를 꽂을 수 있는 기구,난방,실내를 따뜻하게 하는 일,에너지 절약,까닭,전기를 만들 때 공기를 더럽히는 {{기체}}가 나옴,,1,쉬운 방법,쓰지 않는 {{전등}}을 끄기,,2,대기 전력,쓰지 않는 기구의 {{플러그}}를 뽑기,,3,다른 방법,"냉장고 문 빨리 닫기, 알맞은 냉난방",,4,"밤에 잠들기 전, 쓰지 않는 컴퓨터와 충전기가 콘센트에 꽂혀 있는 것을 보았어. 글의 내용으로 볼 때 가장 알맞은 행동은?",그대로 꽂아 둔다,플러그를 뽑거나 멀티탭 스위치를 끈다,플러그를 더 꽂는다,냉장고 문을 열어 둔다,2,3,쓰지 않는 기구의 플러그를 뽑거나 멀티탭 스위치를 끄면 대기 전력을 줄일 수 있다.,우리 가족이 함께 지킬 전기 아끼기 약속을 세 가지 만들어 써 보세요.
환경34-04,3~4학년,환경,한 번 쓰고 버리는 물건 줄이기,한 번 쓰고 버리는 물건 줄이기,"종이컵, 플라스틱 빨대, 비닐봉지, 나무젓가락처럼 한 번 쓰고 버리는 물건을 일회용품이라고 해. 일회용품은 편리해서 많은 사람이 써. 하지만 쓰는 시간은 아주 짧은데 버려진 뒤에는 오랫동안 쓰레기로 남아.
특히 플라스틱과 비닐은 자연에서 잘 썩지 않아. 땅에 묻혀도 아주 오랫동안 그대로 있고, 바다로 흘러가면 바다 생물을 다치게 해. 바다거북이 비닐봉지를 먹이로 알고 삼키는 일도 있어.
일회용품을 줄이는 방법은 생각보다 쉬워. 물을 마실 때는 종이컵 대신 내 컵이나 텀블러를 써. 장을 보러 갈 때는 장바구니를 챙기고, 배달 음식을 시킬 때는 필요 없는 수저를 받지 않을 수 있어.
처음에는 조금 귀찮을 수 있어. 하지만 가방에 손수건과 텀블러를 넣어 다니는 작은 습관이 쌓이면 쓰레기가 크게 줄어. 나와 우리 가족이 쓰는 일회용품을 세어 보고 하나씩 바꿔 보자.",텀블러,여러 번 쓸 수 있는 음료 컵,배달,물건이나 음식을 집까지 가져다줌,일회용품 줄이기,뜻,한 번 쓰고 {{버리는}} 물건,"종이컵, 빨대, 비닐봉지",1,문제점,플라스틱과 비닐은 잘 {{썩지}} 않음,바다 생물이 다침,2,줄이는 방법,장을 볼 때 {{장바구니}} 챙기기,,3,습관,손수건과 텀블러를 가지고 다니기,,4,소풍을 가서 점심을 먹을 때 쓰레기를 줄이고 싶어. 글의 내용으로 볼 때 가장 알맞은 준비는?,종이컵과 나무젓가락을 많이 챙긴다,"집에서 쓰는 컵과 수저, 도시락통을 챙긴다",비닐봉지에 음식을 하나씩 싼다,음료를 여러 병 사서 남긴다,2,3,일회용품 대신 여러 번 쓸 수 있는 물건을 쓰면 쓰레기를 줄일 수 있다.,"내가 일주일 동안 쓰는 일회용품을 떠올려 보고, 그중 하나를 무엇으로 바꿀지 써 보세요."
환경34-05,3~4학년,환경,숲은 무슨 일을 할까,숲은 무슨 일을 할까,"숲에 들어가면 공기가 맑고 시원하게 느껴져. 숲은 우리에게 맑은 공기를 선물해 줘. 나무는 잎으로 이산화탄소를 빨아들이고 우리가 숨 쉬는 데 필요한 산소를 내보내. 나무의 잎에는 먼지가 붙어 공기를 깨끗하게 해 주기도 해.
숲은 물을 저장하는 일도 해. 비가 오면 숲의 흙과 낙엽이 스펀지처럼 빗물을 머금었다가 천천히 흘려보내. 그래서 숲은 녹색 댐이라고도 불려. 숲이 있으면 큰비가 와도 물이 한꺼번에 흘러내리지 않아 홍수를 줄여 줘.
나무의 뿌리는 흙을 꽉 붙잡아 줘. 숲이 없는 산에 큰비가 오면 흙이 쓸려 내려가 산사태가 나기 쉬워. 숲은 수많은 동물과 식물의 집이기도 해. 새, 다람쥐, 곤충, 버섯이 숲에 기대어 살아가.
숲은 사람의 마음도 편안하게 해 줘. 숲길을 걸으면 기분이 좋아지고 몸도 건강해져. 이렇게 고마운 숲을 지키려면 산에서 불을 조심하고, 나뭇가지를 꺾지 않고, 쓰레기를 되가져와야 해.",산사태,큰비나 지진 때문에 산의 흙과 돌이 무너져 내리는 일,낙엽,말라서 떨어진 나뭇잎,숲이 하는 일,맑은 공기,이산화탄소를 빨아들이고 {{산소}}를 내보냄,,1,물 저장,빗물을 머금는 녹색 {{댐}},홍수를 줄임,2,흙 지키기,나무 {{뿌리}}가 흙을 붙잡음,동식물의 집,3,지키는 방법,"불 조심, 쓰레기 되가져오기",,4,어느 마을 뒷산의 나무를 모두 베어 냈더니 비가 많이 온 날 흙이 마을까지 쓸려 내려왔어. 글의 내용으로 볼 때 그 까닭은?,나무 뿌리가 흙을 붙잡아 주지 못했기 때문이다,산소가 너무 많아졌기 때문이다,다람쥐가 흙을 파냈기 때문이다,비가 오지 않았기 때문이다,1,3,"나무의 뿌리는 흙을 붙잡아 주는데, 숲이 없으면 흙이 쓸려 내려가기 쉽다.",숲에게 고마운 마음을 담아 짧은 편지를 써 보세요.
환경34-06,3~4학년,환경,꽃과 꽃을 잇는 꿀벌,꽃과 꽃을 잇는 꿀벌,"꽃밭에서 윙윙거리며 날아다니는 꿀벌을 본 적 있지? 꿀벌은 꽃에서 달콤한 꿀을 모아 벌집으로 가져가. 그런데 꿀벌은 꿀만 모으는 것이 아니라 아주 중요한 일을 하나 더 해.
꿀벌이 꽃에 앉으면 몸의 털에 노란 꽃가루가 묻어. 꿀벌이 다른 꽃으로 날아가면 그 꽃가루가 다른 꽃에 옮겨져. 이렇게 꽃가루가 옮겨져야 꽃이 열매와 씨를 맺을 수 있어. 이 일을 꽃가루받이라고 해.
우리가 먹는 사과, 딸기, 수박, 호박 같은 많은 과일과 채소가 꿀벌 같은 곤충의 도움을 받아 열매를 맺어. 꿀벌이 사라지면 열매를 맺지 못하는 식물이 많아지고, 그 식물을 먹는 동물들도 살기 어려워져.
그런데 요즘 꿀벌이 줄어들고 있다는 걱정이 많아. 농약, 꽃이 피는 곳의 감소, 기후 변화가 원인으로 꼽혀. 꿀벌을 지키려면 꽃과 나무를 많이 심고 농약을 줄여야 해. 꿀벌에게 쏘이지 않도록 조심하면서 꿀벌을 소중히 여겨 주자.",꽃가루받이,꽃가루가 다른 꽃에 옮겨져 열매를 맺게 되는 일,농약,농작물의 해충이나 병을 막으려고 쓰는 약,꿀벌,하는 일,꽃에서 {{꿀}}을 모아 벌집으로 가져감,,1,꽃가루 옮기기,몸의 {{털}}에 묻은 꽃가루가 다른 꽃으로,,2,우리에게,"사과, {{딸기}}, 수박이 열매를 맺게 도움",,3,지키는 방법,"꽃과 나무 심기, 농약 줄이기",,4,어느 과수원에 꿀벌이 거의 찾아오지 않았어. 글의 내용으로 볼 때 이 과수원에 생길 수 있는 일은?,과일이 더 많이 열린다,꽃가루받이가 잘 안 되어 열매가 적게 열린다,나무가 더 빨리 자란다,꽃이 더 오래 핀다,2,3,꿀벌이 꽃가루를 옮겨야 식물이 열매를 맺을 수 있다.,꿀벌을 지키기 위해 우리 학교에서 할 수 있는 일을 생각해 써 보세요.
환경34-07,3~4학년,환경,"하늘이 뿌연 날, 미세먼지","하늘이 뿌연 날, 미세먼지","어떤 날은 하늘이 맑고 파란데, 어떤 날은 뿌옇게 흐려 멀리 있는 산이 잘 보이지 않아. 이렇게 하늘이 뿌연 날에는 공기 속에 미세먼지가 많을 때가 많아. 미세먼지는 눈에 보이지 않을 만큼 아주 작은 먼지야.
미세먼지는 자동차의 매연, 공장의 연기, 석탄을 태울 때 많이 생겨. 바람을 타고 다른 지역에서 날아오기도 해. 미세먼지는 머리카락 굵기보다 훨씬 작아서 숨을 쉴 때 코에서 걸러지지 않고 몸속 깊이 들어갈 수 있어.
미세먼지가 몸에 들어가면 기침이 나고 목이 아플 수 있어. 눈이 가렵거나 따가울 수도 있지. 그래서 미세먼지가 나쁜 날에는 밖에서 오래 놀지 말고, 외출할 때는 마스크를 쓰는 것이 좋아. 집에 돌아오면 손과 얼굴을 깨끗이 씻어야 해.
미세먼지를 줄이려면 모두가 함께 노력해야 해. 가까운 곳은 걷거나 자전거를 타고, 버스나 지하철을 이용하는 것이 도움이 돼. 오늘 아침 미세먼지 예보를 확인하고 하루 계획을 세워 보자.",매연,자동차 등에서 나오는 검고 더러운 연기,예보,앞으로의 날씨나 상태를 미리 알려 줌,미세먼지,뜻,눈에 보이지 않을 만큼 {{작은}} 먼지,,1,생기는 곳,"자동차 매연, 공장 {{연기}}",바람을 타고 오기도 함,2,몸에 끼치는 영향,"기침, 목 아픔, 눈 가려움",,3,줄이는 방법,"걷거나 {{자전거}} 타기, 대중교통 이용",,4,아침에 미세먼지가 매우 나쁘다는 예보를 들었어. 글의 내용으로 볼 때 가장 알맞은 행동은?,운동장에서 오래 뛰어논다,마스크를 쓰고 밖에서 오래 놀지 않는다,창문을 활짝 열어 둔다,집에 와서 손을 씻지 않는다,2,3,미세먼지가 나쁜 날에는 밖에서 오래 놀지 말고 마스크를 쓰는 것이 좋다.,미세먼지를 줄이기 위해 우리 가족이 할 수 있는 일을 한 가지 써 보세요.
환경34-08,3~4학년,환경,"바다가 숨 쉬는 땅, 갯벌","바다가 숨 쉬는 땅, 갯벌","바닷물이 빠져나가면 넓고 질척한 땅이 드러나는 곳이 있어. 이곳을 갯벌이라고 해. 갯벌은 밀물 때는 바닷물에 잠기고 썰물 때는 땅이 드러나. 우리나라 서해안과 남해안에는 넓은 갯벌이 펼쳐져 있어.
갯벌은 생물들의 보금자리야. 갯벌 흙 속에는 게, 조개, 낙지, 갯지렁이가 구멍을 파고 살아. 이 생물들을 먹으려고 철새들도 갯벌에 찾아와. 갯벌은 먼 길을 날아가는 철새들이 쉬어 가는 휴게소이기도 해.
갯벌은 바다를 깨끗하게 하는 일도 해. 육지에서 흘러온 더러운 물질을 갯벌의 흙과 생물들이 걸러 내고 분해해. 그래서 갯벌을 자연의 정화조라고도 불러. 또 큰 파도와 태풍이 밀려올 때 그 힘을 줄여 주기도 해.
예전에는 갯벌을 쓸모없는 땅이라고 생각해 메워서 논이나 공장을 짓기도 했어. 하지만 지금은 갯벌이 얼마나 소중한지 알게 되어 보호하고 있어. 우리나라 갯벌의 일부는 세계 자연 유산으로도 정해졌어. 갯벌 체험을 할 때는 생물을 함부로 가져오지 않기로 약속하자.",밀물,바닷물이 육지 쪽으로 밀려 들어오는 것,정화조,더러운 물을 깨끗하게 거르는 시설,갯벌,뜻,바닷물이 빠지면 드러나는 {{질척한}} 땅,서해안과 남해안,1,생물의 보금자리,"게, 조개, {{낙지}}가 삶",철새의 휴게소,2,바다 청소,더러운 물질을 걸러 내고 {{분해}}함,,3,보호,세계 자연 유산으로 정해짐,,4,어느 마을에서 갯벌을 메워 공장을 짓자는 의견이 나왔어. 글의 내용을 바탕으로 반대하는 까닭으로 가장 알맞은 것은?,갯벌은 생물의 보금자리이고 바다를 깨끗하게 하기 때문이다,갯벌에는 아무 생물도 살지 않기 때문이다,갯벌은 바닷물을 더럽히기 때문이다,공장은 바다에서만 지을 수 있기 때문이다,1,2,갯벌은 여러 생물의 보금자리이며 더러운 물질을 걸러 내는 일도 한다.,갯벌 체험을 간다면 꼭 지켜야 할 약속을 두 가지 써 보세요.
환경34-09,3~4학년,환경,사라질 위기의 동물들,사라질 위기의 동물들,"옛날에는 우리나라 산과 들에 호랑이와 늑대, 여우가 살았어. 그런데 지금은 야생에서 그 동물들을 거의 볼 수 없어. 이처럼 수가 크게 줄어 지구에서 사라질 위험에 놓인 동물을 멸종 위기 동물이라고 해.
동물이 사라지는 까닭은 여러 가지야. 사람들이 숲을 베고 땅을 개발하면서 동물이 살 곳이 줄어들었어. 함부로 사냥을 하거나 물과 땅이 오염된 것도 원인이야. 기후가 바뀌어 먹이를 구하기 어려워진 동물도 있어.
우리나라에도 멸종 위기 동물이 많아. 반달가슴곰, 수달, 산양, 황새 같은 동물들이 보호를 받고 있어. 지리산에서는 반달가슴곰을 다시 숲으로 돌려보내는 노력을 하고 있고, 사람들의 보살핌 덕분에 그 수가 늘어나고 있어.
한 동물이 사라지면 그 동물을 먹던 동물도, 그 동물에게 먹히던 생물도 영향을 받아. 자연은 모두 이어져 있거든. 동물들의 집인 숲과 강을 깨끗하게 지키고, 야생 동물을 함부로 잡지 않는 것이 동물을 지키는 첫걸음이야.",야생,산이나 들에서 저절로 나서 자람,개발,땅을 넓히거나 건물을 지어 쓸모 있게 만듦,멸종 위기 동물,뜻,지구에서 {{사라질}} 위험에 놓인 동물,,1,까닭,살 곳이 줄고 사냥과 {{오염}},기후 변화,2,우리나라,"반달가슴곰, {{수달}}, 산양, 황새",,3,지키는 방법,숲과 강을 깨끗하게 지키기,,4,어느 강가에 큰 공장이 들어선 뒤 강물이 더러워지고 물고기가 줄었어. 글의 내용으로 볼 때 이 강에 살던 수달에게 생길 일은?,먹이가 늘어 수가 많아진다,먹이와 살 곳이 줄어 살기 어려워진다,아무 영향도 받지 않는다,더 깨끗한 물에서 살게 된다,2,4,자연은 모두 이어져 있어 물이 오염되고 물고기가 줄면 그것을 먹는 동물도 영향을 받는다.,멸종 위기 동물 하나를 골라 그 동물을 지키기 위한 홍보 문구를 써 보세요.
환경34-10,3~4학년,환경,"화살표 모양의 약속, 재활용 표시","화살표 모양의 약속, 재활용 표시","과자 봉지나 음료수 병을 자세히 보면 화살표가 빙글 돌아가는 모양의 작은 그림이 있어. 이것을 분리배출 표시라고 해. 이 표시는 이 물건을 다 쓴 뒤 어떻게 버려야 하는지 알려 주는 약속이야.
표시 안에는 글자가 쓰여 있어. 종이라고 쓰여 있으면 종이류로, 캔이라고 쓰여 있으면 캔류로 버리면 돼. 플라스틱에는 페트, 피피, 피이처럼 재료 이름이 함께 적혀 있기도 해. 비닐이라고 쓰인 과자 봉지는 비닐류로 모아 버려.
표시를 보면 헷갈리던 쓰레기도 쉽게 나눌 수 있어. 예를 들어 우유 팩은 종이처럼 보이지만 일반 종이와 따로 모아야 해. 안쪽에 얇은 막이 붙어 있어서 재활용하는 방법이 다르거든. 그래서 우유 팩은 종이팩 표시가 따로 있어.
물건을 살 때부터 표시를 살펴보는 것도 좋아. 재활용이 쉬운 재료로 만든 물건을 고르면 쓰레기를 줄일 수 있어. 오늘 집에 있는 물건 다섯 개를 골라 어떤 표시가 있는지 찾아보자.",종이팩,우유나 주스를 담는 종이로 만든 팩,헷갈리던,여러 가지가 뒤섞여 갈피를 잡기 어렵던,분리배출 표시,뜻,다 쓴 뒤 어떻게 {{버려야}} 하는지 알려 줌,화살표 모양,1,표시 안 글자,"종이, {{캔}}, 비닐, 플라스틱 재료 이름",,2,우유 팩,안쪽에 얇은 {{막}}이 있어 따로 모음,,3,살 때부터,재활용이 쉬운 물건 고르기,,4,과자 봉지 뒤에 화살표 표시가 있고 그 안에 비닐이라고 쓰여 있어. 글의 내용으로 볼 때 이 봉지는 어떻게 버려야 할까?,종이류로 버린다,캔류로 버린다,비닐류로 모아 버린다,음식물 쓰레기로 버린다,3,2,표시 안에 비닐이라고 쓰인 과자 봉지는 비닐류로 모아 버린다.,"우리 집 물건에서 분리배출 표시를 찾아보고, 어떤 표시가 있었는지 정리해 써 보세요."
환경34-11,3~4학년,환경,"남기지 않을 만큼, 음식물 쓰레기","남기지 않을 만큼, 음식물 쓰레기","급식을 먹고 나면 식판에 남은 음식이 모여 커다란 통을 채워. 집에서도 먹다 남은 반찬이나 상한 과일을 버리게 되지. 이렇게 먹지 않고 버리는 음식을 음식물 쓰레기라고 해.
음식물 쓰레기는 여러 가지 문제를 일으켜. 버려진 음식은 썩으면서 고약한 냄새를 내고 물을 더럽혀. 음식물 쓰레기를 모으고 처리하는 데도 많은 돈과 에너지가 들어. 게다가 음식을 기르고, 옮기고, 요리하는 데 들인 정성과 자원까지 함께 버려지는 셈이야.
음식물 쓰레기를 줄이는 가장 좋은 방법은 먹을 만큼만 담는 거야. 급식을 받을 때 먹을 수 있는 양을 생각해 받고, 더 먹고 싶으면 다시 받으면 돼. 집에서는 장을 보기 전에 냉장고에 무엇이 있는지 확인하고 필요한 것만 사는 것이 좋아.
남은 음식을 버리기 전에 다시 쓸 수 있는지 생각해 보자. 남은 밥으로 볶음밥을 만들고, 시든 채소로 국을 끓일 수 있어. 한 사람 한 사람이 조금씩만 덜 남겨도 버려지는 음식이 크게 줄어. 오늘 급식은 깨끗한 식판으로 끝내 보자.",식판,음식을 나누어 담도록 칸이 있는 판,처리,일이나 물건을 정리해 마무리함,음식물 쓰레기,뜻,먹지 않고 {{버리는}} 음식,,1,문제,썩으면서 냄새가 나고 물을 더럽힘,처리에 돈과 에너지가 듦,2,줄이는 방법,먹을 {{만큼만}} 담기,장보기 전 냉장고 확인,3,다시 쓰기,남은 밥으로 {{볶음밥}} 만들기,,4,급식 시간에 처음 보는 반찬이 나왔는데 입에 맞을지 잘 모르겠어. 글의 내용으로 볼 때 가장 알맞은 행동은?,한가득 받은 뒤 남기면 버린다,조금만 받아 맛을 보고 더 먹고 싶으면 다시 받는다,아예 받지 않고 친구 것을 버린다,받은 뒤 바닥에 버린다,2,3,먹을 수 있는 양만큼 받고 더 먹고 싶으면 다시 받으면 음식물 쓰레기를 줄일 수 있다.,우리 반 급식 잔반을 줄이기 위한 아이디어를 한 가지 생각해 써 보세요.
환경34-12,3~4학년,환경,"흙을 살리는 일꾼, 지렁이","흙을 살리는 일꾼, 지렁이","비가 온 다음 날 길에서 꿈틀거리는 지렁이를 본 적 있지? 지렁이는 눈도 다리도 없지만 땅속에서 아주 중요한 일을 해. 그래서 사람들은 지렁이를 흙을 살리는 일꾼이라고 불러.
지렁이는 흙 속을 이리저리 다니며 굴을 파. 지렁이가 판 굴로 공기와 물이 땅속 깊이 들어가. 그러면 식물의 뿌리가 숨을 쉬고 물을 잘 빨아들일 수 있어. 딱딱한 흙도 지렁이 덕분에 부드럽고 푹신해져.
지렁이는 떨어진 낙엽과 썩은 식물을 흙과 함께 먹어. 그리고 영양분이 많은 똥을 누는데, 이 똥이 식물에게 좋은 거름이 돼. 그래서 지렁이가 많은 흙은 기름지고 식물이 잘 자라. 지렁이가 많이 사는 땅은 건강한 땅이라는 뜻이기도 해.
지렁이는 피부로 숨을 쉬어서 몸이 늘 촉촉해야 해. 그래서 햇볕이 쨍쨍한 곳에 오래 있으면 말라서 죽을 수 있어. 길에서 지렁이를 만나면 흙이 있는 화단으로 살며시 옮겨 주자. 작은 지렁이도 자연을 위해 일하는 소중한 생물이야.",거름,식물이 잘 자라도록 흙에 주는 영양분,기름지고,흙에 영양분이 많아 식물이 잘 자라고,지렁이,굴 파기,공기와 {{물}}이 땅속 깊이 들어감,흙이 부드러워짐,2,먹이와 똥,낙엽을 먹고 영양분이 많은 {{똥}}을 눔,,3,숨쉬기,{{피부}}로 숨을 쉬어 촉촉해야 함,,4,건강한 땅,지렁이가 많으면 식물이 잘 자람,,3,텃밭의 흙에 지렁이가 많이 산다는 것을 알게 되었어. 글의 내용으로 볼 때 이 텃밭에 대해 가장 알맞게 말한 것은?,흙이 딱딱해서 식물이 자라기 어렵다,흙이 기름지고 부드러워 식물이 잘 자랄 것이다,지렁이가 채소를 모두 먹어 버릴 것이다,흙에 공기가 전혀 없을 것이다,2,3,지렁이가 많은 흙은 기름지고 식물이 잘 자란다.,지렁이를 주인공으로 하여 땅속에서 하는 일을 소개하는 짧은 이야기를 써 보세요.
환경34-13,3~4학년,환경,도시에서 사는 새들,도시에서 사는 새들,"높은 건물과 자동차가 가득한 도시에도 새들이 살아. 공원 나무에서는 참새와 까치가 지저귀고, 비둘기는 광장을 걸어 다녀. 조용히 귀를 기울이면 직박구리와 박새의 소리도 들을 수 있어.
도시의 새들은 공원의 나무, 가로수, 건물의 틈에 둥지를 지어. 나무 열매와 곤충을 먹고, 공원의 연못에서 물을 마시지. 공원과 가로수가 많을수록 도시에 사는 새의 종류도 많아져. 나무는 새들에게 집이자 식당인 셈이야.
하지만 도시는 새들에게 위험한 곳이기도 해. 새들은 투명한 유리창을 보지 못하고 날아가다 부딪히는 일이 많아. 그래서 건물 유리창에 점무늬 스티커를 일정한 간격으로 붙여 새들이 유리를 알아보게 하는 방법이 쓰여.
새들과 함께 살려면 사람들이 배려해야 해. 새에게 과자 같은 사람 음식을 주면 새의 건강을 해칠 수 있어. 둥지가 있는 나무 가까이에서는 소리를 낮추고 조용히 지나가자. 공원에 가면 어떤 새가 사는지 관찰 일기를 써 보는 것도 좋아.",가로수,길을 따라 줄지어 심은 나무,배려,도와주거나 보살펴 주려고 마음을 씀,도시의 새,사는 새,"참새, 까치, 비둘기, 박새",,1,집과 먹이,공원 나무와 건물의 {{틈}}에 둥지를 지음,나무 열매와 곤충,2,위험,투명한 {{유리창}}에 부딪힘,점무늬 스티커,3,함께 살기,사람 음식을 주지 않고 {{조용히}} 지나가기,,4,학교 건물의 큰 유리창 앞에 새가 부딪혀 떨어진 일이 여러 번 있었어. 글의 내용으로 볼 때 가장 알맞은 해결 방법은?,유리창을 더 투명하게 닦는다,유리창에 점무늬 스티커를 간격을 두고 붙인다,새에게 과자를 나누어 준다,주변 나무를 모두 베어 낸다,2,3,유리창에 점무늬 스티커를 붙이면 새들이 유리를 알아보아 부딪히지 않는다.,우리 동네에서 본 새를 한 가지 떠올려 생김새와 사는 곳을 관찰 일기처럼 써 보세요.
환경34-14,3~4학년,환경,한 그루 나무를 심는 마음,한 그루 나무를 심는 마음,"봄이 오면 학교와 마을에서 나무 심기 행사를 하는 곳이 많아. 나무는 한 번 심으면 오랫동안 자라며 우리에게 많은 것을 줘. 맑은 공기, 시원한 그늘, 새들의 집이 모두 나무에게서 와.
나무를 심을 때는 순서가 있어. 먼저 뿌리가 충분히 들어갈 만큼 구덩이를 넓고 깊게 파. 나무를 똑바로 세운 다음 흙을 채우고 발로 살살 밟아 다져. 마지막으로 물을 듬뿍 주면 뿌리가 흙에 잘 자리 잡아.
심은 뒤의 돌봄도 중요해. 어린나무는 바람에 쓰러지지 않게 지지대를 세워 줘. 비가 오지 않는 날이 계속되면 물을 주고, 나무 둘레의 잡초를 뽑아 줘야 해. 나무가 뿌리를 내리고 튼튼해질 때까지는 사람의 손길이 필요해.
나무는 천천히 자라지만, 시간이 지나면 그늘을 만들고 열매를 맺어. 오늘 심은 작은 나무가 몇십 년 뒤에는 우리 동생들과 그 아이들에게 그늘을 선물할 거야. 나무를 심는 것은 미래를 위해 선물을 준비하는 일이야.",지지대,쓰러지지 않게 받쳐 주는 막대,잡초,저절로 나서 자라는 여러 가지 풀,나무 심기,주는 것,"맑은 공기, 시원한 {{그늘}}, 새들의 집",,1,심는 순서,구덩이를 파고 세운 뒤 흙을 채우고 {{물}}을 줌,,2,돌봄,바람에 {{쓰러지지}} 않게 받쳐 줌,잡초 뽑기,3,미래,미래를 위해 선물을 준비하는 일,,4,어린나무를 심고 며칠 뒤 강한 바람이 분다는 예보가 있어. 글의 내용으로 볼 때 가장 먼저 해야 할 일은?,나무를 뽑아 집 안에 둔다,나무 옆에 지지대를 세워 쓰러지지 않게 한다,나무 둘레의 흙을 모두 파낸다,나뭇가지를 모두 잘라 낸다,2,3,어린나무는 바람에 쓰러지지 않게 지지대를 세워 준다.,우리 학교에 나무를 한 그루 심는다면 어디에 어떤 나무를 심고 싶은지 까닭과 함께 써 보세요.
환경34-15,3~4학년,환경,다시 맑아진 우리 동네 하천,다시 맑아진 우리 동네 하천,"예전에는 많은 도시의 하천이 더러웠어. 집과 공장에서 나온 더러운 물이 그대로 흘러들어 냄새가 나고 물고기도 살기 어려웠어. 어떤 하천은 아예 콘크리트로 덮어 길로 만들기도 했어.
사람들은 하천을 되살리기 위해 노력하기 시작했어. 더러운 물이 하천으로 바로 흘러가지 않도록 하수 처리장에서 깨끗하게 거른 뒤 내보냈어. 덮여 있던 하천을 다시 열고, 물가에 풀과 나무를 심어 자연스러운 모습으로 바꾸었지.
하천이 맑아지자 놀라운 변화가 생겼어. 물고기가 다시 돌아오고, 그 물고기를 먹으려고 백로와 왜가리 같은 새들도 찾아왔어. 사람들도 하천 둘레길을 걸으며 쉬고, 여름에는 물가에서 더위를 식혀. 하천은 다시 동네의 쉼터가 되었어.
맑아진 하천을 지키려면 우리가 함께 노력해야 해. 하천에 쓰레기를 버리지 않고, 기름이나 세제를 하수구에 함부로 붓지 않아야 해. 우리 동네 하천에 어떤 생물이 사는지 가족과 함께 걸으며 살펴보자.",하천,시내와 강을 함께 이르는 말,콘크리트,"시멘트, 모래, 자갈을 섞어 굳힌 단단한 재료",하천 살리기,예전 모습,더러운 물이 흘러들어 {{냄새}}가 남,콘크리트로 덮기도 함,1,되살리기,더러운 물을 거른 뒤 내보내고 물가에 나무를 심음,,2,변화,물고기와 {{백로}}가 돌아옴,동네의 쉼터,3,지키는 방법,기름이나 {{세제}}를 하수구에 붓지 않기,,4,하천 둘레길을 걷다가 누군가 하천에 페인트 통을 버린 것을 보았어. 글의 내용으로 볼 때 이 일이 하천에 줄 영향으로 가장 알맞은 것은?,물이 더 맑아져 물고기가 늘어난다,물이 더러워져 물고기와 새가 살기 어려워진다,아무 영향이 없다,하천이 콘크리트로 덮인다,2,4,하천에 쓰레기나 기름 같은 것을 버리면 물이 더러워져 생물이 살기 어려워진다.,우리 동네 하천을 깨끗하게 지키기 위한 안내판 문구를 써 보세요.
환경56-01,5~6학년,환경,"뜨거워지는 지구, 온실가스","뜨거워지는 지구, 온실가스","추운 겨울에 비닐하우스 안에 들어가면 바깥보다 훨씬 따뜻해. 비닐이 햇빛은 들여보내고 안의 열은 잘 빠져나가지 못하게 붙잡기 때문이야. 지구에도 이와 비슷한 일이 일어나. 지구를 둘러싼 공기 속의 몇몇 기체가 비닐처럼 열을 붙잡아 지구를 따뜻하게 지켜 줘. 이런 기체를 온실가스라고 해.
온실가스가 알맞게 있으면 지구는 생물이 살기 좋은 온도를 유지할 수 있어. 만약 온실가스가 전혀 없다면 지구는 몹시 추운 곳이 될 거야. 문제는 온실가스가 너무 많아질 때야. 그러면 붙잡히는 열이 많아져 지구의 평균 기온이 점점 올라가. 이것을 지구 온난화라고 해.
대표적인 온실가스는 이산화탄소야. 석탄, 석유, 가스 같은 화석 연료를 태우면 이산화탄소가 많이 나와. 자동차를 타고, 공장을 돌리고, 전기를 만드는 과정에서 화석 연료를 많이 써 왔어. 이산화탄소를 빨아들이던 숲이 줄어든 것도 온실가스가 늘어난 원인이야.
지구 온난화가 계속되면 여러 문제가 생겨. 극지방의 얼음이 녹아 바닷물의 높이가 올라가고, 폭염과 가뭄, 홍수가 더 자주 일어나. 기온이 바뀌면 그곳에 살던 동식물이 살 곳을 잃기도 해. 농작물이 자라는 곳도 달라져 우리 식탁에도 영향을 줘.
온난화를 늦추려면 온실가스를 줄여야 해. 가까운 곳은 걷거나 자전거를 타고, 전기를 아껴 쓰는 것부터 시작할 수 있어. 나무를 심고 숲을 가꾸는 것도 도움이 돼. 지구의 온도를 지키는 일은 우리 모두의 일이야.",화석 연료,석탄이나 석유처럼 아주 오래전 생물이 땅속에서 변해 만들어진 연료,폭염,매우 심한 더위,지구 온난화,온실가스,지구의 {{열}}을 붙잡는 기체,,1,온난화,온실가스가 너무 많아져 평균 기온이 올라감,,2,원인,화석 연료를 태우고 {{숲}}이 줄어듦,이산화탄소,3,영향,얼음이 녹아 {{바닷물}}의 높이가 올라감,"폭염, 가뭄, 홍수",4,어느 도시가 석탄 발전소를 줄이고 공원에 나무를 많이 심었어. 글의 내용으로 볼 때 이 도시의 노력에 대해 가장 알맞게 설명한 것은?,온실가스를 늘려 지구를 따뜻하게 한다,온실가스를 줄이고 이산화탄소를 빨아들여 온난화를 늦춘다,바닷물의 높이를 올린다,지구 온난화와 아무 관계가 없다,2,5,화석 연료 사용을 줄이고 나무를 심으면 온실가스를 줄여 온난화를 늦출 수 있다.,지구 온난화를 늦추기 위해 내가 일주일 동안 실천할 수 있는 계획을 세워 써 보세요.
환경56-02,5~6학년,환경,바다를 떠도는 플라스틱,바다를 떠도는 플라스틱,"플라스틱은 가볍고 튼튼하며 값이 싸서 우리 생활 곳곳에 쓰여. 그런데 이 장점이 바다에서는 큰 문제가 돼. 쉽게 썩지 않는 플라스틱이 바다로 흘러가면 아주 오랫동안 바다를 떠돌거든. 강을 따라 흘러가거나 바닷가에 버려진 플라스틱이 바다 쓰레기가 되는 거야.
바다로 간 플라스틱은 바다 생물을 위협해. 바다거북은 떠다니는 비닐봉지를 해파리로 알고 삼키기도 해. 바닷새는 작은 플라스틱 조각을 먹이로 알고 새끼에게 먹이기도 하지. 버려진 그물이나 끈에 몸이 감겨 다치는 물개와 물고기도 있어.
플라스틱은 바다에서 사라지지 않고 점점 잘게 부서져. 햇빛과 파도에 깎여 아주 작은 조각이 되는데, 크기가 5밀리미터보다 작은 조각을 미세플라스틱이라고 해. 미세플라스틱은 너무 작아서 건져 내기도 어려워. 작은 물고기와 조개가 이것을 먹고, 그 물고기를 큰 물고기와 사람이 먹게 될 수 있어.
미세플라스틱은 처음부터 작게 만들어지기도 해. 일부 세안제나 치약에 들어 있던 작은 알갱이, 합성 섬유로 만든 옷을 빨 때 떨어지는 실 부스러기도 미세플라스틱이 될 수 있어. 그래서 우리나라를 비롯한 여러 나라에서는 화장품에 작은 플라스틱 알갱이를 넣지 못하게 하고 있어.
바다를 지키려면 플라스틱 쓰레기를 줄이는 것이 가장 중요해. 일회용 플라스틱 대신 다시 쓸 수 있는 물건을 쓰고, 쓰레기는 바르게 분리배출해야 해. 바닷가에 갔을 때 쓰레기를 주워 오는 활동에 참여하는 것도 좋아.",합성 섬유,석유 등을 원료로 만든 실,세안제,얼굴을 씻을 때 쓰는 물질,해양 플라스틱,문제,쉽게 {{썩지}} 않아 오랫동안 떠돎,,1,생물 위협,바다거북이 비닐봉지를 {{해파리}}로 알고 삼킴,그물에 감김,2,미세플라스틱,잘게 부서진 아주 작은 조각,건져 내기 어려움,3,줄이는 방법,다시 쓸 수 있는 물건과 바른 {{분리배출}},,5,바닷가 모래를 체로 걸렀더니 쌀알보다 작은 알록달록한 플라스틱 조각이 잔뜩 나왔어. 글의 내용으로 볼 때 이 조각에 대해 가장 알맞게 말한 것은?,곧 썩어서 흙이 될 것이다,큰 플라스틱이 부서져 생긴 미세플라스틱일 수 있다,바다 생물이 만든 알이다,바다를 깨끗하게 해 준다,2,3,플라스틱은 햇빛과 파도에 깎여 아주 작은 미세플라스틱이 된다.,바다 생물의 입장이 되어 사람들에게 플라스틱 쓰레기에 대해 부탁하는 편지를 써 보세요.
환경56-03,5~6학년,환경,"다양할수록 튼튼해요, 생물 다양성","다양할수록 튼튼해요, 생물 다양성","숲에 가면 키 큰 나무와 작은 풀, 버섯, 곤충, 새, 다람쥐가 함께 살아. 같은 나무라도 소나무, 참나무, 단풍나무처럼 종류가 여러 가지야. 이렇게 지구에 사는 생물의 종류가 얼마나 많고 다양한지를 나타내는 말을 생물 다양성이라고 해.
생물 다양성은 세 가지로 살펴볼 수 있어. 첫째는 여러 종류의 생물이 사는 종의 다양성이야. 둘째는 같은 종 안에서도 생김새나 성질이 조금씩 다른 유전적 다양성이야. 셋째는 숲, 갯벌, 사막, 바다처럼 생물이 사는 환경이 다양한 생태계 다양성이야.
생물 다양성이 높으면 자연이 튼튼해져. 한 가지 먹이가 사라져도 다른 먹이가 있으면 동물들은 살아갈 수 있어. 같은 종 안에 다양한 성질이 있으면 병이 돌아도 이겨 내는 무리가 생겨. 한 종류의 작물만 심은 밭은 병 하나에 모두 망가질 수 있지만, 여러 작물을 심은 밭은 피해가 적어.
생물 다양성은 사람에게도 큰 선물이야. 우리가 먹는 음식, 입는 옷, 먹는 약의 많은 재료가 다양한 생물에게서 와. 아직 발견되지 않은 생물 속에 미래의 약이 숨어 있을지도 몰라. 그런데 개발, 오염, 기후 변화로 많은 생물이 빠르게 사라지고 있어.
생물 다양성을 지키려면 생물이 사는 곳을 지켜야 해. 숲과 습지를 보호하고, 함부로 동식물을 잡거나 꺾지 않아야 해. 학교 화단에 여러 종류의 꽃을 심어 곤충이 찾아오게 하는 것도 작은 실천이 될 수 있어.",유전적,부모에게서 자식에게 물려지는 성질에 관한,습지,늘 물기가 있어 축축한 땅,생물 다양성,뜻,생물의 종류가 얼마나 많고 {{다양한지}} 나타냄,,1,세 가지,"종, 유전적, {{생태계}} 다양성",,2,좋은 점,한 먹이가 사라져도 다른 {{먹이}}로 살아감,여러 작물을 심은 밭,3,지키는 방법,생물이 사는 곳을 보호하기,,5,"어느 지역에서 감자 한 품종만 심었는데, 감자 병이 돌자 그 지역 감자가 거의 모두 못 쓰게 되었어. 글의 내용으로 볼 때 이런 피해를 줄이는 방법으로 가장 알맞은 것은?",같은 품종을 더 많이 심는다,여러 품종과 여러 작물을 함께 심는다,밭을 모두 없앤다,감자 대신 아무것도 심지 않는다,2,3,다양한 성질과 종류가 섞여 있으면 병이 돌아도 피해가 적다.,우리 학교에서 생물 다양성을 높이기 위해 할 수 있는 일을 계획해 써 보세요.
환경56-04,5~6학년,환경,"내가 남긴 흔적, 탄소 발자국","내가 남긴 흔적, 탄소 발자국","모래사장을 걸으면 발자국이 남듯이, 우리가 살아가는 동안에도 지구에 흔적이 남아. 물건을 만들고, 옮기고, 쓰고, 버리는 모든 과정에서 이산화탄소 같은 온실가스가 나오거든. 어떤 활동이나 물건 때문에 나온 온실가스의 양을 모두 더한 것을 탄소 발자국이라고 해.
탄소 발자국은 눈에 보이는 곳뿐 아니라 보이지 않는 곳에서도 생겨. 예를 들어 바나나 하나가 우리 식탁에 오기까지 농장에서 기르고, 배와 트럭으로 옮기고, 가게에서 차갑게 보관하는 과정을 거쳐. 이 모든 과정에서 에너지가 쓰이고 온실가스가 나와.
그래서 같은 음식이라도 어떻게 왔느냐에 따라 탄소 발자국이 달라져. 먼 나라에서 비행기로 실어 온 음식은 가까운 곳에서 기른 음식보다 옮기는 데 에너지가 많이 들어. 제철에 가까운 곳에서 자란 음식을 고르면 탄소 발자국을 줄일 수 있어. 고기를 기르는 데에는 채소를 기르는 것보다 대체로 더 많은 온실가스가 나온다고 알려져 있어.
우리 생활에서 탄소 발자국을 줄이는 방법은 많아. 가까운 곳은 걷거나 자전거를 타고, 먼 곳은 버스나 지하철을 이용해. 물건은 꼭 필요한 것만 사고 오래 쓰는 것이 좋아. 쓰지 않는 전기 기구는 끄고, 쓰레기는 줄이고 바르게 분리배출하자.
어떤 제품에는 탄소 발자국을 숫자로 적은 표시가 붙어 있기도 해. 물건을 살 때 이런 표시를 살펴보면 지구를 생각하는 선택을 할 수 있어. 오늘 하루 내가 남긴 탄소 발자국을 떠올려 보고 줄일 수 있는 것을 찾아보자.",제철,"알맞은 때, 특히 농산물이 많이 나는 시기",보관,물건을 맡아서 잘 간직함,탄소 발자국,뜻,활동이나 물건 때문에 나온 {{온실가스}}의 양,,1,보이지 않는 곳,"기르고, 옮기고, 보관하는 과정",,2,음식 고르기,제철에 {{가까운}} 곳에서 자란 음식,,3,줄이는 방법,"걷거나 {{자전거}} 타기, 필요한 것만 사기",,4,"같은 딸기잼 두 병이 있어. 하나는 먼 나라에서 비행기로 실어 왔고, 하나는 우리 지역 농장에서 만들었어. 글의 내용으로 볼 때 탄소 발자국이 더 작을 가능성이 높은 것은?",먼 나라에서 비행기로 실어 온 잼,우리 지역 농장에서 만든 잼,두 잼은 반드시 같다,병이 더 큰 잼,2,3,가까운 곳에서 만든 음식은 옮기는 데 에너지가 적게 들어 탄소 발자국이 작다.,오늘 하루 내 생활에서 탄소 발자국이 생긴 일을 세 가지 찾아 줄이는 방법과 함께 써 보세요.
환경56-05,5~6학년,환경,"다시 채워지는 에너지, 재생 에너지","다시 채워지는 에너지, 재생 에너지","석탄과 석유 같은 화석 연료는 한 번 쓰면 다시 만들어지는 데 아주 오랜 시간이 걸려. 언젠가는 바닥이 날 수 있고, 태울 때 온실가스도 많이 나와. 그래서 사람들은 자연에서 계속 얻을 수 있는 에너지에 관심을 기울이고 있어. 햇빛, 바람, 물처럼 써도 다시 채워지는 에너지를 재생 에너지라고 해.
태양광 발전은 태양 전지판으로 햇빛을 받아 전기를 만들어. 지붕이나 넓은 땅에 판을 설치하면 해가 비치는 동안 전기가 만들어져. 풍력 발전은 커다란 바람개비처럼 생긴 풍력 발전기를 바람의 힘으로 돌려 전기를 만들어. 바람이 많이 부는 바닷가나 높은 산에 많이 세워.
물의 힘을 이용하는 방법도 있어. 수력 발전은 댐에 모아 둔 물을 높은 곳에서 떨어뜨려 그 힘으로 발전기를 돌려. 밀물과 썰물의 차이를 이용하는 조력 발전도 있어. 땅속의 뜨거운 열을 이용하는 지열 에너지도 재생 에너지에 들어가.
재생 에너지는 온실가스를 거의 내뿜지 않고 바닥날 걱정이 적다는 장점이 있어. 하지만 어려운 점도 있어. 햇빛과 바람은 날씨에 따라 세기가 달라서 전기를 늘 고르게 만들기 어려워. 또 발전 시설을 세우려면 넓은 땅이 필요하고 처음에 비용이 많이 들어.
그래서 과학자들은 남는 전기를 저장했다가 필요할 때 쓰는 기술을 연구하고 있어. 학교 옥상에 태양 전지판을 설치하는 곳도 늘고 있어. 재생 에너지가 더 널리 쓰일수록 지구는 더 깨끗해질 거야.",발전,전기를 일으키는 일,조력,밀물과 썰물이 움직이는 힘,재생 에너지,뜻,써도 다시 {{채워지는}} 에너지,"햇빛, 바람, 물",1,태양광과 풍력,햇빛과 {{바람}}으로 전기를 만듦,,2,물과 땅의 힘,"수력, 조력, 지열",,3,어려운 점,{{날씨}}에 따라 세기가 달라짐,넓은 땅과 비용,4,바람이 거의 불지 않는 날이 며칠 동안 이어졌어. 글의 내용으로 볼 때 이때 생길 수 있는 문제로 가장 알맞은 것은?,풍력 발전으로 만드는 전기가 줄어든다,태양광 발전이 멈춘다,댐의 물이 모두 사라진다,온실가스가 더 많이 나온다,1,4,햇빛과 바람은 날씨에 따라 세기가 달라 전기를 늘 고르게 만들기 어렵다.,우리 학교에 재생 에너지 시설을 하나 설치한다면 무엇을 어디에 설치하고 싶은지 까닭과 함께 써 보세요.
환경56-06,5~6학년,환경,"산성을 띤 비, 산성비","산성을 띤 비, 산성비","비는 원래 아주 약한 산성을 띠고 있어. 공기 속의 이산화탄소가 빗물에 조금 녹기 때문이야. 그런데 공기가 많이 더러워지면 빗물이 훨씬 강한 산성을 띠게 돼. 이렇게 보통의 비보다 산성이 강한 비를 산성비라고 해.
산성비의 주된 원인은 석탄과 석유를 태울 때 나오는 기체야. 공장, 발전소, 자동차에서 나온 이 기체들이 공기 중의 수증기와 만나 산성 물질로 변해. 이 물질이 빗물에 녹아 산성비가 돼. 바람을 타고 멀리 날아가기 때문에 오염 물질이 나온 곳에서 먼 지역에도 산성비가 내릴 수 있어.
산성비는 자연에 큰 피해를 줘. 숲에 산성비가 계속 내리면 흙 속의 양분이 빠져나가 나무가 시들어. 호수와 강이 산성으로 변하면 물고기와 물속 생물이 살기 어려워져. 흙과 물이 바뀌면 그곳의 먹이 사슬 전체가 흔들릴 수 있어.
산성비는 사람이 만든 것도 망가뜨려. 대리석으로 만든 조각상이나 오래된 건물은 산성비에 조금씩 녹아 표면이 거칠어져. 쇠로 만든 다리나 철로도 더 빨리 녹이 슬어. 오랜 세월을 견딘 문화유산이 산성비 때문에 훼손되기도 해.
산성비를 줄이려면 원인이 되는 기체를 줄여야 해. 공장과 발전소에는 오염 물질을 걸러 내는 장치를 달고, 사람들은 에너지를 아껴 쓰고 대중교통을 이용할 수 있어. 공기를 깨끗하게 하는 일이 곧 빗물을 깨끗하게 하는 일이야.",대리석,조각이나 건물에 많이 쓰는 무늬가 고운 돌,훼손,헐거나 깨뜨려 못 쓰게 함,산성비,뜻,보통의 비보다 {{산성}}이 강한 비,,1,원인,석탄과 석유를 태울 때 나오는 기체,바람을 타고 멀리 감,2,자연 피해,흙의 양분이 빠져 {{나무}}가 시듦,물고기가 살기 어려움,3,건물 피해,조각상이 녹고 {{문화유산}}이 훼손됨,,4,"공장이 하나도 없는 산속 마을의 호수에서 물고기가 줄어들었는데, 조사해 보니 산성비 때문이었어. 글의 내용으로 이 일을 가장 잘 설명한 것은?",산속 마을 사람들이 석탄을 많이 태웠기 때문이다,멀리서 나온 오염 물질이 바람을 타고 와서 산성비로 내렸기 때문이다,호수에 물고기가 원래 살지 않았기 때문이다,비가 전혀 오지 않았기 때문이다,2,2,산성비의 원인이 되는 기체는 바람을 타고 멀리 날아가 먼 지역에도 산성비가 내릴 수 있다.,산성비로부터 우리 문화유산을 지키기 위한 방법을 생각해 써 보세요.
환경56-07,5~6학년,환경,"지구의 자외선 차단제, 오존층","지구의 자외선 차단제, 오존층","햇빛 속에는 눈에 보이지 않는 자외선이 들어 있어. 자외선을 너무 많이 쬐면 피부가 붉게 타고, 심하면 피부와 눈에 병이 생길 수 있어. 다행히 지구에는 자외선의 많은 부분을 막아 주는 보호막이 있어. 바로 하늘 높은 곳에 있는 오존층이야.
오존층은 지구 표면에서 아주 높은 곳에 오존이라는 기체가 많이 모여 있는 층이야. 오존층은 태양에서 오는 해로운 자외선의 많은 부분을 흡수해. 그래서 지구의 생물들이 안전하게 살 수 있어. 오존층은 지구가 바른 자외선 차단제와 같아.
그런데 과학자들은 남극 하늘의 오존층이 얇아진 것을 발견했어. 오존이 크게 줄어든 곳을 오존 구멍이라고 불러. 그 원인은 사람이 만든 프레온 가스였어. 프레온 가스는 예전에 냉장고, 에어컨, 스프레이에 많이 쓰였는데, 하늘 높이 올라가 오존을 파괴했어.
이 사실이 알려지자 세계 여러 나라가 힘을 모았어. 여러 나라가 몬트리올 의정서라는 약속을 맺고 오존층을 파괴하는 물질을 점점 쓰지 않기로 했어. 그 뒤 프레온 가스 대신 다른 물질을 쓰게 되었고, 과학자들은 오존층이 천천히 회복되고 있다고 보고 있어.
오존층 이야기는 세계가 함께 노력하면 환경 문제를 해결할 수 있다는 좋은 예야. 하지만 오존층이 완전히 회복되려면 아직 오랜 시간이 걸려. 우리는 햇빛이 강한 날 모자를 쓰고 자외선 차단제를 발라 몸을 보호하자.",자외선,햇빛 속에 있는 눈에 보이지 않는 빛의 한 가지,의정서,나라들이 약속한 내용을 적은 문서,오존층,하는 일,해로운 자외선을 {{흡수}}함,지구의 보호막,2,오존 구멍,{{남극}} 하늘의 오존층이 얇아짐,,3,원인,냉장고와 스프레이에 쓰인 {{프레온}} 가스,,3,해결,세계가 약속해 파괴 물질을 줄임,오존층이 회복되고 있음,4,오존층 이야기를 통해 다른 환경 문제를 해결할 때 배울 수 있는 점으로 글의 내용과 가장 잘 맞는 것은?,한 나라만 노력하면 충분하다,원인 물질을 줄이기로 세계가 함께 약속하면 문제를 풀 수 있다,환경 문제는 저절로 해결된다,자외선은 몸에 아무 영향이 없다,2,5,오존층 이야기는 세계가 함께 노력하면 환경 문제를 해결할 수 있다는 예다.,지구 온난화 같은 다른 환경 문제를 해결하는 데 오존층의 교훈을 어떻게 적용할 수 있을지 써 보세요.
환경56-08,5~6학년,환경,"점점 넓어지는 사막, 사막화","점점 넓어지는 사막, 사막화","풀과 나무가 자라던 땅이 점점 메말라 모래와 먼지만 날리는 땅으로 바뀌는 곳이 있어. 이렇게 원래 사막이 아니던 땅이 사막처럼 메마른 땅으로 변해 가는 현상을 사막화라고 해. 사막화는 아프리카, 아시아 등 여러 대륙에서 일어나고 있어.
사막화의 원인에는 자연적인 것과 사람 때문인 것이 있어. 비가 오랫동안 내리지 않는 가뭄과 기온이 올라가는 기후 변화가 땅을 메마르게 해. 여기에 사람들이 나무를 너무 많이 베고, 가축을 지나치게 많이 풀어 풀을 먹이면 땅을 덮고 있던 식물이 사라져. 식물이 없어진 땅은 비가 와도 물을 붙잡지 못해.
사막화가 일어나면 그 땅에서 농사를 짓기 어려워져. 먹을 것이 부족해진 사람들은 살던 곳을 떠나야 하기도 해. 또 메마른 땅에서 일어난 모래 먼지가 바람을 타고 멀리 날아가. 봄철 우리나라에 날아오는 황사도 중국과 몽골의 메마른 땅에서 시작되는 경우가 많아.
사막화를 막기 위해 여러 나라가 노력하고 있어. 메마른 땅에 가뭄에 강한 나무를 심어 숲을 만들고, 가축을 한곳에 너무 많이 풀어 두지 않도록 관리해. 우리나라의 여러 단체도 몽골과 중국에 나무를 심는 활동을 해 왔어. 나무가 뿌리를 내리면 흙이 날아가지 않고 물을 머금을 수 있어.
사막화는 멀리 있는 나라의 일 같지만, 황사처럼 우리에게도 영향을 줘. 지구 온난화를 늦추고 숲을 지키는 일이 사막화를 막는 데에도 도움이 돼. 지구는 모두 이어져 있다는 것을 기억하자.",가축,"소, 양, 염소처럼 집에서 기르는 짐승",황사,바람에 날려 온 누런 모래 먼지,사막화,뜻,메마른 땅으로 변해 가는 현상,,1,원인,나무 베기와 지나친 방목으로 {{식물}}이 사라짐,가뭄과 기후 변화,2,영향,농사를 짓기 어렵고 모래 {{먼지}}가 날아감,,3,막는 방법,가뭄에 강한 나무를 심어 {{숲}} 만들기,,4,어느 초원 마을에서 염소를 크게 늘려 키웠더니 몇 년 뒤 풀이 사라지고 흙먼지가 날리기 시작했어. 글의 내용으로 볼 때 가장 알맞은 해결 방법은?,염소를 더 늘린다,염소의 수를 알맞게 관리하고 풀과 나무를 다시 심는다,남은 풀을 모두 베어 낸다,물을 주지 않는다,2,4,가축을 지나치게 풀어 두지 않도록 관리하고 나무와 풀을 심으면 사막화를 막을 수 있다.,"황사가 심한 날, 사막화와 우리 생활이 어떻게 이어져 있는지 설명하는 글을 써 보세요."
환경56-09,5~6학년,환경,"먹고 먹히는 관계, 먹이 사슬","먹고 먹히는 관계, 먹이 사슬","들판에서 메뚜기가 풀을 먹고, 개구리가 메뚜기를 먹고, 뱀이 개구리를 먹어. 그리고 매가 뱀을 잡아먹지. 이렇게 생물들이 먹고 먹히는 관계를 사슬처럼 이은 것을 먹이 사슬이라고 해. 자연에는 이런 먹이 사슬이 아주 많아.
먹이 사슬의 맨 처음에는 대개 식물이 있어. 식물은 햇빛을 받아 스스로 양분을 만들기 때문에 생산자라고 해. 식물을 먹는 동물과 그 동물을 먹는 동물은 스스로 양분을 만들지 못하고 다른 생물을 먹어야 해서 소비자라고 불러. 죽은 생물이나 배설물을 분해하는 세균과 곰팡이는 분해자라고 해.
실제 자연에서는 먹이 사슬이 한 줄로만 이어져 있지 않아. 메뚜기는 개구리뿐 아니라 새에게도 먹히고, 개구리도 뱀뿐 아니라 다른 동물에게 먹혀. 이렇게 여러 먹이 사슬이 그물처럼 얽힌 것을 먹이 그물이라고 해. 먹이 그물이 복잡할수록 자연은 더 튼튼해.
먹이 사슬의 한 부분이 무너지면 다른 생물에게도 영향이 퍼져. 만약 사람들이 뱀을 모두 잡아 버리면 개구리가 크게 늘어나 메뚜기가 줄어들 수 있어. 반대로 뱀을 먹던 매는 먹이가 부족해질 거야. 그래서 생물의 수는 서로 균형을 이루며 유지되고 있어.
사람도 먹이 그물의 한 부분이야. 우리가 강에 버린 오염 물질이나 바다로 흘러간 쓰레기는 먹이 사슬을 따라 결국 우리에게 돌아올 수 있어. 자연의 균형을 지키는 일은 결국 우리 자신을 지키는 일이야.",배설물,동물이 몸 밖으로 내보낸 똥이나 오줌,균형,어느 한쪽으로 치우치지 않고 고른 상태,먹이 사슬,뜻,먹고 먹히는 관계를 {{사슬}}처럼 이은 것,,1,역할,"식물은 생산자, 동물은 소비자, 세균은 {{분해자}}",,2,먹이 그물,여러 먹이 사슬이 그물처럼 얽힘,,3,균형,한 부분이 무너지면 {{영향}}이 퍼짐,,4,어느 숲에서 여우를 모두 잡아 버렸더니 들쥐의 수가 크게 늘어났어. 글의 내용으로 볼 때 이 숲에서 이어서 일어날 수 있는 일로 가장 알맞은 것은?,들쥐가 먹는 풀씨와 열매가 크게 줄어든다,들쥐가 모두 사라진다,숲의 식물이 더 많아진다,아무 변화도 일어나지 않는다,1,4,먹이 사슬의 한 부분이 무너지면 다른 생물에게도 영향이 퍼진다.,"우리 주변에서 볼 수 있는 생물로 먹이 사슬을 하나 만들고, 그중 하나가 사라지면 어떻게 될지 써 보세요."
환경56-10,5~6학년,환경,"버려진 물건에 새 쓸모를, 업사이클링","버려진 물건에 새 쓸모를, 업사이클링","다 쓴 물건을 버리지 않고 다시 쓰는 방법에는 여러 가지가 있어. 페트병을 녹여 새 플라스틱을 만드는 것은 재활용이야. 그런데 버려질 물건에 디자인과 아이디어를 더해 더 가치 있는 새 물건으로 만드는 방법도 있어. 이것을 업사이클링이라고 해. 우리말로는 새활용이라고도 불러.
업사이클링의 예는 생각보다 많아. 버려진 현수막으로 튼튼한 장바구니를 만들고, 낡은 청바지로 필통이나 가방을 만들어. 다 쓴 소방 호스로 지갑을 만드는 회사도 있어. 깨진 그릇 조각으로 예쁜 모자이크 작품을 만들기도 해.
재활용은 물건을 잘게 부수거나 녹여 원료로 되돌리는 과정에서 많은 에너지가 들어. 업사이클링은 물건의 모양이나 재료를 그대로 살려 쓰는 경우가 많아서 에너지가 덜 들 수 있어. 또 세상에 하나뿐인 특별한 물건이 만들어진다는 즐거움도 있어.
하지만 업사이클링이 만능은 아니야. 업사이클링 제품이라도 꼭 필요하지 않은데 많이 사면 결국 또 다른 쓰레기가 될 수 있어. 가장 좋은 방법은 처음부터 물건을 적게 사고 오래 쓰는 거야. 그다음이 다시 쓰고, 고쳐 쓰고, 새활용하는 거지.
우리도 집에서 업사이클링을 해 볼 수 있어. 다 마신 우유 팩으로 연필꽂이를 만들거나, 작아진 티셔츠로 걸레나 가방을 만들 수 있어. 버리기 전에 한 번 더 생각해 보면 쓰레기가 멋진 작품이 될 수 있어.",현수막,글씨를 써서 걸어 놓는 긴 천,모자이크,여러 조각을 붙여 무늬나 그림을 만드는 방법,업사이클링,뜻,아이디어를 더해 더 {{가치}} 있는 물건으로,새활용,1,예,"현수막 장바구니, {{청바지}} 필통",,2,재활용과 차이,모양과 재료를 살려 에너지가 덜 들 수 있음,,3,주의할 점,필요 없이 사면 또 다른 {{쓰레기}},적게 사고 오래 쓰기,4,다음 가운데 글에서 말한 업사이클링의 예로 가장 알맞은 것은?,페트병을 녹여 새 플라스틱 원료로 만든다,낡은 우산 천으로 방수 가방을 만든다,쓰레기를 땅에 묻는다,새 가방을 여러 개 산다,2,1,업사이클링은 버려질 물건에 아이디어를 더해 더 가치 있는 새 물건으로 만드는 것이다.,우리 집에서 버려질 물건 하나를 골라 어떤 새 물건으로 업사이클링할지 계획을 써 보세요.
환경56-11,5~6학년,환경,"물이 모자라는 지구, 물 부족","물이 모자라는 지구, 물 부족","지구 표면의 대부분은 물로 덮여 있어서 지구를 물의 행성이라고 불러. 그런데 지구의 물 대부분은 짠 바닷물이야. 나머지 민물도 상당 부분이 남극과 북극의 얼음으로 얼어 있어. 사람이 쉽게 쓸 수 있는 강물, 호숫물, 얕은 땅속의 지하수는 아주 적은 양이야.
그런데 사람이 쓰는 물의 양은 점점 늘고 있어. 사람의 수가 늘어나고, 농사와 공장에 쓰는 물이 많아졌기 때문이야. 기후 변화로 가뭄이 잦아지는 지역도 생겼어. 그래서 세계 곳곳에서 물이 모자라 어려움을 겪는 사람들이 많아.
물이 부족한 지역에서는 깨끗한 물을 얻기 위해 먼 길을 걸어가야 하는 사람들도 있어. 깨끗하지 않은 물을 마셔 병에 걸리기도 하지. 물을 둘러싸고 지역이나 나라 사이에 다툼이 생기기도 해. 물은 생명과 건강을 지키는 데 꼭 필요하기 때문이야.
물 부족을 해결하기 위해 여러 방법이 쓰여. 바닷물에서 소금을 걸러 내 마실 물로 만드는 시설을 짓고, 빗물을 모아 두었다가 쓰는 장치를 만들어. 한 번 쓴 물을 깨끗하게 처리해 화장실 물이나 청소에 다시 쓰기도 해. 농사에서는 물을 조금씩 뿌리 가까이에 주는 방법으로 물을 아껴.
우리나라도 물 걱정이 없는 나라가 아니야. 비가 여름에 몰려 내려서 다른 계절에는 물이 모자랄 수 있어. 양치할 때 컵을 쓰고, 빗물을 모아 화분에 주는 작은 실천부터 해 보자.",민물,강이나 호수처럼 짜지 않은 물,지하수,땅속에 고여 있거나 흐르는 물,물 부족,쓸 수 있는 물,대부분 바닷물이고 쓰기 쉬운 물은 아주 {{적은}} 양,,1,원인,사람의 수가 늘고 {{가뭄}}이 잦아짐,,2,어려움,먼 길을 걸어 물을 구하고 병에 걸림,,3,해결 방법,"바닷물에서 소금 걸러 내기, {{빗물}} 모으기",,4,비가 거의 오지 않는 섬마을에 마실 물이 부족해. 글에서 소개한 방법 가운데 이 마을에 가장 알맞은 것은?,바닷물에서 소금을 걸러 내 마실 물로 만든다,물을 더 많이 쓴다,얼음을 모두 녹인다,물을 쓰지 않고 지낸다,1,4,바닷물에서 소금을 걸러 내 마실 물로 만드는 시설은 바다로 둘러싸인 곳의 물 부족 해결에 쓰인다.,물이 부족한 지역의 친구에게 도움이 될 수 있는 방법을 생각해 써 보세요.
환경56-12,5~6학년,환경,"도시가 더 더운 까닭, 열섬 현상","도시가 더 더운 까닭, 열섬 현상","여름날 도시 한복판에 있다가 공원이나 숲에 가면 훨씬 시원하게 느껴져. 실제로 도시 중심은 둘레의 시골이나 교외보다 기온이 높은 경우가 많아. 기온을 지도에 나타내면 도시 부분이 바다 위의 섬처럼 높게 솟아 보여. 그래서 이것을 열섬 현상이라고 해.
열섬 현상이 생기는 까닭은 여러 가지야. 도시는 아스팔트와 콘크리트로 덮여 있는데, 이것들은 햇빛을 받아 열을 많이 머금고 밤에도 천천히 내보내. 자동차, 에어컨, 공장에서도 많은 열이 나와. 높은 건물이 빽빽하면 바람이 잘 통하지 않아 열이 빠져나가기 어려워.
숲과 흙이 많은 곳은 사정이 달라. 식물은 잎으로 물을 내보내면서 둘레의 열을 식혀 줘. 흙은 물을 머금었다가 증발시키면서 땅을 시원하게 해. 나무 그늘은 햇빛을 막아 땅이 뜨거워지는 것을 줄여 줘.
열섬 현상이 심해지면 여름에 더위로 힘들어하는 사람이 많아지고, 밤에도 기온이 떨어지지 않는 열대야가 늘어나. 에어컨을 더 많이 틀게 되어 에너지 사용이 늘고, 그만큼 열이 더 나오는 악순환이 생기기도 해.
도시를 시원하게 만들기 위해 여러 방법이 쓰여. 공원과 가로수를 늘리고, 건물 옥상에 풀과 나무를 심는 옥상 정원을 만들어. 햇빛을 반사하는 밝은 색 지붕을 쓰고, 바람이 잘 통하도록 건물을 배치하기도 해. 도시에 초록이 많아질수록 더위도 줄어들어.",교외,도시 둘레의 들이나 논밭이 있는 곳,악순환,나쁜 일이 되풀이되며 점점 더 나빠짐,열섬 현상,뜻,도시 중심의 기온이 둘레보다 높음,,1,원인,{{아스팔트}}와 콘크리트가 열을 머금음,자동차와 에어컨의 열,2,식물의 역할,잎으로 {{물}}을 내보내며 열을 식힘,,3,해결 방법,"공원과 가로수, {{옥상}} 정원",밝은 색 지붕,5,어느 도시가 넓은 주차장을 공원으로 바꾸고 나무를 많이 심었어. 글의 내용으로 볼 때 이 변화가 가져올 효과로 가장 알맞은 것은?,주변 기온이 더 올라간다,나무 그늘과 식물 덕분에 주변이 더 시원해진다,바람이 전혀 통하지 않게 된다,열대야가 더 늘어난다,2,3,식물은 물을 내보내며 열을 식히고 그늘이 햇빛을 막아 주변을 시원하게 한다.,우리 동네를 더 시원하게 만들기 위한 아이디어를 하나 내고 그 까닭을 써 보세요.
환경56-13,5~6학년,환경,"굴러온 돌, 외래종","굴러온 돌, 외래종","원래 우리나라에 살지 않았는데 사람에 의해 다른 나라에서 들어온 생물을 외래종이라고 해. 외래종은 일부러 들여오기도 하고, 배나 비행기의 짐에 섞여 모르는 사이에 들어오기도 해. 외래종이 모두 나쁜 것은 아니야. 감자나 고추처럼 오래전에 들어와 우리 생활에 도움이 되는 생물도 많아.
문제는 외래종이 새로운 곳에서 너무 많이 퍼질 때야. 원래 살던 곳에서는 천적이 있어 수가 조절되었지만, 새로운 곳에는 천적이 없는 경우가 많아. 그러면 외래종은 빠르게 수를 늘리고, 원래 살던 토종 생물의 먹이와 살 곳을 빼앗아. 이렇게 생태계에 피해를 주는 외래종을 생태계 교란 생물이라고 해.
우리나라의 대표적인 예가 황소개구리와 큰입배스야. 황소개구리는 식용으로 들여왔지만 몸집이 크고 무엇이든 잘 먹어서 토종 개구리와 물고기, 심지어 뱀까지 잡아먹었어. 큰입배스도 강과 호수에서 토종 물고기를 많이 잡아먹어. 식물 가운데에는 가시박이 다른 식물을 덮어 자라지 못하게 만들어.
외래종 문제는 한 번 퍼지면 되돌리기가 무척 어려워. 그래서 처음부터 들어오지 않도록 막는 것이 가장 중요해. 나라에서는 공항과 항구에서 동식물의 출입을 검사하고, 생태계 교란 생물을 정해 관리하고 있어. 사람들이 모여 가시박을 뽑는 활동을 하기도 해.
우리도 외래종 문제를 막는 데 힘을 보탤 수 있어. 기르던 동물이나 물고기를 강이나 산에 함부로 놓아주면 안 돼. 귀여워서 키웠던 동물이 자연에서는 다른 생물을 위협할 수 있거든. 끝까지 책임지고 기르는 것이 생태계를 지키는 길이야.",천적,어떤 생물을 잡아먹는 다른 생물,교란,어지럽고 혼란하게 함,외래종,뜻,사람에 의해 다른 나라에서 들어온 생물,"감자, 고추처럼 도움 되는 것도 있음",1,문제,천적이 없어 퍼지고 {{토종}} 생물의 먹이를 빼앗음,,2,예,"황소개구리, 큰입배스, {{가시박}}",,3,막는 방법,공항과 항구에서 출입 {{검사}},,4,집에서 기르던 외국산 거북이가 너무 커져서 근처 연못에 놓아주자는 의견이 나왔어. 글의 내용으로 볼 때 가장 알맞은 판단은?,연못에 놓아주면 거북이도 행복하고 아무 문제가 없다,연못의 토종 생물을 위협할 수 있으므로 놓아주면 안 된다,외래종은 모두 도움이 되므로 놓아주어야 한다,연못에 많이 놓아줄수록 좋다,2,5,기르던 동물을 자연에 함부로 놓아주면 다른 생물을 위협할 수 있으므로 끝까지 책임지고 길러야 한다.,반려동물을 기르기 전에 생각해야 할 점을 외래종 문제와 연결해 써 보세요.
환경56-14,5~6학년,환경,"더하고 빼서 영으로, 탄소 중립","더하고 빼서 영으로, 탄소 중립","우리가 살아가는 동안 온실가스가 나오는 것을 완전히 막기는 어려워. 공장을 돌리고, 집을 따뜻하게 하고, 이동하는 데 에너지가 필요하기 때문이야. 그래서 나온 만큼 다시 흡수하거나 없애 실제로 늘어나는 양을 영으로 만들자는 생각이 생겼어. 이것을 탄소 중립이라고 해.
탄소 중립은 두 가지 방법으로 이루어져. 첫째는 내보내는 온실가스를 최대한 줄이는 거야. 화석 연료 대신 햇빛이나 바람으로 만든 전기를 쓰고, 에너지를 아끼고, 전기 자동차를 늘리는 것이 그 예야. 둘째는 어쩔 수 없이 나온 온실가스를 흡수하는 거야. 숲을 가꾸어 나무가 이산화탄소를 빨아들이게 하고, 공기 중의 이산화탄소를 모아 저장하는 기술을 쓰기도 해.
많은 나라가 탄소 중립을 목표로 정했어. 우리나라도 2050년까지 탄소 중립을 이루겠다고 발표했어. 이를 위해 석탄 발전을 줄이고 재생 에너지를 늘리는 계획을 세우고 있어. 기업들도 공장에서 나오는 온실가스를 줄이는 방법을 찾고 있어.
탄소 중립은 쉬운 일이 아니야. 오랫동안 써 온 화석 연료를 바꾸려면 많은 돈과 시간이 들어. 일자리가 바뀌는 사람들도 생길 수 있어. 그래서 정부, 기업, 시민이 함께 힘을 모아야 해.
우리도 생활 속에서 탄소 중립에 참여할 수 있어. 대중교통을 이용하고, 전기를 아끼고, 물건을 오래 쓰는 거야. 작은 실천이 모이면 우리가 남기는 온실가스를 줄이는 큰 힘이 돼.",흡수,빨아서 거두어들임,기업,물건이나 서비스를 만들어 이익을 얻는 회사,탄소 중립,뜻,나온 만큼 흡수해 늘어나는 양을 {{영}}으로,,1,줄이기,화석 연료 대신 햇빛과 바람으로 만든 {{전기}},,2,흡수하기,숲을 가꾸고 이산화탄소를 모아 {{저장}},,2,어려운 점,많은 돈과 시간이 들어 함께 힘을 모아야 함,,4,"어느 회사가 공장에서 온실가스를 줄였지만 조금은 계속 나와서, 그만큼 숲을 새로 가꾸기로 했어. 글의 내용으로 볼 때 이 회사의 노력을 가장 알맞게 설명한 것은?",온실가스를 늘리는 일이다,줄이고 남은 양을 흡수해 탄소 중립에 다가가는 일이다,탄소 중립과 아무 관계가 없다,화석 연료를 더 쓰는 일이다,2,2,탄소 중립은 온실가스를 최대한 줄이고 어쩔 수 없이 나온 양을 숲 등으로 흡수하는 것이다.,우리 학교가 탄소 중립 학교가 되려면 무엇을 줄이고 무엇을 늘려야 할지 써 보세요.
환경56-15,5~6학년,환경,"물건 속 초록 약속, 친환경 표시","물건 속 초록 약속, 친환경 표시","가게에서 물건을 살 때 포장을 잘 보면 여러 가지 작은 표시가 붙어 있어. 그중에는 이 물건이 환경을 생각해 만들어졌다는 것을 알려 주는 표시도 있어. 이런 표시를 잘 알면 지구를 아끼는 소비를 할 수 있어. 물건을 고르는 일도 환경을 지키는 실천이 되는 거야.
대표적인 것이 환경표지야. 환경표지는 같은 종류의 다른 제품보다 만들고 쓰고 버리는 과정에서 환경에 주는 피해가 적은 제품에 붙여. 공책, 세제, 페인트처럼 여러 제품에서 찾아볼 수 있어. 나라에서 정한 기준을 통과해야만 이 표시를 붙일 수 있어.
농산물에도 친환경 표시가 있어. 화학 비료와 농약을 쓰지 않고 기른 농산물에는 유기농 표시를 붙여. 농약을 쓰지 않고 기른 농산물에는 무농약 표시가 붙어. 이런 방법으로 농사를 지으면 흙과 물이 덜 오염되고, 땅속 생물도 건강하게 살 수 있어.
전기 제품에는 에너지 소비 효율 등급이 붙어 있어. 1등급에 가까울수록 같은 일을 하면서 전기를 적게 쓰는 제품이야. 냉장고나 에어컨처럼 오래 쓰는 제품은 등급이 높은 것을 고르면 전기를 아끼고 온실가스도 줄일 수 있어. 처음 값이 조금 비싸도 오래 쓰면 전기 요금이 덜 나올 수 있지.
친환경 표시가 있다고 해서 아무리 많이 사도 괜찮은 것은 아니야. 가장 좋은 소비는 꼭 필요한 물건만 사는 거야. 필요한 물건을 살 때 표시를 꼼꼼히 살펴보는 똑똑한 소비자가 되어 보자.",소비,"돈이나 물건, 시간 등을 써서 없앰",화학 비료,공장에서 만든 식물의 영양분,친환경 표시,환경표지,환경에 주는 {{피해}}가 적은 제품,나라의 기준을 통과해야 함,2,농산물,화학 비료와 농약 없이 기르면 {{유기농}},무농약 표시,3,전기 제품,에너지 소비 효율 등급,1등급에 가까울수록 전기를 적게 씀,4,똑똑한 소비,꼭 {{필요한}} 물건만 사기,,5,"새 냉장고를 사려는데 모양과 크기가 같은 두 제품이 있어. 하나는 에너지 소비 효율 1등급, 다른 하나는 4등급이야. 글의 내용으로 볼 때 오래 쓸 냉장고로 더 알맞은 것은?",4등급 제품,1등급 제품,등급은 아무 의미가 없다,둘 다 사지 않는다,2,4,1등급에 가까울수록 같은 일을 하면서 전기를 적게 쓴다.,"우리 집 물건에서 친환경 표시를 찾아보고, 다음에 물건을 살 때 확인하고 싶은 표시를 써 보세요."
환경심화-01,심화,환경,"조금씩 차오르는 바다, 해수면 상승","조금씩 차오르는 바다, 해수면 상승","바닷물의 높이를 해수면이라고 해. 해수면은 밀물과 썰물에 따라 하루에도 오르내리지만, 오랜 기간의 평균을 보면 일정하게 유지되어 왔어. 그런데 과학자들은 지난 백여 년 동안 평균 해수면이 조금씩 높아져 왔다고 말해. 그리고 그 속도가 점점 빨라지고 있다고 걱정하지. 이 현상을 해수면 상승이라고 해.
해수면이 높아지는 가장 큰 원인은 지구 온난화야. 첫째, 땅 위의 얼음이 녹아 바다로 흘러들기 때문이야. 그린란드와 남극 대륙을 덮은 두꺼운 빙하, 높은 산의 빙하가 녹으면 그 물이 바다에 더해져. 둘째, 바닷물 자체가 따뜻해지면서 부피가 늘어나기 때문이야. 물은 데워지면 조금씩 팽창하는데, 바다 전체가 팽창하면 해수면이 높아지는 거야.
여기서 헷갈리기 쉬운 점이 하나 있어. 북극 바다 위에 떠 있는 얼음은 녹아도 해수면을 거의 높이지 않아. 컵 속에 띄운 얼음이 녹아도 물이 넘치지 않는 것과 같은 원리야. 이미 물 위에 떠 있는 얼음은 녹기 전부터 그만큼의 물을 밀어내고 있었기 때문이지. 해수면을 높이는 것은 주로 땅 위에 있던 얼음이야.
해수면이 높아지면 바닷가 지역이 큰 위험에 놓여. 낮은 땅이 바닷물에 잠기고, 태풍이 올 때 바닷물이 육지 깊숙이 밀려드는 피해가 커져. 바닷물이 땅속으로 스며들어 지하수와 논밭이 짜게 변하기도 해. 태평양의 투발루처럼 땅이 낮은 섬나라들은 나라 전체가 사라질지도 모른다고 걱정하고 있어. 세계의 큰 도시 가운데 많은 곳이 바닷가에 있다는 점도 문제를 더 크게 만들어.
해수면 상승에 맞서는 방법은 두 가지야. 하나는 온실가스를 줄여 온난화의 속도를 늦추는 근본적인 방법이야. 다른 하나는 이미 시작된 변화에 대비하는 방법이야. 바닷가에 방파제를 높이 쌓고, 갯벌과 습지를 보호해 파도의 힘을 줄이며, 위험한 곳의 건물을 옮기기도 해. 두 가지를 함께해야 바닷가 사람들의 삶을 지킬 수 있어.",팽창,부피가 늘어나 커짐,방파제,파도를 막으려고 바닷가에 쌓은 둑,해수면 상승,원인 하나,땅 위의 {{빙하}}가 녹아 바다로 흘러듦,그린란드와 남극,2,원인 둘,바닷물이 따뜻해져 {{부피}}가 늘어남,,2,헷갈리는 점,바다에 떠 있는 얼음은 녹아도 해수면을 거의 높이지 않음,,3,피해,낮은 땅이 잠기고 지하수가 {{짜게}} 변함,투발루,4,"물을 가득 채운 컵 A에는 얼음을 띄우고, 컵 B 위에는 얼음을 그물에 얹어 걸쳐 두었어. 얼음이 모두 녹은 뒤의 결과를 글의 내용으로 가장 알맞게 예상한 것은?",A와 B 모두 물이 넘친다,A는 거의 그대로이고 B는 녹은 물이 더해져 넘친다,A만 넘치고 B는 그대로다,둘 다 물이 줄어든다,2,3,"물 위에 떠 있는 얼음은 녹아도 물 높이를 거의 높이지 않지만, 물 밖에 있던 얼음이 녹으면 물이 더해진다.",해수면 상승에 대비하기 위한 방법 가운데 가장 중요하다고 생각하는 것을 고르고 그 까닭을 써 보세요.
환경심화-02,심화,환경,"잠에서 깨어나는 얼음 땅, 영구 동토층","잠에서 깨어나는 얼음 땅, 영구 동토층","시베리아, 알래스카, 캐나다 북부처럼 아주 추운 지역에는 일 년 내내 꽁꽁 얼어 있는 땅이 있어. 적어도 두 해 이상 계속 얼어 있는 땅을 영구 동토층이라고 해. 여름에는 땅의 겉부분만 살짝 녹고, 그 아래는 수천 년 동안 녹지 않은 곳도 많아. 북반구 땅의 꽤 넓은 부분이 이런 얼음 땅이야. 그 속에는 오래전 동물의 뼈가 그대로 보존되어 발견되기도 해.
영구 동토층은 거대한 냉동고와 같아. 아주 오래전에 죽은 식물과 동물이 썩지 못한 채 얼어붙어 땅속에 쌓여 있거든. 이 죽은 생물들에는 많은 양의 탄소가 들어 있어. 과학자들은 영구 동토층에 저장된 탄소의 양이 지금 공기 중에 있는 양보다 많을 것이라고 보고 있어. 꽁꽁 언 덕분에 그 탄소가 공기 중으로 나오지 않고 갇혀 있는 거야.
그런데 지구 온난화로 북극 지역의 기온이 빠르게 오르면서 영구 동토층이 녹기 시작했어. 땅이 녹으면 얼어 있던 생물의 잔해를 미생물이 분해하기 시작해. 이 과정에서 이산화탄소와 메테인 같은 온실가스가 공기 중으로 나와. 메테인은 같은 양일 때 이산화탄소보다 열을 훨씬 강하게 붙잡는 기체야. 그래서 영구 동토층이 녹는 것은 매우 위험한 신호로 여겨져.
더 큰 걱정은 이 변화가 스스로를 키운다는 점이야. 온난화로 땅이 녹으면 온실가스가 나오고, 그 온실가스가 온난화를 더 심하게 만들어. 그러면 땅이 더 빨리 녹고 온실가스가 더 많이 나와. 이렇게 결과가 다시 원인을 키우는 것을 되먹임이라고 해. 한번 시작되면 멈추기 어렵다는 점에서 과학자들이 주의 깊게 지켜보고 있어.
영구 동토층이 녹으면 그 위에 사는 사람들도 피해를 입어. 단단했던 땅이 물러지면서 집과 도로, 송유관이 기울거나 무너져. 그 땅에 기대어 살던 순록과 원주민의 삶도 흔들리고 있어. 북극의 얼음 땅을 지키는 길은 결국 지구 전체의 온실가스를 줄이는 것이야. 멀리 있는 땅의 변화가 우리 모두의 미래와 이어져 있는 셈이야.",메테인,열을 강하게 붙잡는 온실가스의 한 가지,송유관,석유를 멀리 보내려고 땅 위나 아래에 놓은 관,영구 동토층,뜻,두 해 이상 계속 {{얼어}} 있는 땅,"시베리아, 알래스카",1,저장고,썩지 못한 생물 속 {{탄소}}가 갇혀 있음,,2,녹으면,미생물이 분해해 온실가스가 나옴,,3,되먹임,결과가 다시 {{원인}}을 키움,,4,글에서 말한 되먹임의 예로 가장 알맞은 것은?,"비가 와서 땅이 젖고, 해가 나서 다시 마른다",눈이 녹아 어두운 땅이 드러나면 햇빛을 더 흡수해 눈이 더 빨리 녹는다,나무를 심어 공기가 맑아진다,겨울이 지나 봄이 온다,2,4,"되먹임은 결과가 다시 원인을 키우는 것으로, 녹은 결과가 더 빨리 녹게 만드는 경우가 이에 해당한다.",영구 동토층이 녹는 일이 북극에서 멀리 떨어진 우리나라와 어떻게 이어져 있는지 설명해 보세요.
환경심화-03,심화,환경,"버리지 않고 돌고 도는 경제, 순환 경제","버리지 않고 돌고 도는 경제, 순환 경제","지금까지 많은 물건은 자원을 캐고, 만들고, 쓰고, 버리는 한 방향으로 흘러왔어. 이런 방식을 일직선처럼 흐른다고 해서 선형 경제라고 불러. 선형 경제에서는 물건을 쓰고 나면 대부분 쓰레기가 되어 땅에 묻히거나 태워져. 그러려면 새 물건을 만들 때마다 새로운 자원을 계속 캐내야 하지. 하지만 지구의 자원은 끝없이 있는 것이 아니야.
이런 문제를 해결하려고 등장한 생각이 순환 경제야. 순환 경제는 자원을 한 번 쓰고 버리지 않고, 되도록 오랫동안 고리처럼 돌려 쓰는 경제 방식이야. 물건을 처음 만들 때부터 오래 쓰고, 고치기 쉽고, 다 쓴 뒤에는 다시 자원으로 되돌리기 쉽게 설계해. 쓰레기를 처리하는 일보다 쓰레기가 생기지 않게 하는 일을 더 중요하게 여기는 거야. 자연에서 낙엽이 흙이 되어 다시 나무를 키우듯, 버려지는 것이 없는 흐름을 목표로 해.
순환 경제에는 여러 방법이 있어. 고장 난 물건을 버리지 않고 고쳐 쓰는 수리, 다른 사람과 함께 쓰는 공유, 쓰던 물건을 다른 사람이 다시 쓰는 중고 거래가 있어. 다 쓴 물건을 녹이거나 부수어 원료로 되돌리는 재활용도 그중 하나야. 옷이나 기계를 사지 않고 빌려 쓰는 서비스도 순환 경제의 한 모습이야. 이 방법들은 모두 새 자원을 덜 쓰게 해 줘.
순환 경제를 이루려면 기업의 역할이 중요해. 휴대 전화를 쉽게 분해해 부품을 갈아 끼울 수 있게 만들거나, 한 가지 재료로 포장재를 만들어 재활용을 쉽게 하는 것이 그 예야. 일부 나라는 소비자가 직접 물건을 고칠 수 있도록 부품과 설명서를 제공하게 하는 법을 만들기도 했어. 이를 수리할 권리라고 부르기도 해. 정부와 기업, 소비자가 함께 바뀌어야 순환이 이루어져.
순환 경제는 환경만 지키는 것이 아니야. 자원을 아끼면 자원이 부족한 나라도 덜 흔들리고, 수리와 재활용을 하는 새로운 일자리도 생겨. 우리도 물건을 살 때 오래 쓸 수 있는지, 고칠 수 있는지를 먼저 따져 볼 수 있어. 쓰던 물건을 바로 버리지 않고 나누거나 고쳐 쓰는 것도 좋은 실천이야. 돌고 도는 흐름 속에서 쓰레기는 다시 자원이 될 수 있어.",선형,곧은 선처럼 한 방향으로 이어진 모양,분해해,여러 부분으로 나누어 풀어,순환 경제,선형 경제,"캐고, 만들고, 쓰고, {{버리는}} 한 방향",,1,순환 경제,자원을 {{고리}}처럼 돌려 씀,쓰레기가 생기지 않게,2,방법,"수리, 공유, 중고 거래, 재활용",,3,기업의 역할,부품을 갈아 끼우기 쉽게 {{설계}},수리할 권리,4,다음 가운데 글에서 말한 순환 경제에 가장 잘 맞는 회사의 결정은?,일 년만 쓰면 고장 나도록 제품을 만든다,부품을 쉽게 바꿀 수 있게 만들고 쓰던 제품을 거두어 다시 자원으로 쓴다,여러 재료를 붙여 재활용이 어려운 포장재를 쓴다,팔린 제품은 신경 쓰지 않는다,2,4,순환 경제는 오래 쓰고 고치기 쉽게 만들고 다 쓴 뒤 다시 자원으로 되돌리는 방식이다.,우리 반에서 순환 경제를 실천할 수 있는 활동을 하나 계획하고 그 방법을 써 보세요.
환경심화-04,심화,환경,"먹이 사슬을 타고 쌓이는 독, 생물 농축","먹이 사슬을 타고 쌓이는 독, 생물 농축","어떤 오염 물질은 생물의 몸에 들어가면 잘 빠져나가지 않고 쌓여. 수은 같은 중금속과 일부 농약이 그런 물질이야. 이런 물질은 물에 아주 조금만 녹아 있어도 문제가 될 수 있어. 생물이 살아가는 동안 몸속에 조금씩 쌓이기 때문이야. 그리고 이 물질은 먹이 사슬을 따라 다른 생물에게 옮겨 가.
바다를 예로 들어 보자. 아주 작은 플랑크톤이 바닷물 속의 오염 물질을 조금 흡수해. 작은 물고기는 플랑크톤을 아주 많이 먹으니 몸속에 오염 물질이 더 많이 쌓여. 큰 물고기는 작은 물고기를 많이 먹으니 그보다 더 많이 쌓이지. 이렇게 먹이 사슬의 위로 갈수록 몸속 오염 물질의 농도가 점점 높아지는 현상을 생물 농축이라고 해.
그래서 먹이 사슬의 꼭대기에 있는 생물이 가장 큰 피해를 입어. 큰 물고기를 먹는 바닷새, 물개, 그리고 사람이 그렇지. 예전에 어떤 지역에서는 해충을 없애려고 뿌린 농약이 생물 농축되어 독수리 같은 큰 새의 알 껍데기가 얇아졌어. 그래서 알이 쉽게 깨져 새의 수가 크게 줄었지. 이 일을 고발한 책이 널리 읽히면서 사람들이 환경 문제에 눈을 뜨게 되었어.
사람도 생물 농축의 피해를 입은 적이 있어. 일본의 한 바닷가 마을에서는 공장에서 흘려보낸 수은이 물고기 몸에 쌓였어. 그 물고기를 오랫동안 먹은 주민들이 손발이 떨리고 말하기 어려워지는 병에 걸렸어. 이 병은 그 지역의 이름을 따서 미나마타병이라고 불려. 이 사건은 오염 물질이 결국 사람에게 돌아온다는 것을 보여 준 아픈 교훈이야.
생물 농축을 막으려면 오염 물질이 처음부터 자연에 들어가지 않게 해야 해. 많은 나라가 위험한 농약을 쓰지 못하게 하고, 공장이 오염 물질을 함부로 흘려보내지 못하도록 법으로 막고 있어. 다 쓴 건전지나 형광등에도 해로운 물질이 들어 있을 수 있어서 따로 모아 버려야 해. 작은 오염이 먹이 사슬을 타고 크게 불어난다는 것을 기억하자. 자연에 버린 것은 결국 우리 식탁으로 돌아올 수 있어.",중금속,수은이나 납처럼 무겁고 몸에 쌓이기 쉬운 금속,농도,어떤 물질이 섞여 있는 진하기의 정도,생물 농축,쌓이는 물질,수은 같은 중금속과 일부 {{농약}},잘 빠져나가지 않음,1,뜻,먹이 사슬 {{위로}} 갈수록 농도가 높아짐,플랑크톤에서 큰 물고기로,2,꼭대기의 피해,큰 새의 알 {{껍데기}}가 얇아짐,,3,사람의 피해,수은이 쌓인 물고기를 먹고 생긴 미나마타병,,4,어느 호수가 오염 물질로 조금 오염되었어. 호수에 사는 생물 가운데 몸속 오염 물질의 농도가 가장 높을 것으로 예상되는 것은?,물속의 플랑크톤,플랑크톤을 먹는 작은 물고기,작은 물고기를 먹는 큰 물고기,큰 물고기를 잡아먹는 물수리,4,2,생물 농축은 먹이 사슬의 위로 갈수록 농도가 높아지므로 꼭대기에 있는 물수리가 가장 높다.,생물 농축을 막기 위해 가정에서 지킬 수 있는 일을 두 가지 쓰고 그 까닭을 설명해 보세요.
환경심화-05,심화,환경,"온실가스에 값을 매기다, 탄소 배출권","온실가스에 값을 매기다, 탄소 배출권","공장에서 물건을 만들면 온실가스가 나와. 그런데 공장 입장에서는 온실가스를 내보내도 돈이 들지 않으니 줄일 이유가 크지 않았어. 공기는 누구의 것도 아니어서 마음껏 써도 된다고 여겼기 때문이야. 하지만 그 대가는 지구 온난화라는 형태로 모두가 함께 치르고 있어. 그래서 사람들은 온실가스를 내보내는 것에 값을 매기는 방법을 생각해 냈어.
그 방법 가운데 하나가 탄소 배출권 거래제야. 먼저 정부가 나라 전체에서 내보낼 수 있는 온실가스의 총량을 정해. 그리고 그 안에서 기업마다 온실가스를 내보낼 수 있는 권리를 나누어 줘. 이 권리를 탄소 배출권이라고 해. 기업은 받은 배출권만큼만 온실가스를 내보낼 수 있어.
이 제도의 핵심은 배출권을 사고팔 수 있다는 거야. 어떤 기업이 새로운 기술로 온실가스를 많이 줄였다면 남는 배출권을 다른 기업에 팔아 돈을 벌 수 있어. 반대로 정해진 양보다 많이 내보낸 기업은 다른 기업에서 배출권을 사 와야 해. 그러면 기업들은 배출권을 사는 데 돈을 쓰기보다 스스로 온실가스를 줄이는 쪽을 고민하게 돼. 줄이는 비용이 싼 기업이 먼저 많이 줄이게 되어 나라 전체로는 적은 비용으로 목표를 이룰 수 있어.
시간이 지나면서 정부는 나누어 주는 배출권의 총량을 조금씩 줄여 나가. 그러면 배출권이 귀해져 값이 오르고, 기업들은 더 열심히 온실가스를 줄여야 해. 유럽 여러 나라가 일찍부터 이 제도를 운영했고, 우리나라도 2015년부터 시행하고 있어. 비슷한 생각으로 온실가스를 내보낸 양에 따라 세금을 매기는 탄소세를 쓰는 나라도 있어.
물론 이 제도에도 고민거리가 있어. 배출권을 처음에 너무 넉넉히 나누어 주면 기업들이 굳이 줄이려 하지 않아. 또 규제가 약한 나라로 공장을 옮겨 버리는 문제가 생길 수도 있어. 그래서 제도를 잘 설계하고 여러 나라가 함께 참여하는 것이 중요해. 온실가스에 값을 매기는 것은 환경 문제를 경제의 힘으로 풀어 보려는 시도라고 할 수 있어.",총량,전체의 양,규제,규칙이나 법으로 정해 제한함,탄소 배출권,뜻,온실가스를 내보낼 수 있는 {{권리}},정부가 총량을 정해 나누어 줌,2,사고팔기,많이 줄인 기업은 남는 배출권을 {{팔아}} 돈을 범,,3,총량 줄이기,배출권이 귀해져 {{값}}이 오름,우리나라는 2015년부터,4,고민거리,처음에 넉넉히 나누면 효과가 적음,,5,"가 공장은 온실가스를 줄이는 데 비용이 적게 들고, 나 공장은 비용이 아주 많이 들어. 탄소 배출권 거래제에서 일어날 가능성이 가장 높은 일은?",가 공장이 많이 줄이고 남은 배출권을 나 공장에 판다,나 공장이 가장 많이 줄인다,두 공장 모두 아무것도 줄이지 않는다,가 공장이 나 공장에서 배출권을 산다,1,3,줄이는 비용이 싼 기업이 먼저 많이 줄이고 남는 배출권을 다른 기업에 팔 수 있다.,우리 반에 쓰레기 배출권 제도를 만든다면 어떤 규칙을 정할지 생각해 써 보세요.
환경심화-06,심화,환경,"물만 남기는 연료, 수소 에너지","물만 남기는 연료, 수소 에너지","수소는 우주에서 가장 가볍고 가장 흔한 원소야. 지구에서는 수소가 혼자 있기보다 물이나 천연가스 같은 다른 물질 속에 들어 있어. 물이 수소와 산소로 이루어져 있다는 이야기를 들어 봤을 거야. 수소는 산소와 만나면 에너지를 내놓아. 그래서 많은 사람이 수소를 미래의 깨끗한 에너지로 주목하고 있어.
수소로 전기를 만드는 장치를 연료 전지라고 해. 연료 전지 속에서 수소와 공기 중의 산소가 만나면 전기와 열이 생기고, 남는 것은 물뿐이야. 석유를 태울 때처럼 이산화탄소나 매연이 나오지 않아. 수소 자동차는 이 연료 전지로 만든 전기로 달려. 그래서 수소 자동차의 배기구에서는 물방울이 떨어져.
하지만 수소에도 숨은 문제가 있어. 수소는 자연에 홀로 있지 않아서 다른 물질에서 떼어 내야 해. 지금 만들어지는 수소의 많은 양은 천연가스에서 뽑아내는데, 이 과정에서 이산화탄소가 나와. 수소를 쓸 때는 깨끗해도 만들 때 온실가스가 나온다면 반쪽짜리 해결이 되는 셈이야. 그래서 수소를 어떻게 만드느냐가 무척 중요해.
가장 깨끗한 방법은 물에 전기를 흘려 수소와 산소로 나누는 거야. 이것을 물의 전기 분해라고 해. 이때 쓰는 전기를 햇빛이나 바람으로 만든 재생 에너지에서 얻으면 처음부터 끝까지 온실가스가 거의 나오지 않아. 이렇게 만든 수소를 초록 수소라고 부르기도 해. 재생 에너지가 남을 때 수소로 바꾸어 저장해 두면 에너지를 보관하는 방법도 돼.
수소를 널리 쓰려면 아직 넘어야 할 산이 많아. 수소는 아주 가벼워 부피가 크기 때문에 높은 압력으로 눌러 담거나 아주 차갑게 해서 액체로 만들어야 해. 불이 잘 붙는 기체라서 안전하게 다루는 기술도 필요해. 수소를 채우는 충전소도 더 많이 지어야 하지. 이런 과제를 풀어 낸다면 수소는 탄소 중립으로 가는 중요한 길이 될 수 있어.",원소,물질을 이루는 가장 기본적인 성분,배기구,자동차에서 기체가 빠져나오는 구멍,수소 에너지,연료 전지,수소와 산소가 만나 전기를 만들고 {{물}}만 남김,,2,숨은 문제,많은 수소를 {{천연가스}}에서 뽑아 이산화탄소가 나옴,,3,깨끗한 방법,재생 에너지로 물을 전기 {{분해}},초록 수소,4,과제,"압력, 안전, 충전소",,5,"두 도시가 수소 버스를 들여왔어. 가 도시는 천연가스에서 뽑은 수소를, 나 도시는 태양광 전기로 물을 분해해 만든 수소를 써. 글의 내용으로 볼 때 가장 알맞은 판단은?",두 도시 모두 온실가스를 전혀 내보내지 않는다,"버스가 달릴 때는 둘 다 깨끗하지만, 수소를 만드는 과정까지 보면 나 도시가 더 깨끗하다",가 도시가 더 깨끗하다,수소 버스는 매연을 많이 내뿜는다,2,4,"수소는 쓸 때는 물만 남기지만, 재생 에너지로 물을 분해해 만들어야 처음부터 끝까지 온실가스가 거의 나오지 않는다.",수소 에너지를 널리 쓰기 위해 가장 먼저 해결해야 할 과제를 하나 고르고 그 까닭을 써 보세요.
환경심화-07,심화,환경,"다 쓴 배터리 속 보물, 배터리 재활용","다 쓴 배터리 속 보물, 배터리 재활용","휴대 전화, 노트북, 전동 킥보드, 전기 자동차에는 모두 충전해서 다시 쓰는 배터리가 들어 있어. 이런 배터리는 대부분 리튬 이온 배터리야. 리튬 이온 배터리 속에는 리튬, 코발트, 니켈 같은 귀한 금속이 들어 있어. 이 금속들은 땅속에서 캐내는 데 많은 에너지와 비용이 들고, 일부 나라에만 많이 묻혀 있어. 그래서 이 금속들은 무척 소중한 자원이야.
전기 자동차가 늘어나면서 다 쓴 배터리도 빠르게 늘어날 거야. 배터리는 오래 쓰면 충전할 수 있는 양이 점점 줄어들어. 자동차에 쓰기 어려울 만큼 성능이 떨어진 배터리를 그냥 버리면 큰 문제가 생겨. 배터리 속 물질이 흙과 물을 오염시킬 수 있고, 잘못 다루면 불이 날 수도 있어. 그래서 다 쓴 배터리를 어떻게 처리할지가 중요한 과제가 되었어.
다 쓴 배터리를 살리는 방법은 크게 두 가지야. 첫째는 재사용이야. 자동차에 쓰기에는 힘이 모자라도 아직 꽤 많은 전기를 저장할 수 있는 배터리가 많아. 이런 배터리를 모아 태양광 발전소의 전기를 저장하는 장치로 다시 쓸 수 있어. 둘째는 재활용이야. 더 이상 쓸 수 없는 배터리를 분해해 그 속의 리튬, 코발트, 니켈을 뽑아내 새 배터리의 재료로 쓰는 거지.
이렇게 버려진 제품에서 귀한 금속을 다시 캐내는 것을 도시 광산이라고 불러. 땅속 광산 대신 도시에 쌓인 폐제품이 광산 역할을 한다는 뜻이야. 도시 광산은 새로 땅을 파헤치지 않아도 되니 자연 훼손을 줄여 줘. 금속을 캐고 옮기는 데 드는 에너지도 아낄 수 있어. 자원이 부족한 나라에게는 자원을 스스로 확보하는 방법이기도 해.
배터리 재활용이 잘되려면 우리의 참여도 필요해. 다 쓴 휴대 전화나 작은 배터리를 일반 쓰레기에 섞어 버리면 쓰레기차나 처리장에서 불이 날 수 있어. 주민 센터나 마트에 있는 폐건전지 수거함에 따로 넣어야 해. 오래된 휴대 전화는 서랍에 묵혀 두기보다 수거 행사에 내놓는 것이 좋아. 작은 배터리 하나도 다시 자원이 될 수 있어.",폐제품,다 써서 버리게 된 제품,수거함,버린 물건을 모아 거두어 가는 상자,배터리 재활용,배터리 속,"리튬, {{코발트}}, 니켈 같은 귀한 금속",,1,문제,그냥 버리면 오염되고 {{불}}이 날 수 있음,,2,재사용과 재활용,남은 배터리로 전기를 {{저장}}하거나 금속을 뽑아냄,,3,도시 광산,폐제품에서 귀한 금속을 다시 캐냄,자연 훼손을 줄임,4,전기 자동차에 쓰던 배터리가 성능이 조금 떨어졌지만 아직 전기를 꽤 저장할 수 있어. 글의 내용으로 볼 때 가장 알맞은 처리 방법은?,땅에 묻는다,일반 쓰레기와 함께 버린다,태양광 발전소의 전기 저장 장치로 다시 쓴다,불에 태운다,3,3,자동차에 쓰기에는 힘이 모자라도 전기를 저장할 수 있는 배터리는 전기 저장 장치로 다시 쓸 수 있다.,"우리 집에 잠들어 있는 오래된 전자 제품을 떠올려 보고, 도시 광산의 관점에서 어떻게 처리하면 좋을지 써 보세요."
환경심화-08,심화,환경,"하얗게 변하는 바닷속 숲, 산호 백화","하얗게 변하는 바닷속 숲, 산호 백화","따뜻하고 맑은 바닷속에는 알록달록한 산호초가 펼쳐져 있어. 산호는 바위나 식물처럼 보이지만 사실은 작은 동물이야. 수많은 산호가 모여 석회질의 단단한 뼈대를 쌓아 올린 것이 산호초야. 산호초는 바다 밑바닥의 아주 작은 부분만 차지하지만, 그곳에는 바다 생물의 많은 종류가 기대어 살아. 그래서 산호초를 바닷속의 열대 우림이라고 부르기도 해.
산호의 화려한 색깔에는 비밀이 있어. 산호의 몸속에는 아주 작은 조류가 함께 살고 있거든. 조류는 광합성을 해서 만든 양분을 산호에게 나누어 주고, 산호는 조류에게 안전한 집을 제공해. 이렇게 서로 도우며 사는 관계를 공생이라고 해. 산호의 아름다운 색깔도 대부분 이 조류에서 나와.
그런데 바닷물의 온도가 평소보다 높은 상태가 오래 이어지면 이 관계가 깨져. 스트레스를 받은 산호가 몸속의 조류를 밖으로 내보내 버리는 거야. 조류가 떠나면 산호는 색을 잃고 하얀 뼈대가 비쳐 보이게 돼. 이것을 산호 백화라고 해. 백화가 된 산호는 양분을 얻지 못해 힘이 약해지고, 상태가 오래가면 결국 죽어.
산호 백화의 가장 큰 원인은 지구 온난화로 바닷물이 뜨거워지는 거야. 여기에 공기 중의 이산화탄소가 바닷물에 녹아 바다가 점점 산성으로 변하는 것도 문제야. 그러면 산호가 단단한 뼈대를 만들기가 어려워져. 바다로 흘러드는 오염 물질과 지나친 개발도 산호를 약하게 만들어. 오스트레일리아의 거대한 산호초 지대에서도 큰 백화가 여러 번 일어났어.
산호초가 사라지면 그곳에 살던 물고기들도 집을 잃어. 산호초는 파도의 힘을 줄여 해안을 지켜 주기 때문에 바닷가 마을도 위험해져. 산호초에 기대어 고기를 잡고 관광객을 맞던 사람들의 생계도 흔들리지. 과학자들은 뜨거운 물에 강한 산호를 길러 옮겨 심는 연구도 하고 있어. 하지만 근본적인 해결책은 온실가스를 줄여 바다가 뜨거워지는 것을 막는 거야.",조류,물속에 살며 광합성을 하는 아주 작은 생물,생계,살림을 꾸려 살아갈 방법,산호 백화,산호초,작은 동물인 산호가 쌓은 뼈대,바닷속의 열대 우림,1,공생,"조류는 양분을, 산호는 안전한 {{집}}을 제공",,2,백화,산호가 조류를 내보내 {{하얀}} 뼈대가 비침,,3,원인,바닷물이 {{뜨거워지는}} 것,바다가 산성으로 변함,4,어느 해 여름 바닷물 온도가 몇 주 동안 평소보다 높게 이어진 뒤 산호초를 조사했어. 글의 내용으로 볼 때 발견될 가능성이 가장 높은 모습은?,산호의 색이 더 화려해졌다,많은 산호가 색을 잃고 하얗게 변했다,산호초가 두 배로 커졌다,산호 속 조류가 크게 늘었다,2,3,바닷물 온도가 높은 상태가 오래 이어지면 산호가 조류를 내보내 하얗게 변한다.,산호초를 지키기 위해 바다에서 먼 곳에 사는 우리가 할 수 있는 일을 써 보세요.
환경심화-09,심화,환경,"바다가 품은 탄소, 블루카본","바다가 품은 탄소, 블루카본","이산화탄소를 흡수하는 곳이라고 하면 대개 숲을 먼저 떠올려. 숲의 나무는 광합성을 하며 이산화탄소를 빨아들여 몸속에 저장하지. 그런데 바다와 바닷가에도 이런 일을 하는 곳이 있어. 바닷가 습지, 갯벌, 바닷속 풀밭 같은 해양 생태계가 흡수해 저장하는 탄소를 블루카본이라고 해. 숲이 저장하는 탄소는 이와 구별해 그린카본이라고 불러.
블루카본을 저장하는 대표적인 곳은 세 가지야. 첫째는 열대 바닷가에 자라는 맹그로브 숲이야. 둘째는 바닷물이 드나드는 곳에 풀이 자라는 염습지야. 셋째는 얕은 바닷속에 자라는 잘피 같은 바다풀이 모인 바다 풀밭이야. 우리나라의 넓은 갯벌도 탄소를 흡수하는 곳으로 연구되고 있어.
블루카본이 특별한 까닭은 탄소를 오랫동안 붙잡아 둔다는 점이야. 바닷가 식물들은 광합성으로 탄소를 흡수하고, 죽은 뒤에는 진흙 속에 묻혀. 바닷물에 잠긴 진흙 속에는 산소가 부족해서 식물의 잔해가 잘 썩지 않아. 그래서 탄소가 공기 중으로 돌아가지 않고 아주 오랜 세월 동안 땅속에 쌓여 있을 수 있어. 같은 넓이로 비교하면 이런 곳들이 숲보다 탄소를 빠르게 쌓는다는 연구도 있어.
하지만 블루카본 생태계는 빠르게 사라지고 있어. 바닷가를 메워 건물과 양식장을 만들고, 맹그로브 숲을 베어 내는 일이 많았거든. 이런 곳이 파괴되면 오랫동안 저장되어 있던 탄소가 다시 공기 중으로 나올 수 있어. 저장고를 잃을 뿐 아니라 온실가스를 내보내는 곳으로 바뀌는 셈이야. 그래서 이미 있는 블루카본 생태계를 지키는 것이 무척 중요해.
블루카본 생태계는 탄소를 저장하는 것 말고도 하는 일이 많아. 물고기와 게가 알을 낳고 자라는 보금자리가 되고, 태풍과 해일의 힘을 줄여 바닷가 마을을 지켜 줘. 더러운 물을 걸러 바다를 깨끗하게 하는 역할도 해. 여러 나라가 사라진 갯벌과 염습지를 되살리고 바다 풀밭을 다시 가꾸는 노력을 하고 있어. 바다를 지키는 일이 곧 기후를 지키는 일이기도 한 거야.",맹그로브,열대 바닷가의 짠물에서 자라는 나무 무리,염습지,바닷물이 드나들어 짠물이 고인 습지,블루카본,뜻,해양 생태계가 흡수해 저장하는 {{탄소}},숲의 탄소는 그린카본,1,저장하는 곳,"맹그로브 숲, 염습지, {{잘피}} 같은 바다 풀밭",우리나라 갯벌,2,오래 붙잡는 까닭,진흙 속에 {{산소}}가 부족해 잘 썩지 않음,,3,파괴되면,저장된 탄소가 다시 공기 중으로 나옴,,4,어느 바닷가의 염습지를 메워 공장을 지었어. 글의 내용으로 볼 때 이 일이 기후에 미칠 영향으로 가장 알맞은 것은?,탄소를 더 많이 저장하게 된다,저장되어 있던 탄소가 공기 중으로 나와 온실가스가 늘어날 수 있다,바다 풀밭이 저절로 넓어진다,기후와는 아무 관계가 없다,2,4,블루카본 생태계가 파괴되면 오랫동안 저장되어 있던 탄소가 다시 공기 중으로 나올 수 있다.,우리나라 갯벌을 지켜야 하는 까닭을 블루카본과 생물의 보금자리라는 두 가지 측면에서 설명해 보세요.
환경심화-10,심화,환경,"너무 밝은 밤, 빛 공해","너무 밝은 밤, 빛 공해","도시의 밤은 낮처럼 환해. 가로등, 건물 조명, 광고판, 자동차 불빛이 밤새 거리를 밝히지. 밝은 불빛 덕분에 밤에도 안전하게 다닐 수 있지만, 지나친 빛은 문제를 일으켜. 필요 이상으로 밝거나 필요 없는 곳까지 비추는 빛 때문에 생기는 피해를 빛 공해라고 해. 빛 공해는 눈에 잘 띄지 않지만 생물과 사람 모두에게 영향을 줘.
빛 공해의 가장 쉬운 증거는 밤하늘이야. 시골에서는 은하수와 수많은 별이 보이지만 도시에서는 밝은 별 몇 개만 보여. 땅에서 하늘로 퍼진 불빛이 대기에 흩어져 밤하늘을 뿌옇게 밝히기 때문이야. 세계에는 평생 은하수를 맨눈으로 보지 못하는 사람이 아주 많아. 별을 관찰하는 천문대가 도시에서 먼 산꼭대기에 세워지는 것도 이 때문이야.
빛 공해는 동물들의 삶을 흔들어. 밤에 이동하는 철새들은 별빛을 보고 방향을 찾는데, 도시의 불빛 때문에 길을 잃거나 밝은 건물에 부딪히기도 해. 바닷가 모래밭에서 깨어난 새끼 바다거북은 달빛이 비치는 바다 쪽으로 기어가야 하는데, 육지의 불빛을 따라 엉뚱한 곳으로 가기도 해. 밤에 날아다니는 곤충은 가로등 둘레를 맴돌다 지쳐 죽기도 해. 밤에 피는 꽃의 꽃가루를 옮기는 곤충이 줄면 식물에게도 영향이 생겨.
사람의 건강도 영향을 받아. 우리 몸은 어두워지면 잠이 오게 하는 호르몬을 만들어. 그런데 밤에도 밝은 빛을 계속 받으면 이 호르몬이 잘 만들어지지 않아 잠들기 어려워져. 창문으로 들어오는 밝은 간판 불빛 때문에 잠을 설친다는 불편을 호소하는 사람들도 많아. 잠자기 전 스마트폰 화면의 빛도 비슷한 영향을 줄 수 있어.
빛 공해를 줄이는 방법은 어렵지 않아. 가로등에 갓을 씌워 빛이 하늘로 퍼지지 않고 필요한 땅만 비추게 할 수 있어. 늦은 밤에는 꼭 필요하지 않은 광고 조명을 끄고, 지나치게 밝은 조명은 알맞은 밝기로 바꿀 수 있어. 우리나라에도 빛 공해를 막기 위한 법이 있어서 지역마다 조명의 밝기 기준을 정해 두었어. 밤의 어둠도 자연의 일부라는 것을 기억할 필요가 있어.",호르몬,몸속에서 만들어져 몸의 활동을 조절하는 물질,천문대,별과 하늘을 관측하는 시설,빛 공해,뜻,지나친 빛 때문에 생기는 {{피해}},,1,밤하늘,불빛이 흩어져 {{은하수}}가 보이지 않음,,2,동물,철새가 길을 잃고 새끼 {{바다거북}}이 엉뚱한 곳으로,,3,줄이는 방법,가로등에 갓을 씌워 필요한 땅만 비춤,,5,바다거북이 알을 낳는 어느 해변 마을에서 바다거북을 보호하려고 해. 글의 내용으로 볼 때 가장 알맞은 방법은?,해변에 밝은 조명을 밤새 켜 둔다,알을 낳는 시기에 해변 가까운 곳의 불빛을 줄이거나 가린다,해변에 큰 광고판을 세운다,바다 쪽을 더 어둡게 만든다,2,3,새끼 바다거북은 육지의 불빛을 따라 엉뚱한 곳으로 갈 수 있으므로 해변의 불빛을 줄여야 한다.,우리 동네에서 빛 공해를 줄일 수 있는 곳을 한 군데 찾아 어떻게 바꾸면 좋을지 써 보세요.
환경심화-11,심화,환경,"귀를 괴롭히는 소리, 소음 공해","귀를 괴롭히는 소리, 소음 공해","소리는 우리 생활에 꼭 필요해. 친구의 목소리, 음악, 새소리처럼 즐거운 소리도 많지. 하지만 듣기 싫고 몸과 마음을 괴롭히는 소리도 있어. 공사장의 기계 소리, 자동차 경적, 밤늦게 울리는 큰 음악 소리 같은 것 말이야. 이렇게 사람에게 피해를 주는 시끄러운 소리를 소음이라고 하고, 소음 때문에 생기는 피해를 소음 공해라고 해.
소리의 크기는 데시벨이라는 단위로 나타내. 숫자가 클수록 큰 소리야. 같은 소리라도 누군가에게는 괜찮고 누군가에게는 소음일 수 있어. 공부할 때 옆에서 들리는 작은 말소리나 잠잘 때 들리는 시계 소리도 소음처럼 느껴질 수 있거든. 그래서 소음은 소리의 크기뿐 아니라 언제, 어디서, 누가 듣느냐에 따라서도 달라져.
큰 소음에 오랫동안 노출되면 귀가 다칠 수 있어. 처음에는 잘 들리지 않는 느낌이 잠깐 들다가, 계속되면 청력이 영영 떨어질 수도 있어. 이어폰으로 큰 소리의 음악을 오래 듣는 습관도 귀에 좋지 않아. 소음은 귀만 괴롭히는 것이 아니야. 잠을 방해하고, 짜증과 스트레스를 일으키고, 집중력을 떨어뜨려.
소음은 동물에게도 영향을 줘. 도시의 새들은 시끄러운 소리 속에서 서로의 노래를 들으려고 더 높고 큰 소리로 우는 경우가 있다는 연구가 있어. 바다에서는 배의 엔진 소리 때문에 소리로 대화하고 먹이를 찾는 고래와 돌고래가 어려움을 겪기도 해. 사람에게는 들리지 않는 바닷속 소음이 바다 생물에게는 큰 방해가 되는 거야.
소음을 줄이는 방법은 여러 가지야. 고속 도로 옆에는 방음벽을 세우고, 공사는 정해진 시간에만 하도록 규칙을 정해. 아파트에서는 바닥을 두껍게 만들어 소리가 아래층으로 덜 전해지게 해. 우리도 늦은 밤에는 발소리와 음악 소리를 낮추고, 이어폰 소리는 적당하게 줄일 수 있어. 서로를 배려하는 작은 마음이 조용하고 편안한 환경을 만들어.",데시벨,소리의 크기를 나타내는 단위,청력,귀로 소리를 듣는 능력,소음 공해,뜻,사람에게 피해를 주는 {{시끄러운}} 소리,,1,느끼는 정도,"언제, 어디서, 누가 듣느냐에 따라 달라짐",,2,사람에게,청력이 떨어지고 {{잠}}을 방해함,이어폰 습관,3,동물에게,배의 엔진 소리가 {{고래}}를 방해함,,4,"도서관 옆에서 아주 작은 소리로 이야기를 나누었는데, 공부하던 사람이 시끄럽다고 했어. 글의 내용으로 이 상황을 가장 잘 설명한 것은?",소음은 데시벨 숫자만으로 정해지므로 작은 소리는 절대 소음이 아니다,"소음은 언제, 어디서, 누가 듣느냐에 따라 달라질 수 있다",공부하는 사람의 청력이 나쁘기 때문이다,도서관에서는 소리가 전해지지 않는다,2,2,"소음은 소리의 크기뿐 아니라 언제, 어디서, 누가 듣느냐에 따라 달라진다.",우리 학교나 집에서 소음을 줄이기 위해 함께 지킬 약속을 세 가지 만들어 써 보세요.
환경심화-12,심화,환경,"동물을 위한 길, 생태 통로","동물을 위한 길, 생태 통로","산을 가로질러 넓은 도로가 생기면 사람은 편해지지만 그 산에 살던 동물들에게는 큰 벽이 생겨. 동물들은 먹이를 찾고 짝을 만나기 위해 넓은 지역을 돌아다녀야 해. 그런데 도로가 숲을 둘로 나누면 동물들은 위험한 도로를 건너야만 해. 그러다 차에 치여 목숨을 잃는 일이 자주 일어나. 도로에서 동물이 차에 치여 죽는 사고를 로드킬이라고 해.
숲이 도로 때문에 잘게 나뉘는 것도 큰 문제야. 이것을 서식지 단절이라고 해. 서식지가 작은 조각으로 나뉘면 그 안에 사는 동물 무리도 작아져. 작은 무리는 먹이가 부족해지기 쉽고, 가까운 친척끼리만 짝을 지어 병에 약한 새끼가 태어날 가능성이 커져. 결국 그 지역에서 동물이 사라질 위험이 높아지지.
이 문제를 해결하려고 만든 것이 생태 통로야. 생태 통로는 도로나 철도 때문에 끊어진 서식지를 이어 동물이 안전하게 오갈 수 있게 만든 길이야. 도로 위에 다리처럼 흙을 덮고 나무를 심어 만든 육교형 통로가 있어. 도로 아래로 굴을 뚫어 만든 터널형 통로도 있지. 동물이 통로로 잘 들어오도록 통로 쪽으로 이끄는 울타리를 함께 세우기도 해.
생태 통로를 만들 때는 동물의 습성을 잘 알아야 해. 고라니나 멧돼지 같은 큰 동물은 넓고 탁 트인 통로를 좋아하고, 작은 동물은 몸을 숨길 수 있는 덤불이 있는 통로를 좋아해. 통로 둘레에 그 지역에 원래 자라던 나무를 심으면 동물들이 더 자연스럽게 이용해. 통로에 무인 카메라를 달아 어떤 동물이 지나가는지 살펴보기도 해. 그 결과를 바탕으로 통로를 계속 고쳐 나가는 거야.
하지만 생태 통로가 모든 문제를 해결해 주지는 않아. 위치를 잘못 정하거나 사람이 자주 드나들면 동물들이 이용하지 않아. 가장 좋은 방법은 처음 도로를 계획할 때부터 동물이 다니는 길과 서식지를 고려하는 거야. 운전하는 사람들도 야생 동물 주의 표지판이 있는 곳에서는 속도를 줄여야 해. 사람의 길과 동물의 길이 함께 이어질 때 자연도 사람도 건강해질 수 있어.",서식지,생물이 자리를 잡고 사는 곳,습성,동물이 가지고 있는 행동의 특징,생태 통로,문제,도로에서 동물이 차에 치이는 로드킬,,1,서식지 단절,숲이 잘게 나뉘어 동물 {{무리}}가 작아짐,,2,생태 통로,끊어진 서식지를 이어 {{안전하게}} 오가는 길,육교형과 터널형,3,만들 때,작은 동물은 몸을 숨길 {{덤불}}이 있는 통로를 좋아함,무인 카메라로 살핌,4,어느 도로에 생태 통로를 만들었는데 동물들이 잘 이용하지 않았어. 글의 내용으로 볼 때 가장 먼저 살펴봐야 할 점은?,"통로가 동물의 습성에 맞는지, 사람이 자주 드나드는지",통로에 광고판이 있는지,통로의 색깔이 화려한지,도로의 차가 몇 대인지만 세면 된다,1,5,위치를 잘못 정하거나 사람이 자주 드나들면 동물들이 통로를 이용하지 않는다.,우리 지역에 새 도로를 만든다면 동물을 위해 어떤 점을 계획에 넣어야 할지 써 보세요.
환경심화-13,심화,환경,"미래를 위한 씨앗 금고, 종자 은행","미래를 위한 씨앗 금고, 종자 은행","은행은 돈을 안전하게 맡아 두는 곳이야. 그런데 돈 대신 씨앗을 맡아 두는 은행도 있어. 여러 식물의 씨앗을 모아 오랫동안 안전하게 보관하는 시설을 종자 은행이라고 해. 씨앗은 작지만 그 속에 한 식물이 다시 자랄 수 있는 모든 정보가 담겨 있어. 그래서 씨앗을 지키는 것은 식물 그 자체를 지키는 일과 같아.
종자 은행이 필요한 까닭은 식물이 빠르게 사라지고 있기 때문이야. 숲이 개발되고 기후가 바뀌면서 많은 야생 식물이 위기에 놓였어. 농작물도 마찬가지야. 예전에는 같은 벼라도 지역마다 서로 다른 품종이 수없이 많았어. 그런데 수확이 많은 몇몇 품종만 널리 심게 되면서 오래된 토종 품종들이 하나둘 사라졌어.
품종이 다양해야 하는 데에는 중요한 까닭이 있어. 어떤 품종은 가뭄에 강하고, 어떤 품종은 특정한 병에 강해. 지금 심는 품종이 새로운 병이나 기후 변화로 큰 피해를 입을 때, 사라진 옛 품종 속에 해결의 열쇠가 숨어 있을 수 있어. 과학자들은 보관된 씨앗을 이용해 새로운 환경에 맞는 품종을 만들어 낼 수 있어. 씨앗의 다양성은 미래의 식량을 지키는 보험인 셈이야.
씨앗을 오래 보관하려면 특별한 조건이 필요해. 씨앗을 잘 말려 물기를 줄이고, 아주 낮은 온도에서 보관하면 수십 년 넘게 싹을 틔우는 힘을 지킬 수 있어. 노르웨이의 북극 가까운 섬에는 산속 깊이 굴을 파서 만든 세계적인 씨앗 저장고가 있어. 우리나라에도 경상북도 봉화의 국립백두대간수목원에 야생 식물의 씨앗을 보관하는 지하 저장고가 있어. 이런 곳은 전쟁이나 큰 재해가 나도 씨앗이 살아남도록 튼튼하게 지어져.
하지만 씨앗을 금고에 넣어 두는 것만으로는 충분하지 않아. 보관한 씨앗은 정기적으로 꺼내 싹이 잘 트는지 확인하고, 새로 심어 다시 씨앗을 받아야 해. 또 식물이 원래 자라던 숲과 들을 지키는 일도 함께해야 해. 농부들이 토종 씨앗을 직접 심고 나누는 활동도 씨앗을 살아 있게 하는 소중한 방법이야. 작은 씨앗 한 톨이 먼 미래의 식탁을 지킬 수 있어.",품종,같은 작물 안에서 특징에 따라 나눈 갈래,재해,지진이나 홍수처럼 큰 피해를 주는 일,종자 은행,뜻,식물의 {{씨앗}}을 모아 안전하게 보관하는 시설,,1,필요한 까닭,수확이 많은 품종만 심어 {{토종}} 품종이 사라짐,,2,다양성,가뭄이나 병에 강한 옛 품종이 해결의 열쇠,미래 식량의 보험,3,보관 조건,잘 말려 아주 낮은 {{온도}}에서 보관,"노르웨이, 봉화",4,한 가지 밀 품종만 심던 지역에 새로운 병이 돌아 밀이 모두 시들었어. 글의 내용으로 볼 때 종자 은행이 도울 수 있는 일로 가장 알맞은 것은?,보관된 여러 품종 가운데 그 병에 강한 씨앗을 찾아 새 품종을 만든다,병든 밀을 그대로 다시 심는다,밀 농사를 영영 그만둔다,씨앗을 모두 불에 태운다,1,3,과학자들은 보관된 다양한 씨앗을 이용해 새로운 병이나 환경에 맞는 품종을 만들 수 있다.,"종자 은행에 꼭 보관하고 싶은 우리 지역 식물을 하나 정하고, 그 까닭을 써 보세요."
환경심화-14,심화,환경,"세계가 함께한 기후 약속, 파리 협정","세계가 함께한 기후 약속, 파리 협정","지구 온난화는 한 나라만의 문제가 아니야. 어느 나라에서 내보낸 온실가스든 지구 전체의 공기를 데우기 때문이야. 그래서 기후 문제를 풀려면 세계 여러 나라가 함께 약속하고 지켜야 해. 2015년 프랑스 파리에서 세계 여러 나라가 모여 새로운 기후 약속을 맺었어. 이것을 파리 협정이라고 해.
파리 협정의 가장 중요한 목표는 지구의 평균 기온 상승을 막는 거야. 산업이 크게 발달하기 전과 비교해 지구 평균 기온이 2도보다 훨씬 적게 오르도록 하고, 되도록 1.5도 아래로 묶어 두자고 약속했어. 숫자만 보면 작은 차이 같지만, 지구 전체의 평균 기온이 1도 오르는 것은 엄청난 변화야. 폭염, 가뭄, 홍수, 해수면 상승 같은 피해가 기온이 오를수록 훨씬 커지거든.
이전의 기후 약속은 주로 선진국에게만 온실가스를 줄일 의무를 주었어. 하지만 파리 협정에서는 선진국과 개발 도상국이 모두 참여하기로 했어. 각 나라는 스스로 얼마나 줄일지 목표를 정해 발표하고, 몇 년마다 그 목표를 더 높여 나가기로 했어. 나라마다 형편이 다르니 스스로 정하되, 서로 지켜보며 점점 더 노력하자는 방식이야.
파리 협정에는 공평함에 대한 고민도 담겨 있어. 지금까지 온실가스를 많이 내보낸 것은 일찍 산업이 발달한 나라들이야. 그런데 기후 변화의 피해는 오히려 가난한 나라와 작은 섬나라들이 크게 입고 있어. 그래서 선진국이 개발 도상국의 기후 변화 대응을 돈과 기술로 돕기로 했어. 책임과 능력에 따라 짐을 나누어 지자는 생각이야.
하지만 약속을 맺은 것만으로 문제가 해결되는 것은 아니야. 지금까지 각 나라가 발표한 목표를 모두 지켜도 1.5도 목표를 이루기에는 부족하다는 분석이 많아. 그래서 나라마다 목표를 더 높이고 실제로 실천하는 것이 중요해. 정부의 약속이 지켜지려면 기업과 시민의 노력도 함께해야 해. 파리 협정은 세계가 함께 걸어가야 할 길의 출발점이라고 할 수 있어.",협정,나라와 나라가 서로 의논해 맺은 약속,개발 도상국,산업과 경제가 발전하고 있는 중인 나라,파리 협정,맺은 때와 곳,2015년 프랑스 {{파리}},,1,목표,"기온 상승을 2도보다 훨씬 적게, 되도록 1.5도 아래로",,2,참여 방식,모든 나라가 스스로 {{목표}}를 정해 높여 감,,3,공평함,선진국이 개발 도상국을 돈과 {{기술}}로 도움,,4,"글의 내용으로 볼 때, 파리 협정이 이전의 기후 약속과 가장 크게 다른 점은?",선진국만 온실가스를 줄이기로 했다,선진국과 개발 도상국이 모두 참여해 스스로 목표를 정하고 높여 가기로 했다,온실가스를 늘리기로 했다,한 나라만 약속을 맺었다,2,3,파리 협정에서는 선진국과 개발 도상국이 모두 참여하고 각 나라가 스스로 목표를 정해 점점 높여 가기로 했다.,기후 변화의 책임과 피해가 나라마다 다르다는 점에 대해 공평한 해결 방법은 무엇일지 내 생각을 써 보세요.
환경심화-15,심화,환경,"초록빛으로 물든 강, 녹조 현상","초록빛으로 물든 강, 녹조 현상","여름철 강이나 호수가 진한 초록색 페인트를 풀어 놓은 것처럼 변할 때가 있어. 이것은 물속의 아주 작은 조류가 갑자기 많이 늘어나서 생긴 현상이야. 조류가 크게 불어나 물빛이 초록색으로 변하는 것을 녹조 현상이라고 해. 바다에서 비슷하게 붉은빛으로 변하는 것은 적조라고 불러. 녹조가 심한 물에서는 비린내 같은 냄새가 나기도 해.
녹조가 생기려면 몇 가지 조건이 함께 갖추어져야 해. 첫째는 물속의 영양분이 지나치게 많은 거야. 논밭에 뿌린 비료, 가축의 배설물, 집에서 흘려보낸 생활 하수에는 질소와 인이 많이 들어 있어. 이 물질들이 강으로 흘러들면 조류에게 풍부한 먹이가 돼. 물속에 영양분이 지나치게 많아지는 것을 부영양화라고 해.
둘째는 높은 수온과 강한 햇빛이야. 조류는 광합성을 하기 때문에 햇빛이 강하고 물이 따뜻한 여름에 빠르게 늘어나. 셋째는 물의 흐름이 느린 거야. 물이 빠르게 흐르면 조류가 한곳에 모이기 어렵지만, 댐이나 보로 막혀 물이 고여 있으면 조류가 쉽게 불어나. 그래서 비가 적게 오고 더운 날이 이어지는 해에 녹조가 특히 심해.
녹조는 물속 생태계에 큰 피해를 줘. 물 표면을 덮은 조류가 햇빛을 가려 물속 식물이 광합성을 하기 어려워져. 조류가 죽어 가라앉으면 세균이 그것을 분해하면서 물속의 산소를 많이 써 버려. 산소가 부족해진 물에서는 물고기가 숨을 쉬지 못해 떼로 죽기도 해. 어떤 조류는 독소를 만들어 내기 때문에 그 물을 마시는 가축이나 사람에게도 위험할 수 있어.
녹조를 막으려면 영양분이 강으로 흘러드는 것을 줄여야 해. 하수 처리장에서 질소와 인을 더 꼼꼼히 걸러 내고, 논밭에는 필요한 만큼만 비료를 주는 것이 좋아. 가축 배설물이 강으로 흘러가지 않게 관리하고, 강가에 풀과 나무를 심어 영양분을 걸러 내기도 해. 집에서도 음식 찌꺼기나 기름을 하수구에 버리지 않는 습관이 도움이 돼. 물이 건강하게 흐를 수 있도록 강 전체를 함께 돌보는 마음이 필요해.",생활 하수,집에서 쓰고 버리는 더러운 물,독소,생물에게 해를 주는 독이 있는 물질,녹조 현상,뜻,조류가 크게 불어나 물빛이 {{초록색}}으로 변함,바다의 적조,1,영양분,비료와 하수 속 질소와 {{인}},부영양화,2,다른 조건,"높은 수온과 강한 햇빛, 느린 {{흐름}}",,3,피해,산소가 부족해 물고기가 떼로 죽음,독소를 만드는 조류,4,"비가 거의 오지 않고 무더운 여름, 둘레에 논밭이 많고 댐으로 물이 막힌 호수가 있어. 글의 내용으로 볼 때 이 호수에서 녹조를 줄이는 방법으로 가장 알맞은 것은?",논밭에 비료를 더 많이 뿌린다,호수로 흘러드는 비료와 하수 속 영양분을 줄인다,호수에 음식 찌꺼기를 넣어 조류를 배부르게 한다,호숫가의 풀과 나무를 모두 없앤다,2,5,녹조를 막으려면 질소와 인 같은 영양분이 강과 호수로 흘러드는 것을 줄여야 한다.,"녹조를 줄이기 위해 농부, 공장, 가정이 각각 할 수 있는 일을 하나씩 써 보세요."